year,country,country_noc,gold,silver,bronze,total,season,Country Name,Country Code,Year,Adjusted savings: education expenditure (current US$),Current health expenditure per capita (current US$),GDP (current US$),GDP per capita (current US$),Human capital index (HCI) (scale 0-1),"Life expectancy at birth, total (years)","Population, total"
1896,United States,USA,11,7,2,20,Summer,,,,,,,,,,
1896,Greece,GRE,10,18,19,47,Summer,,,,,,,,,,
1896,Germany,GER,6,5,2,13,Summer,,,,,,,,,,
1896,France,FRA,5,4,2,11,Summer,,,,,,,,,,
1896,Great Britain,GBR,2,3,2,7,Summer,,,,,,,,,,
1896,Hungary,HUN,2,1,3,6,Summer,,,,,,,,,,
1896,Austria,AUT,2,1,2,5,Summer,,,,,,,,,,
1896,Australia,AUS,2,0,0,2,Summer,,,,,,,,,,
1896,Denmark,DEN,1,2,3,6,Summer,,,,,,,,,,
1896,Switzerland,SUI,1,2,0,3,Summer,,,,,,,,,,
1896,Mixed team,MIX,1,0,1,2,Summer,,,,,,,,,,
1900,France,FRA,31,41,40,112,Summer,,,,,,,,,,
1900,United States,USA,20,13,15,48,Summer,,,,,,,,,,
1900,Great Britain,GBR,20,8,9,37,Summer,,,,,,,,,,
1900,Belgium,BEL,6,6,6,18,Summer,,,,,,,,,,
1900,Switzerland,SUI,6,3,1,10,Summer,,,,,,,,,,
1900,Germany,GER,4,3,2,9,Summer,,,,,,,,,,
1900,Italy,ITA,3,2,0,5,Summer,,,,,,,,,,
1900,Denmark,DEN,1,3,2,6,Summer,,,,,,,,,,
1900,Mixed team,MIX,1,2,3,6,Summer,,,,,,,,,,
1900,Netherlands,NED,1,2,3,6,Summer,,,,,,,,,,
1900,Hungary,HUN,1,2,2,5,Summer,,,,,,,,,,
1900,Cuba,CUB,1,1,0,2,Summer,,,,,,,,,,
1900,Spain,ESP,1,0,0,1,Summer,,,,,,,,,,
1900,Austria,AUT,0,3,3,6,Summer,,,,,,,,,,
1900,Norway,NOR,0,2,3,5,Summer,,,,,,,,,,
1900,India,IND,0,2,0,2,Summer,,,,,,,,,,
1900,Bohemia,BOH,0,1,1,2,Summer,,,,,,,,,,
1900,Australia,AUS,0,0,3,3,Summer,,,,,,,,,,
1900,Sweden,SWE,0,0,1,1,Summer,,,,,,,,,,
1904,United States,USA,80,85,83,248,Summer,,,,,,,,,,
1904,Germany,GER,5,4,5,14,Summer,,,,,,,,,,
1904,Canada,CAN,4,1,1,6,Summer,,,,,,,,,,
1904,Cuba,CUB,3,0,0,3,Summer,,,,,,,,,,
1904,Hungary,HUN,2,1,1,4,Summer,,,,,,,,,,
1904,Great Britain,GBR,1,1,0,2,Summer,,,,,,,,,,
1904,Greece,GRE,1,0,1,2,Summer,,,,,,,,,,
1904,Mixed team,MIX,1,0,0,1,Summer,,,,,,,,,,
1908,Great Britain,GBR,56,51,39,146,Summer,,,,,,,,,,
1908,United States,USA,23,12,12,47,Summer,,,,,,,,,,
1908,Sweden,SWE,8,6,11,25,Summer,,,,,,,,,,
1908,France,FRA,5,5,9,19,Summer,,,,,,,,,,
1908,Germany,GER,3,5,5,13,Summer,,,,,,,,,,
1908,Hungary,HUN,3,4,2,9,Summer,,,,,,,,,,
1908,Canada,CAN,3,3,10,16,Summer,,,,,,,,,,
1908,Norway,NOR,2,3,3,8,Summer,,,,,,,,,,
1908,Italy,ITA,2,2,0,4,Summer,,,,,,,,,,
1908,Belgium,BEL,1,5,2,8,Summer,,,,,,,,,,
1908,Australasia,ANZ,1,2,2,5,Summer,,,,,,,,,,
1908,Russian Federation,RUS,1,2,0,3,Summer,,,,,,,,,,
1908,Finland,FIN,1,1,3,5,Summer,,,,,,,,,,
1908,South Africa,RSA,1,1,0,2,Summer,,,,,,,,,,
1908,Greece,GRE,0,3,1,4,Summer,,,,,,,,,,
1908,Denmark,DEN,0,2,3,5,Summer,,,,,,,,,,
1908,Bohemia,BOH,0,0,2,2,Summer,,,,,,,,,,
1908,Netherlands,NED,0,0,2,2,Summer,,,,,,,,,,
1908,Austria,AUT,0,0,1,1,Summer,,,,,,,,,,
1912,United States,USA,26,19,19,64,Summer,,,,,,,,,,
1912,Sweden,SWE,23,25,17,65,Summer,,,,,,,,,,
1912,Great Britain,GBR,10,15,16,41,Summer,,,,,,,,,,
1912,Finland,FIN,9,8,9,26,Summer,,,,,,,,,,
1912,France,FRA,7,5,3,15,Summer,,,,,,,,,,
1912,Germany,GER,6,13,7,26,Summer,,,,,,,,,,
1912,Italy,ITA,5,1,2,8,Summer,,,,,,,,,,
1912,South Africa,RSA,4,2,0,6,Summer,,,,,,,,,,
1912,Norway,NOR,3,2,5,10,Summer,,,,,,,,,,
1912,Canada,CAN,3,2,3,8,Summer,,,,,,,,,,
1912,Hungary,HUN,3,2,3,8,Summer,,,,,,,,,,
1912,Australasia,ANZ,2,2,3,7,Summer,,,,,,,,,,
1912,Belgium,BEL,2,1,3,6,Summer,,,,,,,,,,
1912,Denmark,DEN,1,6,5,12,Summer,,,,,,,,,,
1912,Greece,GRE,1,0,1,2,Summer,,,,,,,,,,
1912,Switzerland,SUI,1,0,0,1,Summer,,,,,,,,,,
1912,Russian Federation,RUS,0,2,3,5,Summer,,,,,,,,,,
1912,Austria,AUT,0,2,2,4,Summer,,,,,,,,,,
1912,Netherlands,NED,0,0,3,3,Summer,,,,,,,,,,
1920,United States,USA,41,27,27,95,Summer,,,,,,,,,,
1920,Sweden,SWE,19,20,25,64,Summer,,,,,,,,,,
1920,Belgium,BEL,16,12,14,42,Summer,,,,,,,,,,
1920,Finland,FIN,15,10,9,34,Summer,,,,,,,,,,
1920,Great Britain,GBR,14,16,13,43,Summer,,,,,,,,,,
1920,Italy,ITA,14,6,5,25,Summer,,,,,,,,,,
1920,Norway,NOR,13,10,9,32,Summer,,,,,,,,,,
1920,France,FRA,9,20,13,42,Summer,,,,,,,,,,
1920,Netherlands,NED,4,2,5,11,Summer,,,,,,,,,,
1920,Denmark,DEN,3,9,1,13,Summer,,,,,,,,,,
1920,South Africa,RSA,3,4,3,10,Summer,,,,,,,,,,
1920,Canada,CAN,3,3,3,9,Summer,,,,,,,,,,
1920,Switzerland,SUI,2,2,7,11,Summer,,,,,,,,,,
1920,Estonia,EST,1,2,0,3,Summer,,,,,,,,,,
1920,Brazil,BRA,1,1,1,3,Summer,,,,,,,,,,
1920,Australia,AUS,0,2,1,3,Summer,,,,,,,,,,
1920,Japan,JPN,0,2,0,2,Summer,,,,,,,,,,
1920,Spain,ESP,0,2,0,2,Summer,,,,,,,,,,
1920,Greece,GRE,0,1,0,1,Summer,,,,,,,,,,
1920,Luxembourg,LUX,0,1,0,1,Summer,,,,,,,,,,
1920,Czechoslovakia,TCH,0,0,2,2,Summer,,,,,,,,,,
1920,New Zealand,NZL,0,0,1,1,Summer,,,,,,,,,,
1924,United States,USA,45,27,27,99,Summer,,,,,,,,,,
1924,France,FRA,14,15,12,41,Summer,,,,,,,,,,
1924,Finland,FIN,14,13,10,37,Summer,,,,,,,,,,
1924,Great Britain,GBR,9,14,12,35,Summer,,,,,,,,,,
1924,Italy,ITA,8,3,5,16,Summer,,,,,,,,,,
1924,Switzerland,SUI,7,8,10,25,Summer,,,,,,,,,,
1924,Norway,NOR,5,2,3,10,Summer,,,,,,,,,,
1924,Sweden,SWE,4,13,12,29,Summer,,,,,,,,,,
1924,Netherlands,NED,4,1,6,11,Summer,,,,,,,,,,
1924,Belgium,BEL,3,7,3,13,Summer,,,,,,,,,,
1924,Australia,AUS,3,1,2,6,Summer,,,,,,,,,,
1924,Denmark,DEN,2,6,3,11,Summer,,,,,,,,,,
1924,Hungary,HUN,2,4,4,10,Summer,,,,,,,,,,
1924,Yugoslavia,YUG,2,0,0,2,Summer,,,,,,,,,,
1924,Czechoslovakia,TCH,1,4,5,10,Summer,,,,,,,,,,
1924,Argentina,ARG,1,3,2,6,Summer,,,,,,,,,,
1924,Estonia,EST,1,1,4,6,Summer,,,,,,,,,,
1924,South Africa,RSA,1,1,1,3,Summer,,,,,,,,,,
1924,Luxembourg,LUX,1,1,0,2,Summer,,,,,,,,,,
1924,Greece,GRE,1,0,0,1,Summer,,,,,,,,,,
1924,Uruguay,URU,1,0,0,1,Summer,,,,,,,,,,
1924,Austria,AUT,0,3,1,4,Summer,,,,,,,,,,
1924,Canada,CAN,0,3,1,4,Summer,,,,,,,,,,
1924,Ireland,IRL,0,1,1,2,Summer,,,,,,,,,,
1924,Poland,POL,0,1,1,2,Summer,,,,,,,,,,
1924,Haiti,HAI,0,0,1,1,Summer,,,,,,,,,,
1924,Japan,JPN,0,0,1,1,Summer,,,,,,,,,,
1924,Monaco,MON,0,0,1,1,Summer,,,,,,,,,,
1924,New Zealand,NZL,0,0,1,1,Summer,,,,,,,,,,
1924,Portugal,POR,0,0,1,1,Summer,,,,,,,,,,
1924,Romania,ROU,0,0,1,1,Summer,,,,,,,,,,
1928,United States,USA,22,18,16,56,Summer,,,,,,,,,,
1928,Germany,GER,11,9,19,39,Summer,,,,,,,,,,
1928,Netherlands,NED,8,10,5,23,Summer,,,,,,,,,,
1928,Finland,FIN,8,8,9,25,Summer,,,,,,,,,,
1928,France,FRA,7,12,6,25,Summer,,,,,,,,,,
1928,Sweden,SWE,7,6,12,25,Summer,,,,,,,,,,
1928,Italy,ITA,7,6,7,20,Summer,,,,,,,,,,
1928,Switzerland,SUI,7,6,4,17,Summer,,,,,,,,,,
1928,Hungary,HUN,5,5,0,10,Summer,,,,,,,,,,
1928,Great Britain,GBR,4,11,7,22,Summer,,,,,,,,,,
1928,Canada,CAN,4,4,7,15,Summer,,,,,,,,,,
1928,Argentina,ARG,3,3,1,7,Summer,,,,,,,,,,
1928,Denmark,DEN,3,2,4,9,Summer,,,,,,,,,,
1928,Austria,AUT,3,0,1,4,Summer,,,,,,,,,,
1928,Czechoslovakia,TCH,2,5,2,9,Summer,,,,,,,,,,
1928,Japan,JPN,2,2,1,5,Summer,,,,,,,,,,
1928,Poland,POL,2,1,4,7,Summer,,,,,,,,,,
1928,Estonia,EST,2,1,2,5,Summer,,,,,,,,,,
1928,Egypt,EGY,2,1,1,4,Summer,,,,,,,,,,
1928,Australia,AUS,1,2,1,4,Summer,,,,,,,,,,
1928,Norway,NOR,1,2,1,4,Summer,,,,,,,,,,
1928,Yugoslavia,YUG,1,1,3,5,Summer,,,,,,,,,,
1928,South Africa,RSA,1,0,2,3,Summer,,,,,,,,,,
1928,India,IND,1,0,0,1,Summer,,,,,,,,,,
1928,Ireland,IRL,1,0,0,1,Summer,,,,,,,,,,
1928,Luxembourg,LUX,1,0,0,1,Summer,,,,,,,,,,
1928,New Zealand,NZL,1,0,0,1,Summer,,,,,,,,,,
1928,Spain,ESP,1,0,0,1,Summer,,,,,,,,,,
1928,Uruguay,URU,1,0,0,1,Summer,,,,,,,,,,
1928,Belgium,BEL,0,1,2,3,Summer,,,,,,,,,,
1928,Chile,CHI,0,1,0,1,Summer,,,,,,,,,,
1928,Haiti,HAI,0,1,0,1,Summer,,,,,,,,,,
1928,Philippines,PHI,0,0,1,1,Summer,,,,,,,,,,
1928,Portugal,POR,0,0,1,1,Summer,,,,,,,,,,
1932,United States,USA,44,36,30,110,Summer,,,,,,,,,,
1932,Italy,ITA,12,12,12,36,Summer,,,,,,,,,,
1932,France,FRA,11,5,4,20,Summer,,,,,,,,,,
1932,Sweden,SWE,10,5,9,24,Summer,,,,,,,,,,
1932,Japan,JPN,7,7,4,18,Summer,,,,,,,,,,
1932,Hungary,HUN,6,5,5,16,Summer,,,,,,,,,,
1932,Germany,GER,5,12,7,24,Summer,,,,,,,,,,
1932,Finland,FIN,5,8,12,25,Summer,,,,,,,,,,
1932,Great Britain,GBR,5,7,5,17,Summer,,,,,,,,,,
1932,Poland,POL,3,2,4,9,Summer,,,,,,,,,,
1932,Australia,AUS,3,1,1,5,Summer,,,,,,,,,,
1932,Argentina,ARG,3,1,0,4,Summer,,,,,,,,,,
1932,Canada,CAN,2,5,9,16,Summer,,,,,,,,,,
1932,Netherlands,NED,2,5,1,8,Summer,,,,,,,,,,
1932,South Africa,RSA,2,0,3,5,Summer,,,,,,,,,,
1932,Ireland,IRL,2,0,0,2,Summer,,,,,,,,,,
1932,Czechoslovakia,TCH,1,3,2,6,Summer,,,,,,,,,,
1932,Austria,AUT,1,1,3,5,Summer,,,,,,,,,,
1932,India,IND,1,0,0,1,Summer,,,,,,,,,,
1932,Denmark,DEN,0,5,3,8,Summer,,,,,,,,,,
1932,Mexico,MEX,0,2,0,2,Summer,,,,,,,,,,
1932,Latvia,LAT,0,1,0,1,Summer,,,,,,,,,,
1932,New Zealand,NZL,0,1,0,1,Summer,,,,,,,,,,
1932,Switzerland,SUI,0,1,0,1,Summer,,,,,,,,,,
1932,Philippines,PHI,0,0,3,3,Summer,,,,,,,,,,
1932,Belgium,BEL,0,0,1,1,Summer,,,,,,,,,,
1932,Spain,ESP,0,0,1,1,Summer,,,,,,,,,,
1932,Uruguay,URU,0,0,1,1,Summer,,,,,,,,,,
1936,Germany,GER,38,31,32,101,Summer,,,,,,,,,,
1936,United States,USA,24,21,12,57,Summer,,,,,,,,,,
1936,Hungary,HUN,10,1,5,16,Summer,,,,,,,,,,
1936,Italy,ITA,9,13,5,27,Summer,,,,,,,,,,
1936,Finland,FIN,8,6,6,20,Summer,,,,,,,,,,
1936,France,FRA,7,6,6,19,Summer,,,,,,,,,,
1936,Sweden,SWE,6,5,10,21,Summer,,,,,,,,,,
1936,Japan,JPN,6,4,10,20,Summer,,,,,,,,,,
1936,Netherlands,NED,6,4,7,17,Summer,,,,,,,,,,
1936,Austria,AUT,5,7,5,17,Summer,,,,,,,,,,
1936,Switzerland,SUI,4,9,5,18,Summer,,,,,,,,,,
1936,Great Britain,GBR,4,7,3,14,Summer,,,,,,,,,,
1936,Czechoslovakia,TCH,3,5,1,9,Summer,,,,,,,,,,
1936,Argentina,ARG,2,2,3,7,Summer,,,,,,,,,,
1936,Estonia,EST,2,2,3,7,Summer,,,,,,,,,,
1936,Egypt,EGY,2,1,2,5,Summer,,,,,,,,,,
1936,Canada,CAN,1,3,5,9,Summer,,,,,,,,,,
1936,Norway,NOR,1,3,2,6,Summer,,,,,,,,,,
1936,Türkiye,TUR,1,0,1,2,Summer,,,,,,,,,,
1936,India,IND,1,0,0,1,Summer,,,,,,,,,,
1936,New Zealand,NZL,1,0,0,1,Summer,,,,,,,,,,
1936,Poland,POL,0,4,5,9,Summer,,,,,,,,,,
1936,Denmark,DEN,0,2,3,5,Summer,,,,,,,,,,
1936,Latvia,LAT,0,1,1,2,Summer,,,,,,,,,,
1936,Romania,ROU,0,1,0,1,Summer,,,,,,,,,,
1936,South Africa,RSA,0,1,0,1,Summer,,,,,,,,,,
1936,Yugoslavia,YUG,0,1,0,1,Summer,,,,,,,,,,
1936,Belgium,BEL,0,0,3,3,Summer,,,,,,,,,,
1936,Mexico,MEX,0,0,3,3,Summer,,,,,,,,,,
1936,Australia,AUS,0,0,1,1,Summer,,,,,,,,,,
1936,Philippines,PHI,0,0,1,1,Summer,,,,,,,,,,
1936,Portugal,POR,0,0,1,1,Summer,,,,,,,,,,
1948,United States,USA,38,27,19,84,Summer,,,,,,,,,,
1948,Sweden,SWE,17,11,18,46,Summer,,,,,,,,,,
1948,France,FRA,11,6,15,32,Summer,,,,,,,,,,
1948,Finland,FIN,10,8,6,24,Summer,,,,,,,,,,
1948,Hungary,HUN,10,5,13,28,Summer,,,,,,,,,,
1948,Italy,ITA,9,12,10,31,Summer,,,,,,,,,,
1948,Türkiye,TUR,6,4,2,12,Summer,,,,,,,,,,
1948,Czechoslovakia,TCH,6,2,3,11,Summer,,,,,,,,,,
1948,Switzerland,SUI,5,12,6,23,Summer,,,,,,,,,,
1948,Denmark,DEN,5,8,9,22,Summer,,,,,,,,,,
1948,Netherlands,NED,5,2,9,16,Summer,,,,,,,,,,
1948,Great Britain,GBR,4,16,7,27,Summer,,,,,,,,,,
1948,Argentina,ARG,3,3,1,7,Summer,,,,,,,,,,
1948,Australia,AUS,2,6,5,13,Summer,,,,,,,,,,
1948,Austria,AUT,2,2,4,8,Summer,,,,,,,,,,
1948,Belgium,BEL,2,2,3,7,Summer,,,,,,,,,,
1948,South Africa,RSA,2,2,2,6,Summer,,,,,,,,,,
1948,Egypt,EGY,2,2,1,5,Summer,,,,,,,,,,
1948,Mexico,MEX,2,1,2,5,Summer,,,,,,,,,,
1948,Norway,NOR,1,3,3,7,Summer,,,,,,,,,,
1948,Jamaica,JAM,1,2,0,3,Summer,,,,,,,,,,
1948,Poland,POL,1,0,1,2,Summer,,,,,,,,,,
1948,India,IND,1,0,0,1,Summer,,,,,,,,,,
1948,Peru,PER,1,0,0,1,Summer,,,,,,,,,,
1948,Canada,CAN,0,2,2,4,Summer,,,,,,,,,,
1948,Yugoslavia,YUG,0,2,0,2,Summer,,,,,,,,,,
1948,Portugal,POR,0,1,1,2,Summer,,,,,,,,,,
1948,Uruguay,URU,0,1,1,2,Summer,,,,,,,,,,
1948,Cuba,CUB,0,1,0,1,Summer,,,,,,,,,,
1948,Spain,ESP,0,1,0,1,Summer,,,,,,,,,,
1948,Sri Lanka,SRI,0,1,0,1,Summer,,,,,,,,,,
1948,Trinidad and Tobago,TTO,0,1,0,1,Summer,,,,,,,,,,
1948,Panama,PAN,0,0,2,2,Summer,,,,,,,,,,
1948,Republic of Korea,KOR,0,0,2,2,Summer,,,,,,,,,,
1948,Brazil,BRA,0,0,1,1,Summer,,,,,,,,,,
1948,Ireland,IRL,0,0,1,1,Summer,,,,,,,,,,
1948,Islamic Republic of Iran,IRI,0,0,1,1,Summer,,,,,,,,,,
1948,Puerto Rico,PUR,0,0,1,1,Summer,,,,,,,,,,
1952,United States,USA,40,19,17,76,Summer,,,,,,,,,,
1952,Soviet Union,URS,22,30,19,71,Summer,,,,,,,,,,
1952,Hungary,HUN,16,10,16,42,Summer,,,,,,,,,,
1952,Sweden,SWE,12,13,10,35,Summer,,,,,,,,,,
1952,Italy,ITA,8,9,4,21,Summer,,,,,,,,,,
1952,Czechoslovakia,TCH,7,3,3,13,Summer,,,,,,,,,,
1952,France,FRA,6,6,6,18,Summer,,,,,,,,,,
1952,Finland,FIN,6,3,13,22,Summer,,,,,,,,,,
1952,Australia,AUS,6,2,3,11,Summer,,,,,,,,,,
1952,Norway,NOR,3,2,0,5,Summer,,,,,,,,,,
1952,Switzerland,SUI,2,6,6,14,Summer,,,,,,,,,,
1952,South Africa,RSA,2,4,4,10,Summer,,,,,,,,,,
1952,Jamaica,JAM,2,3,0,5,Summer,,,,,,,,,,
1952,Belgium,BEL,2,2,0,4,Summer,,,,,,,,,,
1952,Denmark,DEN,2,1,3,6,Summer,,,,,,,,,,
1952,Türkiye,TUR,2,0,1,3,Summer,,,,,,,,,,
1952,Japan,JPN,1,6,2,9,Summer,,,,,,,,,,
1952,Great Britain,GBR,1,2,8,11,Summer,,,,,,,,,,
1952,Argentina,ARG,1,2,2,5,Summer,,,,,,,,,,
1952,Poland,POL,1,2,1,4,Summer,,,,,,,,,,
1952,Canada,CAN,1,2,0,3,Summer,,,,,,,,,,
1952,Yugoslavia,YUG,1,2,0,3,Summer,,,,,,,,,,
1952,Romania,ROU,1,1,2,4,Summer,,,,,,,,,,
1952,Brazil,BRA,1,0,2,3,Summer,,,,,,,,,,
1952,New Zealand,NZL,1,0,2,3,Summer,,,,,,,,,,
1952,India,IND,1,0,1,2,Summer,,,,,,,,,,
1952,Luxembourg,LUX,1,0,0,1,Summer,,,,,,,,,,
1952,Germany,GER,0,7,17,24,Summer,,,,,,,,,,
1952,Netherlands,NED,0,5,0,5,Summer,,,,,,,,,,
1952,Islamic Republic of Iran,IRI,0,3,4,7,Summer,,,,,,,,,,
1952,Chile,CHI,0,2,0,2,Summer,,,,,,,,,,
1952,Austria,AUT,0,1,1,2,Summer,,,,,,,,,,
1952,Lebanon,LBN,0,1,1,2,Summer,,,,,,,,,,
1952,Ireland,IRL,0,1,0,1,Summer,,,,,,,,,,
1952,Mexico,MEX,0,1,0,1,Summer,,,,,,,,,,
1952,Spain,ESP,0,1,0,1,Summer,,,,,,,,,,
1952,Republic of Korea,KOR,0,0,2,2,Summer,,,,,,,,,,
1952,Trinidad and Tobago,TTO,0,0,2,2,Summer,,,,,,,,,,
1952,Uruguay,URU,0,0,2,2,Summer,,,,,,,,,,
1952,Bulgaria,BUL,0,0,1,1,Summer,,,,,,,,,,
1952,Egypt,EGY,0,0,1,1,Summer,,,,,,,,,,
1952,Portugal,POR,0,0,1,1,Summer,,,,,,,,,,
1952,Venezuela,VEN,0,0,1,1,Summer,,,,,,,,,,
1956,Soviet Union,URS,37,29,32,98,Summer,,,,,,,,,,
1956,United States,USA,32,25,17,74,Summer,,,,,,,,,,
1956,Australia,AUS,13,8,14,35,Summer,,,,,,,,,,
1956,Hungary,HUN,9,10,7,26,Summer,,,,,,,,,,
1956,Italy,ITA,8,6,8,22,Summer,,,,,,,,,,
1956,Great Britain,GBR,5,7,9,21,Summer,,,,,,,,,,
1956,Sweden,SWE,5,5,6,16,Summer,,,,,,,,,,
1956,Romania,ROU,5,3,5,13,Summer,,,,,,,,,,
1956,Germany,GER,4,10,6,20,Summer,,,,,,,,,,
1956,Japan,JPN,4,10,5,19,Summer,,,,,,,,,,
1956,France,FRA,4,4,6,14,Summer,,,,,,,,,,
1956,Türkiye,TUR,3,2,2,7,Summer,,,,,,,,,,
1956,Finland,FIN,3,1,11,15,Summer,,,,,,,,,,
1956,Islamic Republic of Iran,IRI,2,2,1,5,Summer,,,,,,,,,,
1956,Canada,CAN,2,1,2,5,Summer,,,,,,,,,,
1956,New Zealand,NZL,2,0,0,2,Summer,,,,,,,,,,
1956,Poland,POL,1,4,4,9,Summer,,,,,,,,,,
1956,Czechoslovakia,TCH,1,4,1,6,Summer,,,,,,,,,,
1956,Bulgaria,BUL,1,3,1,5,Summer,,,,,,,,,,
1956,Ireland,IRL,1,1,3,5,Summer,,,,,,,,,,
1956,Denmark,DEN,1,1,1,3,Summer,,,,,,,,,,
1956,Norway,NOR,1,0,2,3,Summer,,,,,,,,,,
1956,Mexico,MEX,1,0,1,2,Summer,,,,,,,,,,
1956,Brazil,BRA,1,0,0,1,Summer,,,,,,,,,,
1956,India,IND,1,0,0,1,Summer,,,,,,,,,,
1956,Yugoslavia,YUG,0,3,0,3,Summer,,,,,,,,,,
1956,Chile,CHI,0,2,2,4,Summer,,,,,,,,,,
1956,Belgium,BEL,0,2,0,2,Summer,,,,,,,,,,
1956,Argentina,ARG,0,1,1,2,Summer,,,,,,,,,,
1956,Republic of Korea,KOR,0,1,1,2,Summer,,,,,,,,,,
1956,Iceland,ISL,0,1,0,1,Summer,,,,,,,,,,
1956,Pakistan,PAK,0,1,0,1,Summer,,,,,,,,,,
1956,South Africa,RSA,0,0,4,4,Summer,,,,,,,,,,
1956,Austria,AUT,0,0,2,2,Summer,,,,,,,,,,
1956,Greece,GRE,0,0,1,1,Summer,,,,,,,,,,
1956,The Bahamas,BAH,0,0,1,1,Summer,,,,,,,,,,
1956,Uruguay,URU,0,0,1,1,Summer,,,,,,,,,,
1960,Soviet Union,URS,43,29,31,103,Summer,,,,,,,,,,
1960,United States,USA,34,21,16,71,Summer,United States,USA,1960.0,,,541988586206.897,2999.86487154495,,69.7707317073171,180671000.0
1960,Italy,ITA,13,10,13,36,Summer,Italy,ITA,1960.0,,,42012422612.3955,836.905850281885,,69.1239024390244,50199700.0
1960,Germany,GER,12,19,11,42,Summer,Germany,GER,1960.0,,,84619845881.2608,1162.12266831735,,69.0640731707317,72814900.0
1960,Australia,AUS,8,8,6,22,Summer,Australia,AUS,1960.0,,,18607682977.2293,1810.7064295701,,70.8170731707317,10276477.0
1960,Türkiye,TUR,7,2,0,9,Summer,Turkiye,TUR,1960.0,,,7566666666.66667,267.091207552765,,50.74,28329898.0
1960,Hungary,HUN,6,8,7,21,Summer,Hungary,HUN,1960.0,,,,,,68.0031707317073,9983967.0
1960,Japan,JPN,4,7,7,18,Summer,Japan,JPN,1960.0,,,47419238274.4619,508.702779291773,,67.6956097560976,93216000.0
1960,Poland,POL,4,6,11,21,Summer,Poland,POL,1960.0,,,,,,67.6804878048781,29637450.0
1960,Czechoslovakia,TCH,3,2,3,8,Summer,,,,,,,,,,
1960,Romania,ROU,3,1,6,10,Summer,Romania,ROU,1960.0,,,,,,65.8605365853659,18406905.0
1960,Great Britain,GBR,2,6,12,20,Summer,United Kingdom,GBR,1960.0,,,73233967692.1028,1397.5948032844,,71.1268292682927,52400000.0
1960,Denmark,DEN,2,3,1,6,Summer,Denmark,DEN,1960.0,,,6361166544.50349,1389.0213943225,,72.1765853658537,4579603.0
1960,New Zealand,NZL,2,0,1,3,Summer,New Zealand,NZL,1960.0,,,5536098606.29231,2334.13382506632,,71.2365853658537,2371800.0
1960,Bulgaria,BUL,1,3,3,7,Summer,Bulgaria,BUL,1960.0,,,,,,69.2475609756098,7867374.0
1960,Sweden,SWE,1,2,3,6,Summer,Sweden,SWE,1960.0,,,15930258332.069,2128.38884406565,,73.0056097560976,7484656.0
1960,Finland,FIN,1,1,3,5,Summer,Finland,FIN,1960.0,,,5279481824.12983,1191.85508873415,,68.819756097561,4429634.0
1960,Austria,AUT,1,1,0,2,Summer,Austria,AUT,1960.0,,,6624086313.14334,939.914814681174,,68.5856097560976,7047539.0
1960,Yugoslavia,YUG,1,1,0,2,Summer,,,,,,,,,,
1960,Pakistan,PAK,1,0,1,2,Summer,Pakistan,PAK,1960.0,,,3749265014.69971,82.0241000071912,,44.932,45709310.0
1960,Ethiopia,ETH,1,0,0,1,Summer,Ethiopia,ETH,1960.0,,,1610511693.84215,75.3396090705961,,40.33,21376693.0
1960,Greece,GRE,1,0,0,1,Summer,Greece,GRE,1960.0,,,4274890306.82895,513.085862390915,,69.3,8331725.0
1960,Norway,NOR,1,0,0,1,Summer,Norway,NOR,1960.0,,,5197398721.41367,1451.2850779894,,73.549756097561,3581239.0
1960,Switzerland,SUI,0,3,3,6,Summer,Switzerland,SUI,1960.0,,,10412232620.5258,1954.3113206427,,71.3134146341463,5327827.0
1960,France,FRA,0,2,3,5,Summer,France,FRA,1960.0,,,61756878990.3,1302.53149729892,,69.8682926829268,47412964.0
1960,Belgium,BEL,0,2,2,4,Summer,Belgium,BEL,1960.0,,,11810619368.3874,1290.28607216192,,69.7019512195122,9153489.0
1960,Islamic Republic of Iran,IRI,0,1,3,4,Summer,"Iran, Islamic Rep.",IRI,1960.0,,,4199134389.90099,195.577527212584,,43.957,21470434.0
1960,Netherlands,NED,0,1,2,3,Summer,Netherlands,NED,1960.0,,,13282979014.563,1156.38597727767,,73.3926829268293,11486631.0
1960,South Africa,RSA,0,1,2,3,Summer,South Africa,RSA,1960.0,,,8748596500.5614,532.147504330332,,52.669,16440172.0
1960,Argentina,ARG,0,1,1,2,Summer,Argentina,ARG,1960.0,,,,,,63.978,20386045.0
1960,United Arab Republic,UAR,0,1,1,2,Summer,,,,,,,,,,
1960,Canada,CAN,0,1,0,1,Summer,Canada,CAN,1960.0,,,40563768946.9503,2264.94849658191,,71.1331707317073,17909356.0
1960,Chinese Taipei,TPE,0,1,0,1,Summer,,,,,,,,,,
1960,Ghana,GHA,0,1,0,1,Summer,Ghana,GHA,1960.0,,,1217230094.97205,174.858856531804,,47.096,6961215.0
1960,India,IND,0,1,0,1,Summer,India,IND,1960.0,,,37029883876.1839,84.9328084793106,,45.218,435990338.0
1960,Morocco,MAR,0,1,0,1,Summer,Morocco,MAR,1960.0,,,2037154741.93211,174.784133911133,,42.017,11624933.0
1960,Portugal,POR,0,1,0,1,Summer,Portugal,POR,1960.0,,,3339150157.85605,376.976430250874,,64.0074634146342,8857716.0
1960,Singapore,SGP,0,1,0,1,Summer,Singapore,SGP,1960.0,,,704751700.302494,428.056183371291,,64.6946829268293,1646400.0
1960,Brazil,BRA,0,0,2,2,Summer,Brazil,BRA,1960.0,,,17030465539.3906,235.266009502589,,52.66,72388126.0
1960,West Indies Federation,WIF,0,0,2,2,Summer,,,,,,,,,,
1960,Iraq,IRQ,0,0,1,1,Summer,Iraq,IRQ,1960.0,,,1537252193.09912,218.917802531101,,52.618,7022052.0
1960,Mexico,MEX,0,0,1,1,Summer,Mexico,MEX,1960.0,,,13040000000.0,355.075199563018,,55.017,36724615.0
1960,Spain,ESP,0,0,1,1,Summer,Spain,ESP,1960.0,,,12424514013.7604,407.96302786933,,69.1092682926829,30455000.0
1960,Venezuela,VEN,0,0,1,1,Summer,"Venezuela, RB",VEN,1960.0,,,7663938303.07172,939.19776657754,,58.647,8160090.0
1964,United States,USA,36,26,28,90,Summer,United States,USA,1964.0,,,684144620689.655,3565.31443016356,,70.1658536585366,191889000.0
1964,Soviet Union,URS,30,31,35,96,Summer,,,,,,,,,,
1964,Japan,JPN,16,5,8,29,Summer,Japan,JPN,1964.0,,,87490590817.9803,902.867721515126,,70.2065853658537,96903000.0
1964,Germany,GER,10,22,18,50,Summer,Germany,GER,1964.0,,,123330404665.086,1637.45522773672,,70.4355609756098,75318337.0
1964,Italy,ITA,10,10,7,27,Summer,Italy,ITA,1964.0,,,65720771779.4768,1271.80119301518,,70.3117073170732,51675350.0
1964,Hungary,HUN,10,7,5,22,Summer,Hungary,HUN,1964.0,,,,,,69.3809756097561,10119835.0
1964,Poland,POL,7,6,10,23,Summer,Poland,POL,1964.0,,,,,,68.6292682926829,31139450.0
1964,Australia,AUS,6,2,10,18,Summer,Australia,AUS,1964.0,,,23801123808.1798,2131.38029982805,,70.8809756097561,11167000.0
1964,Czechoslovakia,TCH,5,6,3,14,Summer,,,,,,,,,,
1964,Great Britain,GBR,4,12,2,18,Summer,United Kingdom,GBR,1964.0,,,94407558351.1616,1748.2881176141,,71.6243902439024,54000000.0
1964,Bulgaria,BUL,3,5,2,10,Summer,Bulgaria,BUL,1964.0,,,,,,71.1212195121951,8144340.0
1964,Finland,FIN,3,0,2,5,Summer,Finland,FIN,1964.0,,,7848987792.54261,1725.60483489826,,69.2209756097561,4548543.0
1964,New Zealand,NZL,3,0,2,5,Summer,New Zealand,NZL,1964.0,,,7340766740.94114,2839.31567298721,,71.3292682926829,2585400.0
1964,Romania,ROU,2,4,6,12,Summer,Romania,ROU,1964.0,,,,,,67.8451219512195,18919126.0
1964,Netherlands,NED,2,4,4,10,Summer,Netherlands,NED,1964.0,,,20232048552.8327,1668.33086114697,,73.7041463414634,12127120.0
1964,Türkiye,TUR,2,3,1,6,Summer,Turkiye,TUR,1964.0,,,11177777777.7778,354.365541117168,,53.714,31543072.0
1964,Sweden,SWE,2,2,4,8,Summer,Sweden,SWE,1964.0,,,22685750575.2235,2961.06283239536,,73.7331707317073,7661354.0
1964,Denmark,DEN,2,1,3,6,Summer,Denmark,DEN,1964.0,,,9677401337.17309,2049.39724281483,,72.4851219512195,4722072.0
1964,Yugoslavia,YUG,2,1,2,5,Summer,,,,,,,,,,
1964,Belgium,BEL,2,0,1,3,Summer,Belgium,BEL,1964.0,,,16168044450.2523,1724.01894179056,,70.7551219512195,9378113.0
1964,France,FRA,1,8,6,15,Summer,France,FRA,1964.0,,,93079224076.2648,1884.13791381574,,70.6634146341463,49401492.0
1964,Canada,CAN,1,2,1,4,Summer,Canada,CAN,1964.0,,,49503663836.3665,2561.63849088572,,71.7763414634146,19325000.0
1964,Switzerland,SUI,1,2,1,4,Summer,Switzerland,SUI,1964.0,,,15833133857.6281,2734.93009044177,,72.0778048780488,5789228.0
1964,Ethiopia,ETH,1,0,0,1,Summer,Ethiopia,ETH,1964.0,,,1984129185.6,83.8368648270969,,42.275,23666548.0
1964,India,IND,1,0,0,1,Summer,India,IND,1964.0,,,56480289940.9899,117.856430772855,,46.184,479229598.0
1964,The Bahamas,BAH,1,0,0,1,Summer,"Bahamas, The",BAH,1964.0,,,266559990.40384,1883.44349106778,,64.05,141528.0
1964,Republic of Korea,KOR,0,2,1,3,Summer,"Korea, Rep.",KOR,1964.0,,,3459019942.79079,123.606374492665,,57.1747804878049,27984155.0
1964,Trinidad and Tobago,TTO,0,1,2,3,Summer,Trinidad and Tobago,TTO,1964.0,,,711897519.959574,779.766014569675,,63.843,912963.0
1964,Tunisia,TUN,0,1,1,2,Summer,Tunisia,TUN,1964.0,,,1025866792.15686,228.484793689273,,47.365,4489869.0
1964,Argentina,ARG,0,1,0,1,Summer,Argentina,ARG,1964.0,,,25605249381.7597,1176.20086190313,,64.363,21769453.0
1964,Cuba,CUB,0,1,0,1,Summer,Cuba,CUB,1964.0,,,,,,65.905,7866020.0
1964,Pakistan,PAK,0,1,0,1,Summer,Pakistan,PAK,1964.0,,,5204955900.88198,102.45976384531,,48.595,50799999.0
1964,Philippines,PHI,0,1,0,1,Summer,Philippines,PHI,1964.0,,,5953756194.80988,188.153783582113,,60.541,31643032.0
1964,Islamic Republic of Iran,IRI,0,0,2,2,Summer,"Iran, Islamic Rep.",IRI,1964.0,,,5379845647.69637,221.731727810658,,46.196,24262859.0
1964,Brazil,BRA,0,0,1,1,Summer,Brazil,BRA,1964.0,,,20963733694.9749,257.259726897671,,54.648,81488595.0
1964,Ghana,GHA,0,0,1,1,Summer,Ghana,GHA,1964.0,,,1731296199.52296,224.968154393354,,47.719,7695739.0
1964,Ireland,IRL,0,0,1,1,Summer,Ireland,IRL,1964.0,,,2851091646.43165,994.607331611746,,70.4899268292683,2866550.0
1964,Kenya,KEN,0,0,1,1,Summer,Kenya,KEN,1964.0,,,998759334.496266,111.300544823892,,51.328,8973535.0
1964,Mexico,MEX,0,0,1,1,Summer,Mexico,MEX,1964.0,,,20080000000.0,480.704214437745,,57.947,41772049.0
1964,Nigeria,NGR,0,0,1,1,Summer,Nigeria,NGR,1964.0,,,5552931318.82747,113.297345671875,,38.415,49012016.0
1964,Uruguay,URU,0,0,1,1,Summer,Uruguay,URU,1964.0,,,1975701816.46615,744.654270146069,,68.179,2653180.0
1968,United States,USA,45,28,34,107,Summer,United States,USA,1968.0,,,940225000000.0,4684.58840293763,,69.9512195121951,200706000.0
1968,Soviet Union,URS,29,32,30,91,Summer,,,,,,,,,,
1968,Japan,JPN,11,7,7,25,Summer,Japan,JPN,1968.0,,,156897496759.128,1553.27139379996,,71.6109756097561,101011000.0
1968,Hungary,HUN,10,10,12,32,Summer,Hungary,HUN,1968.0,,,4870283626.18043,474.880214413036,,69.230243902439,10255815.0
1968,East Germany,GDR,9,9,7,25,Summer,,,,,,,,,,
1968,France,FRA,7,3,5,15,Summer,France,FRA,1968.0,,,128427504709.055,2512.62017415254,,71.309756097561,51112980.0
1968,Czechoslovakia,TCH,7,2,4,13,Summer,,,,,,,,,,
1968,West Germany,FRG,5,11,10,26,Summer,,,,,,,,,,
1968,Australia,AUS,5,7,5,17,Summer,Australia,AUS,1968.0,,,32714085234.2536,2724.1306715175,,70.9190243902439,12009000.0
1968,Great Britain,GBR,5,5,3,13,Summer,United Kingdom,GBR,1968.0,,,107759910067.889,1951.75859587532,,71.7243902439025,55211700.0
1968,Poland,POL,5,2,11,18,Summer,Poland,POL,1968.0,,,,,,70.219512195122,32294655.0
1968,Romania,ROU,4,6,5,15,Summer,Romania,ROU,1968.0,,,,,,67.5603658536585,19799831.0
1968,Italy,ITA,3,4,9,16,Summer,Italy,ITA,1968.0,,,91485448147.84,1718.49646427147,,70.78,53235750.0
1968,Kenya,KEN,3,4,2,9,Summer,Kenya,KEN,1968.0,,,1353295458.68182,128.654646882243,,52.781,10518823.0
1968,Mexico,MEX,3,3,3,9,Summer,Mexico,MEX,1968.0,,,29360000000.0,615.922912128842,,59.835,47668303.0
1968,Yugoslavia,YUG,3,3,2,8,Summer,,,,,,,,,,
1968,Netherlands,NED,3,3,1,7,Summer,Netherlands,NED,1968.0,,,30097635750.982,2364.3594192663,,73.6126829268293,12729721.0
1968,Bulgaria,BUL,2,4,3,9,Summer,Bulgaria,BUL,1968.0,,,,,,71.2251219512195,8369603.0
1968,Islamic Republic of Iran,IRI,2,1,2,5,Summer,"Iran, Islamic Rep.",IRI,1968.0,,,8623172959.89439,314.285456656371,,48.136,27437391.0
1968,Sweden,SWE,2,1,1,4,Summer,Sweden,SWE,1968.0,,,31278230633.5785,3953.12834043751,,73.9729268292683,7912273.0
1968,Türkiye,TUR,2,0,0,2,Summer,Turkiye,TUR,1968.0,,,17500000000.0,501.12130904111,,55.835,34921684.0
1968,Denmark,DEN,1,4,3,8,Summer,Denmark,DEN,1968.0,,,13505574133.3333,2776.13544525805,,73.1214634146341,4864883.0
1968,Canada,CAN,1,3,1,5,Summer,Canada,CAN,1968.0,,,72048833006.1602,3473.23722551871,,72.3534146341463,20744000.0
1968,Finland,FIN,1,2,1,4,Summer,Finland,FIN,1968.0,,,8916565040.54632,1927.29380452918,,69.6163414634146,4626469.0
1968,Ethiopia,ETH,1,1,0,2,Summer,Ethiopia,ETH,1968.0,,,2619948864.8,99.4743651000667,,42.844,26337930.0
1968,Norway,NOR,1,1,0,2,Summer,Norway,NOR,1968.0,,,10227087165.2414,2679.71300438189,,73.9419512195122,3816486.0
1968,New Zealand,NZL,1,0,2,3,Summer,New Zealand,NZL,1968.0,,,5228045647.393,1902.4219087344,,71.1243902439025,2748100.0
1968,Tunisia,TUN,1,0,1,2,Summer,Tunisia,TUN,1968.0,,,1214666666.66667,248.91225549272,,51.573,4879899.0
1968,Pakistan,PAK,1,0,0,1,Summer,Pakistan,PAK,1968.0,,,8041999160.0168,141.558306459346,,52.898,56810507.0
1968,Venezuela,VEN,1,0,0,1,Summer,"Venezuela, RB",VEN,1968.0,,,10034444444.4444,938.015078662499,,62.928,10697530.0
1968,Cuba,CUB,0,4,0,4,Summer,Cuba,CUB,1968.0,,,,,,67.511,8509522.0
1968,Austria,AUT,0,2,2,4,Summer,Austria,AUT,1968.0,,,12499863917.1003,1685.66211669148,,70.0575609756098,7415403.0
1968,Switzerland,SUI,0,1,4,5,Summer,Switzerland,SUI,1968.0,,,20712102793.8026,3413.49358157003,,72.590243902439,6067714.0
1968,Mongolia,MGL,0,1,3,4,Summer,Mongolia,MGL,1968.0,,,,,,51.457,1229930.0
1968,Brazil,BRA,0,1,2,3,Summer,Brazil,BRA,1968.0,,,33930457425.2613,373.925432639683,,56.31,90741240.0
1968,Belgium,BEL,0,1,1,2,Summer,Belgium,BEL,1968.0,,,21654856965.4281,2251.31575906782,,70.6931707317073,9618756.0
1968,Republic of Korea,KOR,0,1,1,2,Summer,"Korea, Rep.",KOR,1968.0,,,6119394892.37109,198.434884397043,,61.559,30838302.0
1968,Uganda,UGA,0,1,1,2,Summer,Uganda,UGA,1968.0,,,1037379252.41495,106.851228104531,,49.213,9708632.0
1968,Cameroon,CMR,0,1,0,1,Summer,Cameroon,CMR,1968.0,,,1046191217.79942,170.782666507465,,45.978,6125863.0
1968,Jamaica,JAM,0,1,0,1,Summer,Jamaica,JAM,1968.0,,,1083839132.92869,591.045817173244,,66.265,1833765.0
1968,Argentina,ARG,0,0,2,2,Summer,Argentina,ARG,1968.0,,,26436857247.4982,1141.95211617341,,64.89,23150583.0
1968,Chinese Taipei,TPE,0,0,1,1,Summer,,,,,,,,,,
1968,Greece,GRE,0,0,1,1,Summer,Greece,GRE,1968.0,,,9950331205.83108,1138.38219032671,,71.4301951219512,8740765.0
1968,India,IND,0,0,1,1,Summer,India,IND,1968.0,,,53085455870.6667,101.556802521195,,47.471,522716889.0
1972,Soviet Union,URS,50,27,22,99,Summer,,,,,,,,,,
1972,United States,USA,33,31,30,94,Summer,United States,USA,1972.0,88354983000.0,,1279110000000.0,6094.01798986165,,71.1560975609756,209896000.0
1972,East Germany,GDR,20,23,23,66,Summer,,,,,,,,,,
1972,West Germany,FRG,13,11,16,40,Summer,,,,,,,,,,
1972,Japan,JPN,13,8,8,29,Summer,Japan,JPN,1972.0,9233171134.98422,,324933841268.585,3031.43860570759,,73.1536585365854,107188000.0
1972,Australia,AUS,8,7,2,17,Summer,Australia,AUS,1972.0,2581218502.12383,,52042056074.7664,3949.46164337606,,71.4575609756098,13177000.0
1972,Poland,POL,7,5,9,21,Summer,Poland,POL,1972.0,,,,,,70.6658536585366,33055650.0
1972,Hungary,HUN,6,13,16,35,Summer,Hungary,HUN,1972.0,,,7355242314.22407,707.33760589871,,69.6646341463415,10398489.0
1972,Bulgaria,BUL,6,10,5,21,Summer,Bulgaria,BUL,1972.0,,,,,,70.899512195122,8576200.0
1972,Italy,ITA,5,3,10,18,Summer,Italy,ITA,1972.0,4251111636.78619,,145594833997.344,2677.29372999774,,72.0753658536586,54381345.0
1972,Sweden,SWE,4,6,6,16,Summer,Sweden,SWE,1972.0,2802224658.57551,,48883734671.5941,6018.45963232017,,74.7180487804878,8122300.0
1972,Great Britain,GBR,4,5,9,18,Summer,United Kingdom,GBR,1972.0,8269353746.25376,,169965034965.035,3030.43251411977,,72.1243902439024,56086065.0
1972,Romania,ROU,3,6,7,16,Summer,Romania,ROU,1972.0,,,,,,68.470243902439,20657957.0
1972,Cuba,CUB,3,1,4,8,Summer,Cuba,CUB,1972.0,514283278.972987,,8135150891.92025,891.631749208781,,69.462,9123891.0
1972,Finland,FIN,3,1,4,8,Summer,Finland,FIN,1972.0,668861442.500715,,14744499569.8308,3177.9287929756,,70.7073170731707,4639657.0
1972,Netherlands,NED,3,1,1,5,Summer,Netherlands,NED,1972.0,3157787419.66493,,54787070173.0294,4110.49164551948,,73.7270731707317,13328593.0
1972,France,FRA,2,4,7,13,Summer,France,FRA,1972.0,6129089726.91807,,201621751625.488,3806.8878889279,,72.1073170731707,52962356.0
1972,Czechoslovakia,TCH,2,4,2,8,Summer,,,,,,,,,,
1972,Kenya,KEN,2,3,4,9,Summer,Kenya,KEN,1972.0,87075796.7938719,,2107279157.08834,172.642044778441,,55.012,12206060.0
1972,Yugoslavia,YUG,2,1,2,5,Summer,,,,,,,,,,
1972,Norway,NOR,2,1,1,4,Summer,Norway,NOR,1972.0,809172330.378557,,17358610849.701,4413.57569168528,,74.3446341463415,3933004.0
1972,Democratic People's Republic of Korea,PRK,1,1,3,5,Summer,"Korea, Dem. People's Rep.",PRK,1972.0,,,,,,61.807,15975069.0
1972,New Zealand,NZL,1,1,1,3,Summer,New Zealand,NZL,1972.0,385782693.242586,,9567331064.65727,3294.64894268304,,71.8292682926829,2903900.0
1972,Uganda,UGA,1,1,0,2,Summer,Uganda,UGA,1972.0,38685613.7455546,,1490970180.59639,136.964736487473,,46.967,10885796.0
1972,Denmark,DEN,1,0,0,1,Summer,Denmark,DEN,1972.0,1210904673.85205,,23230667549.2496,4653.95587889115,,73.4390243902439,4991596.0
1972,Switzerland,SUI,0,3,0,3,Summer,Switzerland,SUI,1972.0,,,36844318854.2403,5884.77524107186,,73.6443902439024,6260956.0
1972,Canada,CAN,0,2,3,5,Summer,Canada,CAN,1972.0,7614172676.02786,,113463848873.624,5106.73708049128,,72.9339024390244,22218463.0
1972,Islamic Republic of Iran,IRI,0,2,1,3,Summer,"Iran, Islamic Rep.",IRI,1972.0,398925483.310106,,17153463263.1023,554.748034125811,,51.659,30921179.0
1972,Belgium,BEL,0,2,0,2,Summer,Belgium,BEL,1972.0,1583632961.23179,,37209418018.5134,3831.63189999433,,71.4051219512195,9711115.0
1972,Greece,GRE,0,2,0,2,Summer,Greece,GRE,1972.0,,,16650659090.9091,1873.25412773592,,72.7826829268293,8888628.0
1972,Austria,AUT,0,1,2,3,Summer,Austria,AUT,1972.0,775330046.431336,,21973207929.0434,2912.59577111524,,70.4634146341463,7544201.0
1972,Colombia,COL,0,1,2,3,Summer,Colombia,COL,1972.0,147385831.892374,,8671358732.68486,397.41211740514,,62.569,21819563.0
1972,Argentina,ARG,0,1,0,1,Summer,Argentina,ARG,1972.0,615591003.967279,,34733000536.2862,1409.37097316211,,65.923,24644328.0
1972,Lebanon,LBN,0,1,0,1,Summer,Lebanon,LBN,1972.0,,,,,,66.907,2509729.0
1972,Mexico,MEX,0,1,0,1,Summer,Mexico,MEX,1972.0,1333062199.25216,,45200000000.0,836.569673446138,,61.614,54030168.0
1972,Mongolia,MGL,0,1,0,1,Summer,Mongolia,MGL,1972.0,,,,,,54.016,1366821.0
1972,Pakistan,PAK,0,1,0,1,Summer,Pakistan,PAK,1972.0,111363567.820906,,9415016359.56604,148.073976270617,,55.239,63583194.0
1972,Republic of Korea,KOR,0,1,0,1,Summer,"Korea, Rep.",KOR,1972.0,293921962.890377,,10862211760.8252,324.192811178745,,63.009756097561,33505406.0
1972,Tunisia,TUN,0,1,0,1,Summer,Tunisia,TUN,1972.0,100020680.659191,,2237556148.51085,414.626612581104,,56.107,5396557.0
1972,Türkiye,TUR,0,1,0,1,Summer,Turkiye,TUR,1972.0,376278713.112676,,20650000000.0,537.337529232528,,58.069,38430221.0
1972,Brazil,BRA,0,0,2,2,Summer,Brazil,BRA,1972.0,2090295462.24118,,58434858374.8696,583.492034946156,,58.032,100146797.0
1972,Ethiopia,ETH,0,0,2,2,Summer,Ethiopia,ETH,1972.0,,,3520252938.26087,119.839997124757,,41.55,29374608.0
1972,Ghana,GHA,0,0,1,1,Summer,Ghana,GHA,1972.0,83411184.2722344,,2112293279.98507,223.80286383233,,48.026,9438187.0
1972,India,IND,0,0,1,1,Summer,India,IND,1972.0,1705740924.31635,,71464700666.9869,125.270705961882,,49.025,570482142.0
1972,Jamaica,JAM,0,0,1,1,Summer,Jamaica,JAM,1972.0,57108664.4951142,,1875146587.4443,970.802906405502,,67.102,1931542.0
1972,Niger,NIG,0,0,1,1,Summer,Niger,NIG,1972.0,14743918.3836932,,742779660.818693,151.437947747318,,35.632,4904845.0
1972,Nigeria,NGR,0,0,1,1,Summer,Nigeria,NGR,1972.0,376129960.61446,,12274416017.7976,209.454776294345,,41.273,58601748.0
1972,Spain,ESP,0,0,1,1,Summer,Spain,ESP,1972.0,878332319.440849,,59090176028.993,1707.58800052655,,72.8180487804878,34604469.0
1976,Soviet Union,URS,49,41,35,125,Summer,,,,,,,,,,
1976,East Germany,GDR,40,25,25,90,Summer,,,,,,,,,,
1976,United States,USA,34,35,25,94,Summer,United States,USA,1976.0,130872210000.0,,1873412000000.0,8592.25353727612,,72.8560975609756,218035000.0
1976,West Germany,FRG,10,12,17,39,Summer,,,,,,,,,,
1976,Japan,JPN,9,6,10,25,Summer,Japan,JPN,1976.0,21104002512.2027,,598883902155.605,5310.43140904992,,74.6865853658537,112775000.0
1976,Poland,POL,7,6,13,26,Summer,Poland,POL,1976.0,,,,,,70.6560975609756,34356300.0
1976,Bulgaria,BUL,6,9,7,22,Summer,Bulgaria,BUL,1976.0,,,,,,71.3948780487805,8758599.0
1976,Cuba,CUB,6,4,3,13,Summer,Cuba,CUB,1976.0,871738578.46649,,13789579902.5579,1440.73046137146,,71.524,9571242.0
1976,Romania,ROU,4,9,14,27,Summer,Romania,ROU,1976.0,,,,,,69.6987804878049,21551634.0
1976,Hungary,HUN,4,5,13,22,Summer,Hungary,HUN,1976.0,,,13192437321.2442,1244.72491436848,,69.5731707317073,10598677.0
1976,Finland,FIN,4,2,0,6,Summer,Finland,FIN,1976.0,1630770632.40498,,31852352669.6415,6740.29145314637,,71.8129268292683,4725664.0
1976,Sweden,SWE,4,1,0,5,Summer,Sweden,SWE,1976.0,4848601813.63209,,89233541403.6135,10852.6438272293,,74.9692682926829,8222286.0
1976,Great Britain,GBR,3,5,5,13,Summer,United Kingdom,GBR,1976.0,14913046192.2731,,232614555256.065,4138.16778761535,,72.7756097560976,56211968.0
1976,Italy,ITA,2,7,4,13,Summer,Italy,ITA,1976.0,8102498311.23516,,225235205861.828,4042.39482463789,,72.9919512195122,55718260.0
1976,France,FRA,2,3,4,9,Summer,France,FRA,1976.0,14562041791.8601,,368488292816.171,6794.61739337861,,73.1024390243903,54232383.0
1976,Yugoslavia,YUG,2,3,3,8,Summer,,,,,,,,,,
1976,Czechoslovakia,TCH,2,2,4,8,Summer,,,,,,,,,,
1976,New Zealand,NZL,2,1,1,4,Summer,New Zealand,NZL,1976.0,592970576.77319,,13604832424.0062,4373.84099791231,,72.4219512195122,3110500.0
1976,Republic of Korea,KOR,1,1,4,6,Summer,"Korea, Rep.",KOR,1976.0,744251033.05785,,29902479338.843,834.134207951691,,64.5024390243902,35848523.0
1976,Switzerland,SUI,1,1,2,4,Summer,Switzerland,SUI,1976.0,,,68476524643.943,10864.971231108,,74.7853658536585,6302504.0
1976,Democratic People's Republic of Korea,PRK,1,1,0,2,Summer,"Korea, Dem. People's Rep.",PRK,1976.0,,,,,,64.143,17243450.0
1976,Jamaica,JAM,1,1,0,2,Summer,Jamaica,JAM,1976.0,133069307.614124,,2966042856.04286,1449.977882067,,68.425,2045578.0
1976,Norway,NOR,1,1,0,2,Summer,Norway,NOR,1976.0,1839130529.82681,,35942270686.3374,8927.20162734477,,75.039512195122,4026152.0
1976,Denmark,DEN,1,0,2,3,Summer,Denmark,DEN,1976.0,2785774782.28351,,44503607444.1687,8773.3396162771,,73.739756097561,5072596.0
1976,Mexico,MEX,1,0,1,2,Summer,Mexico,MEX,1976.0,2605913189.04192,,88875923765.072,1465.49877862474,,63.123,60645512.0
1976,Trinidad and Tobago,TTO,1,0,0,1,Summer,Trinidad and Tobago,TTO,1976.0,72466319.9827572,,2500424955.23006,2344.93028321949,,66.273,1066311.0
1976,Canada,CAN,0,5,6,11,Summer,Canada,CAN,1976.0,12622281947.2617,,207271612576.065,8838.94710677652,,73.8560975609756,23449808.0
1976,Belgium,BEL,0,3,3,6,Summer,Belgium,BEL,1976.0,3813207946.70846,,71113882967.6071,7243.04734119583,,72.119756097561,9818227.0
1976,Netherlands,NED,0,2,3,5,Summer,Netherlands,NED,1976.0,6514831655.27586,,109329386564.427,7937.35246713998,,74.6470731707317,13774037.0
1976,Portugal,POR,0,2,0,2,Summer,Portugal,POR,1976.0,586845961.538462,,20332831564.9867,2173.28393425975,,68.8609756097561,9355810.0
1976,Spain,ESP,0,2,0,2,Summer,Spain,ESP,1976.0,1992986523.25292,,118422534195.474,3276.97023260494,,73.6426829268293,36137812.0
1976,Australia,AUS,0,1,4,5,Summer,Australia,AUS,1976.0,5233459726.55744,,105060616984.856,7486.6826042084,,73.0146341463415,14033000.0
1976,Islamic Republic of Iran,IRI,0,1,1,2,Summer,"Iran, Islamic Rep.",IRI,1976.0,4457468407.0951,,68055295080.7542,1953.5196967855,,55.7,34837271.0
1976,Mongolia,MGL,0,1,0,1,Summer,Mongolia,MGL,1976.0,,,,,,55.432,1531945.0
1976,Venezuela,VEN,0,1,0,1,Summer,"Venezuela, RB",VEN,1976.0,1260339047.65618,,31419534883.7209,2309.19293494983,,67.554,13606284.0
1976,Brazil,BRA,0,0,2,2,Summer,Brazil,BRA,1976.0,4360380134.33285,,153168949208.207,1389.74952306555,,59.792,110213349.0
1976,Austria,AUT,0,0,1,1,Summer,Austria,AUT,1976.0,1809479424.71428,,42791707448.0325,5656.1451383787,,71.5658536585366,7565525.0
1976,Bermuda,BER,0,0,1,1,Summer,Bermuda,BER,1976.0,,,386300000.0,7259.91355008457,,71.862,53210.0
1976,Pakistan,PAK,0,0,1,1,Summer,Pakistan,PAK,1976.0,195358212.272727,,13168080808.0808,183.859733422347,,56.113,71620254.0
1976,Puerto Rico,PUR,0,0,1,1,Summer,Puerto Rico,PUR,1976.0,621814224.938578,,8968600000.0,2946.46195251152,,72.262,3043854.0
1976,Thailand,THA,0,0,1,1,Summer,Thailand,THA,1976.0,372704055.372277,,16985208648.2112,405.408734060752,,61.978,41896504.0
1980,Soviet Union,URS,80,69,46,195,Summer,,,,,,,,,,
1980,East Germany,GDR,47,37,42,126,Summer,,,,,,,,,,
1980,Bulgaria,BUL,8,16,17,41,Summer,Bulgaria,BUL,1980.0,663860461.538462,,19839230769.2308,2238.80295786574,,71.1575609756098,8861535.0
1980,Cuba,CUB,8,7,5,20,Summer,Cuba,CUB,1980.0,1484387350.0,,19912889861.1111,2030.93362280165,,72.752,9804796.0
1980,Italy,ITA,8,3,4,15,Summer,Italy,ITA,1980.0,18489845397.92,,478356755595.749,8476.41045000836,,73.9431707317073,56433883.0
1980,Hungary,HUN,7,10,15,32,Summer,Hungary,HUN,1980.0,,,23041569234.9792,2151.1816628528,,69.0617073170732,10711122.0
1980,Romania,ROU,6,6,13,25,Summer,Romania,ROU,1980.0,,,,,,69.0909756097561,22207282.0
1980,France,FRA,6,5,3,14,Summer,France,FRA,1980.0,28258429059.2984,,694529183483.39,12565.1639377144,,74.0512195121951,55274184.0
1980,Great Britain,GBR,5,7,9,21,Summer,United Kingdom,GBR,1980.0,30085826981.1759,,564947710899.373,10032.062080015,,73.6756097560976,56314216.0
1980,Poland,POL,3,14,15,32,Summer,Poland,POL,1980.0,,,,,,70.0975609756098,35574150.0
1980,Sweden,SWE,3,3,6,12,Summer,Sweden,SWE,1980.0,8405884627.38792,,141887695763.193,17073.2406585323,,75.7409756097561,8310531.0
1980,Finland,FIN,3,1,4,8,Summer,Finland,FIN,1980.0,2421519214.2174,,53649984061.205,11224.9380036353,,73.44,4779535.0
1980,Czechoslovakia,TCH,2,3,9,14,Summer,,,,,,,,,,
1980,Yugoslavia,YUG,2,3,4,9,Summer,,,,,,,,,,
1980,Australia,AUS,2,2,5,9,Summer,Australia,AUS,1980.0,7420947075.2089,,149987743732.591,10208.8036844943,,74.3336585365854,14692000.0
1980,Denmark,DEN,2,1,2,5,Summer,Denmark,DEN,1980.0,3708096461.2573,,70811287815.6106,13822.1578405912,,74.1017073170732,5123027.0
1980,Brazil,BRA,2,0,2,4,Summer,Brazil,BRA,1980.0,7955496612.76769,,237393489892.637,1958.57159232662,,61.781,121207461.0
1980,Ethiopia,ETH,2,0,2,4,Summer,Ethiopia,ETH,1980.0,,,7012585454.10628,203.685394440965,,43.217,34428514.0
1980,Switzerland,SUI,2,0,0,2,Summer,Switzerland,SUI,1980.0,,,122557843886.137,19393.8805480097,,75.4592682926829,6319408.0
1980,Spain,ESP,1,3,2,6,Summer,Spain,ESP,1980.0,5429192463.6752,,232600556973.776,6204.14321544225,,75.3492682926829,37491165.0
1980,Austria,AUT,1,2,1,4,Summer,Austria,AUT,1980.0,3532329671.34652,,81737498404.5948,10826.9718274995,,72.4634146341463,7549433.0
1980,Greece,GRE,1,0,2,3,Summer,Greece,GRE,1980.0,,,56039256594.7242,5811.69069600941,,74.5462682926829,9642505.0
1980,Belgium,BEL,1,0,0,1,Summer,Belgium,BEL,1980.0,6725598299.07576,,126829314388.191,12864.0025661396,,73.2070731707317,9859242.0
1980,India,IND,1,0,0,1,Summer,India,IND,1980.0,4855823760.41456,,186328579302.068,271.080945953678,,53.611,687354025.0
1980,Zimbabwe,ZIM,1,0,0,1,Summer,Zimbabwe,ZIM,1980.0,142978236.458279,,6678868200.0,948.527310925265,,58.674,7041303.0
1980,Democratic People's Republic of Korea,PRK,0,3,2,5,Summer,"Korea, Dem. People's Rep.",PRK,1980.0,,,,,,66.158,18236786.0
1980,Mongolia,MGL,0,2,2,4,Summer,Mongolia,MGL,1980.0,,,2101394100.0,1235.14422497627,,55.64,1701335.0
1980,United Republic of Tanzania,TAN,0,2,0,2,Summer,Tanzania,TAN,1980.0,,,11409228086.7463,611.211791992188,,51.201,19189769.0
1980,Mexico,MEX,0,1,3,4,Summer,Mexico,MEX,1980.0,5762350308.69566,,205577055465.993,3054.62162291784,,64.703,67300334.0
1980,Netherlands,NED,0,1,2,3,Summer,Netherlands,NED,1980.0,11181154883.6178,,195439301706.939,13812.1600098191,,75.7431707317073,14149800.0
1980,Ireland,IRL,0,1,1,2,Summer,Ireland,IRL,1980.0,1030715856.93478,,21747855640.0712,6372.43777545453,,72.5954146341464,3412800.0
1980,Uganda,UGA,0,1,0,1,Summer,Uganda,UGA,1980.0,33262917.90146,,1244610000.0,93.7506991135184,,42.949,13275741.0
1980,Venezuela,VEN,0,1,0,1,Summer,"Venezuela, RB",VEN,1980.0,2140038418.60465,,59116511627.907,3874.40470623155,,68.762,15258218.0
1980,Jamaica,JAM,0,0,3,3,Summer,Jamaica,JAM,1980.0,171089937.368349,,2679379371.51261,1248.74484727418,,69.435,2145658.0
1980,Guyana,GUY,0,0,1,1,Summer,Guyana,GUY,1980.0,32878535.132245,,603200000.0,778.958814102357,,61.229,774367.0
1980,Lebanon,LBN,0,0,1,1,Summer,Lebanon,LBN,1980.0,,,,,,59.665,2944763.0
1984,United States,USA,83,61,30,174,Summer,United States,USA,1984.0,254034396000.0,,4037613000000.0,17121.2254849995,,74.5634146341464,235825000.0
1984,Romania,ROU,20,16,17,53,Summer,Romania,ROU,1984.0,,,,,,69.6587804878049,22640547.0
1984,West Germany,FRG,17,19,23,59,Summer,,,,,,,,,,
1984,People's Republic of China,CHN,15,8,9,32,Summer,China,CHN,1984.0,4440763366.98571,,259946510957.143,250.713969046988,,66.3,1036825000.0
1984,Italy,ITA,14,6,12,32,Summer,Italy,ITA,1984.0,19682237122.5479,,438896930791.272,7757.55374836822,,75.389512195122,56576718.0
1984,Canada,CAN,10,18,16,44,Summer,Canada,CAN,1984.0,22123462280.905,,356718400123.543,13930.4745502555,,76.3319512195122,25607053.0
1984,Japan,JPN,10,8,14,32,Summer,Japan,JPN,1984.0,64062129559.1535,,1345824500836.76,11207.4523524293,,77.2912195121951,120083000.0
1984,New Zealand,NZL,8,1,2,11,Summer,New Zealand,NZL,1984.0,799210826.506275,,21665975318.8842,6713.76013104154,,74.3707317073171,3227100.0
1984,Yugoslavia,YUG,7,4,7,18,Summer,,,,,,,,,,
1984,Republic of Korea,KOR,6,6,7,19,Summer,"Korea, Rep.",KOR,1984.0,3268451326.33564,,97510744119.1162,2413.27650109593,,68.1951219512195,40405956.0
1984,Great Britain,GBR,5,11,21,37,Summer,United Kingdom,GBR,1984.0,23022346151.9021,,461487097632.349,8179.19444064991,,74.7780487804878,56422072.0
1984,France,FRA,5,7,16,28,Summer,France,FRA,1984.0,24783248517.6011,,525033325827.516,9311.89426452129,,75.0,56383085.0
1984,Netherlands,NED,5,2,6,13,Summer,Netherlands,NED,1984.0,7254736619.50551,,144124462912.088,9991.84377655651,,76.2331707317073,14424211.0
1984,Australia,AUS,4,8,12,24,Summer,Australia,AUS,1984.0,9751151965.22369,,193525337525.765,12421.8807735017,,75.3878048780488,15579391.0
1984,Finland,FIN,4,2,6,12,Summer,Finland,FIN,1984.0,2365315082.11318,,52870993272.6553,10830.2185222663,,74.5190243902439,4881803.0
1984,Sweden,SWE,2,11,6,19,Summer,Sweden,SWE,1984.0,6066748135.10964,,109044297250.901,13080.1803912865,,76.8158536585366,8336605.0
1984,Mexico,MEX,2,3,1,6,Summer,Mexico,MEX,1984.0,4528811084.62455,,184230754105.394,2506.30742754755,,67.29,73506846.0
1984,Morocco,MAR,2,0,0,2,Summer,Morocco,MAR,1984.0,732649082.390328,,14824667954.3674,681.909729003906,,58.49,21593778.0
1984,Brazil,BRA,1,5,2,8,Summer,Brazil,BRA,1984.0,5520052175.2206,,188339974086.58,1419.73154606978,,63.773,132658864.0
1984,Spain,ESP,1,2,2,5,Summer,Spain,ESP,1984.0,3982959478.65727,,171979977230.387,4486.78173863382,,76.2953658536586,38330364.0
1984,Belgium,BEL,1,1,2,4,Summer,Belgium,BEL,1984.0,4076996150.51662,,83349530159.1734,8457.26880316374,,74.4048780487805,9855372.0
1984,Austria,AUT,1,1,1,3,Summer,Austria,AUT,1984.0,3268307390.13823,,67719055773.3306,8955.84829191534,,73.6121951219512,7561434.0
1984,Kenya,KEN,1,0,2,3,Summer,Kenya,KEN,1984.0,269443652.33287,,6191437070.18411,334.40283575753,,60.804,18514906.0
1984,Portugal,POR,1,0,2,3,Summer,Portugal,POR,1984.0,712627567.789647,,25217969049.5755,2522.74747620658,,72.5146341463415,9996232.0
1984,Pakistan,PAK,1,0,0,1,Summer,Pakistan,PAK,1984.0,429897602.585336,,31151825467.4978,327.345625152291,,59.332,95164936.0
1984,Switzerland,SUI,0,4,4,8,Summer,Switzerland,SUI,1984.0,,,109455312167.511,16991.2458841517,,76.6085365853659,6441865.0
1984,Denmark,DEN,0,3,3,6,Summer,Denmark,DEN,1984.0,3523325069.73123,,58868891334.9941,11516.6821578436,,74.5621951219512,5111619.0
1984,Jamaica,JAM,0,1,2,3,Summer,Jamaica,JAM,1984.0,145398833.032464,,2373564549.4932,1048.13405395534,,70.272,2264562.0
1984,Norway,NOR,0,1,2,3,Summer,Norway,NOR,1984.0,2961871837.28481,,62057955032.7758,14989.4857665906,,76.2243902439024,4140099.0
1984,Greece,GRE,0,1,1,2,Summer,Greece,GRE,1984.0,,,47352146311.971,4785.07463033775,,75.7743902439024,9895801.0
1984,Nigeria,NGR,0,1,1,2,Summer,Nigeria,NGR,1984.0,2964549854.50111,,73484359521.4887,890.434106332302,,46.55,82526443.0
1984,Puerto Rico,PUR,0,1,1,2,Summer,Puerto Rico,PUR,1984.0,1189004610.08188,,19162600000.0,5730.11700890201,,73.531,3344190.0
1984,Colombia,COL,0,1,0,1,Summer,Colombia,COL,1984.0,1063665618.44521,,38253120737.9671,1335.52821812362,,67.979,28642690.0
1984,Côte d'Ivoire,CIV,0,1,0,1,Summer,Cote d'Ivoire,CIV,1984.0,406374378.334513,,6841639246.8996,708.940252199945,,53.037,9650516.0
1984,Egypt,EGY,0,1,0,1,Summer,"Egypt, Arab Rep.",EGY,1984.0,1410212301.60547,,33971188991.6147,689.807675510205,,59.73,49247334.0
1984,Ireland,IRL,0,1,0,1,Summer,Ireland,IRL,1984.0,1005721647.60116,,20106648454.8404,5692.02738597285,,73.6637317073171,3532423.0
1984,Peru,PER,0,1,0,1,Summer,Peru,PER,1984.0,461712383.362535,,17600400384.5073,917.896274683145,,60.467,19174716.0
1984,Syrian Arab Republic,SYR,0,1,0,1,Summer,Syrian Arab Republic,SYR,1984.0,,,17503078174.0039,1706.21944810524,,68.924,10258398.0
1984,Thailand,THA,0,1,0,1,Summer,Thailand,THA,1984.0,1115456079.41826,,41797647775.6238,846.934168430884,,66.733,49351708.0
1984,Türkiye,TUR,0,0,3,3,Summer,Turkiye,TUR,1984.0,994277611.784117,,59937602179.8365,1209.05149383313,,64.706,49574069.0
1984,Venezuela,VEN,0,0,3,3,Summer,"Venezuela, RB",VEN,1984.0,2491565176.17,,59867743467.9335,3519.80146489308,,70.441,17008841.0
1984,Algeria,ALG,0,0,2,2,Summer,Algeria,ALG,1984.0,2573010477.38454,,53698548293.0745,2524.38071403143,,61.658,21271969.0
1984,Cameroon,CMR,0,0,1,1,Summer,Cameroon,CMR,1984.0,190520254.41514,,7311938026.36713,771.702146026357,,53.22,9475078.0
1984,Chinese Taipei,TPE,0,0,1,1,Summer,,,,,,,,,,
1984,Dominican Republic,DOM,0,0,1,1,Summer,Dominican Republic,DOM,1984.0,149590495.5,,11594000000.0,1843.52460788928,,63.602,6289040.0
1984,Iceland,ISL,0,0,1,1,Summer,Iceland,ISL,1984.0,113523093.662147,,2864441387.40507,11959.5400102921,,77.5765853658537,239511.0
1984,Zambia,ZAM,0,0,1,1,Summer,Zambia,ZAM,1984.0,127951777.777778,,2719518932.99541,413.269974271735,,52.755,6580490.0
1988,Soviet Union,URS,55,31,46,132,Summer,,,,,,,,,,
1988,East Germany,GDR,37,35,30,102,Summer,,,,,,,,,,
1988,United States,USA,36,31,27,94,Summer,United States,USA,1988.0,226011999000.0,,5236438000000.0,21417.0119305191,,74.7658536585366,244499000.0
1988,Republic of Korea,KOR,12,10,11,33,Summer,"Korea, Rep.",KOR,1988.0,4951125815.13938,,199591287824.777,4748.64064406123,,70.5487804878049,42031247.0
1988,West Germany,FRG,11,14,15,40,Summer,,,,,,,,,,
1988,Hungary,HUN,11,6,6,23,Summer,Hungary,HUN,1988.0,,,29702631093.8815,2803.06398657229,,70.0234146341463,10596487.0
1988,Bulgaria,BUL,10,12,13,35,Summer,Bulgaria,BUL,1988.0,841127764.705883,,22555941176.4706,2511.39306259489,,71.6043902439024,8981446.0
1988,Romania,ROU,7,11,6,24,Summer,Romania,ROU,1988.0,,,40424528301.8868,1753.19285632198,,69.3880487804878,23057662.0
1988,France,FRA,6,4,6,16,Summer,France,FRA,1988.0,44099693866.3144,,1010827662151.75,17549.6440487161,,76.1,57598186.0
1988,Italy,ITA,6,4,4,14,Summer,Italy,ITA,1988.0,40014439422.7908,,893663934840.821,15780.9495122174,,76.3707317073171,56629288.0
1988,People's Republic of China,CHN,5,11,12,28,Summer,China,CHN,1988.0,4995685233.15226,,312353631207.819,283.537695240524,,67.581,1101630000.0
1988,Great Britain,GBR,5,10,9,24,Summer,United Kingdom,GBR,1988.0,41703271220.2063,,910122732123.799,15987.1680775688,,75.3804878048781,56928327.0
1988,Kenya,KEN,5,2,2,9,Summer,Kenya,KEN,1988.0,505995895.278665,,8355380879.12955,391.238771204282,,59.539,21356219.0
1988,Japan,JPN,4,3,7,14,Summer,Japan,JPN,1988.0,126818404281.8,,3125724434400.79,25499.8811728107,,78.349756097561,122578000.0
1988,Australia,AUS,3,6,5,14,Summer,Australia,AUS,1988.0,10661832072.1769,,236161314544.153,14284.960791833,,76.4326829268293,16532164.0
1988,Yugoslavia,YUG,3,4,5,12,Summer,,,,,,,,,,
1988,Czechoslovakia,TCH,3,3,2,8,Summer,,,,,,,,,,
1988,New Zealand,NZL,3,2,8,13,Summer,New Zealand,NZL,1988.0,1855384219.00161,,45176811594.2029,13759.1556295922,,74.4243902439024,3283400.0
1988,Canada,CAN,3,2,5,10,Summer,Canada,CAN,1988.0,29573364751.7673,,509380027626.554,19012.5723278349,,76.8587804878049,26791747.0
1988,Poland,POL,2,5,9,16,Summer,Poland,POL,1988.0,,,,,,71.3317073170732,37824487.0
1988,Norway,NOR,2,3,0,5,Summer,Norway,NOR,1988.0,5271096823.69188,,101900260856.222,24207.281468963,,76.2204878048781,4209488.0
1988,Netherlands,NED,2,2,5,9,Summer,Netherlands,NED,1988.0,13664293595.7186,,262295966105.474,17770.6162376388,,76.890243902439,14760094.0
1988,Denmark,DEN,2,1,1,4,Summer,Denmark,DEN,1988.0,7051480864.88895,,115540189705.118,22524.5792595476,,74.7717073170732,5129516.0
1988,Brazil,BRA,1,2,3,6,Summer,Brazil,BRA,1988.0,11182064909.2335,,307881930752.268,2140.65027561164,,65.454,143826357.0
1988,Finland,FIN,1,1,2,4,Summer,Finland,FIN,1988.0,5335030427.86069,,109039090262.971,22043.7701596288,,74.5770731707317,4946481.0
1988,Spain,ESP,1,1,2,4,Summer,Spain,ESP,1988.0,11126181245.5363,,375891716897.586,9696.1928538538,,76.7470731707317,38766939.0
1988,Türkiye,TUR,1,1,0,2,Summer,Turkiye,TUR,1988.0,1005104780.61489,,90875175808.7201,1685.69479240535,,66.794,53909626.0
1988,Morocco,MAR,1,0,2,3,Summer,Morocco,MAR,1988.0,1040929211.02191,,25705296183.5037,1086.03527832031,,61.32,23500524.0
1988,Austria,AUT,1,0,0,1,Summer,Austria,AUT,1988.0,6417941932.46405,,132817124707.456,17509.7658683817,,75.2170731707317,7585317.0
1988,Portugal,POR,1,0,0,1,Summer,Portugal,POR,1988.0,1780953760.44568,,56347250696.3788,5623.69699982123,,73.7146341463415,10019610.0
1988,Suriname,SUR,1,0,0,1,Summer,Suriname,SUR,1988.0,102617000.0,,1161000000.0,2886.42980207694,,63.437,402227.0
1988,Sweden,SWE,0,4,7,11,Summer,Sweden,SWE,1988.0,10783923234.4301,,206688963474.344,24499.4053182958,,76.9792682926829,8436489.0
1988,Switzerland,SUI,0,2,2,4,Summer,Switzerland,SUI,1988.0,,,215540625298.982,32690.4302734561,,77.2265853658537,6593386.0
1988,Jamaica,JAM,0,2,0,2,Summer,Jamaica,JAM,1988.0,143217654.896148,,3828342820.3494,1632.01481656159,,71.541,2345777.0
1988,Argentina,ARG,0,1,1,2,Summer,Argentina,ARG,1988.0,1402156316.54858,,126890235049.092,3992.70330179156,,71.052,31780532.0
1988,Chile,CHI,0,1,0,1,Summer,Channel Islands,CHI,1988.0,,,,,,77.045,140089.0
1988,Costa Rica,CRC,0,1,0,1,Summer,Costa Rica,CRC,1988.0,132612726.850508,,4614629898.40348,1554.74048522018,,76.106,2968103.0
1988,Indonesia,INA,0,1,0,1,Summer,Indonesia,INA,1988.0,615364283.13275,,84300174485.7973,476.662483405818,,62.211,176855065.0
1988,Islamic Republic of Iran,IRI,0,1,0,1,Summer,"Iran, Islamic Rep.",IRI,1988.0,4304091298.9598,,123057861333.91,2234.46235141339,,63.446,55072694.0
1988,Netherlands Antilles,AHO,0,1,0,1,Summer,,,,,,,,,,
1988,Peru,PER,0,1,0,1,Summer,Peru,PER,1988.0,420205073.439194,,15439408447.2,733.299784874657,,63.601,21054702.0
1988,Senegal,SEN,0,1,0,1,Summer,Senegal,SEN,1988.0,204607209.82064,,6418419388.63499,880.487755138196,,55.774,7289618.0
1988,United States Virgin Islands,ISV,0,1,0,1,Summer,Virgin Islands (U.S.),ISV,1988.0,,,,,,70.7632682926829,100952.0
1988,Belgium,BEL,0,0,2,2,Summer,Belgium,BEL,1988.0,7013527336.25891,,162299103675.261,16391.093827791,,75.5658536585366,9901664.0
1988,Mexico,MEX,0,0,2,2,Summer,Mexico,MEX,1988.0,4010409121.66204,,181611150496.787,2278.81222720992,,69.253,79695531.0
1988,Colombia,COL,0,0,1,1,Summer,Colombia,COL,1988.0,974156220.444797,,39212550050.4223,1259.6174112078,,68.391,31130524.0
1988,Djibouti,DJI,0,0,1,1,Summer,Djibouti,DJI,1988.0,,,395794538.630775,816.874614065329,,55.161,484523.0
1988,Greece,GRE,0,0,1,1,Summer,Greece,GRE,1988.0,,,75200610136.9205,7492.35204811251,,76.980756097561,10036983.0
1988,Mongolia,MGL,0,0,1,1,Summer,Mongolia,MGL,1988.0,293705585.525415,,3204461566.66667,1543.33555521093,,57.87,2076322.0
1988,Pakistan,PAK,0,0,1,1,Summer,Pakistan,PAK,1988.0,718272388.494835,,38472742808.3167,353.85454278549,,59.356,108724739.0
1988,Philippines,PHI,0,0,1,1,Summer,Philippines,PHI,1988.0,838801584.985802,,43152128958.6116,722.343718454247,,64.898,59739052.0
1988,Thailand,THA,0,0,1,1,Summer,Thailand,THA,1988.0,1456509908.83968,,61667253471.3736,1164.20096229495,,69.689,52969595.0
1992,Unified Team,EUN,45,38,29,112,Summer,,,,,,,,,,
1992,United States,USA,37,34,37,108,Summer,United States,USA,1992.0,349323660611.655,,6520327000000.0,25418.9907763319,,75.6170731707317,256514000.0
1992,Germany,GER,33,21,28,82,Summer,Germany,GER,1992.0,87655717863.494,,2141377582968.07,26559.8543879632,,75.819512195122,80624598.0
1992,People's Republic of China,CHN,16,22,16,54,Summer,China,CHN,1992.0,6406956147.81004,,426915712715.856,366.460692306116,,68.734,1164970000.0
1992,Cuba,CUB,14,6,11,31,Summer,Cuba,CUB,1992.0,1566790667.02703,,22085858243.2432,2047.67900346421,,74.162,10785801.0
1992,Spain,ESP,13,7,2,22,Summer,Spain,ESP,1992.0,22440380126.7674,,630465353486.104,16100.6799428032,,77.41,39157685.0
1992,Republic of Korea,KOR,12,5,12,29,Summer,"Korea, Rep.",KOR,1992.0,11006661884.3272,,355524903068.056,8126.66206183629,,72.4975609756098,43747962.0
1992,Hungary,HUN,11,12,7,30,Summer,Hungary,HUN,1992.0,,,38730585922.2189,3735.10582034276,,69.1170731707317,10369341.0
1992,France,FRA,8,5,16,29,Summer,France,FRA,1992.0,61905001239.1576,,1389663073110.28,23615.0168565483,,77.1,58846584.0
1992,Australia,AUS,7,9,11,27,Summer,Australia,AUS,1992.0,14083930631.3927,,325525379566.838,18624.1877335866,,77.3780487804878,17478635.0
1992,Canada,CAN,7,4,7,18,Summer,Canada,CAN,1992.0,37823291139.2405,,594387358318.855,20950.3305287651,,77.8380487804878,28371264.0
1992,Italy,ITA,6,5,8,19,Summer,Italy,ITA,1992.0,51995694419.6763,,1323204350353.5,23297.0460325456,,77.419512195122,56797087.0
1992,Great Britain,GBR,5,3,12,20,Summer,United Kingdom,GBR,1992.0,55084847332.3974,,1179659529659.53,20487.1707852878,,76.4341463414634,57580402.0
1992,Romania,ROU,4,6,8,18,Summer,Romania,ROU,1992.0,801009733.333334,,25121666666.6667,1102.10378473246,,69.7843902439024,22794284.0
1992,Czechoslovakia,TCH,4,2,1,7,Summer,,,,,,,,,,
1992,Democratic People's Republic of Korea,PRK,4,0,5,9,Summer,"Korea, Dem. People's Rep.",PRK,1992.0,,,,,,70.824,21750911.0
1992,Japan,JPN,3,8,11,22,Summer,Japan,JPN,1992.0,140850529945.377,,3980702922117.66,31992.7902119161,,79.080243902439,124425000.0
1992,Bulgaria,BUL,3,7,6,16,Summer,Bulgaria,BUL,1992.0,519219432.989691,,10350515463.9175,1211.98087810931,,71.4943902439024,8540164.0
1992,Poland,POL,3,6,10,19,Summer,Poland,POL,1992.0,3787200761.49952,,94337050693.2727,2459.02068468253,,71.090243902439,38363667.0
1992,Netherlands,NED,2,6,7,15,Summer,Netherlands,NED,1992.0,18974011623.2521,,363497050125.313,23939.2173482108,,77.2170731707317,15184166.0
1992,Kenya,KEN,2,4,2,8,Summer,Kenya,KEN,1992.0,455568967.420725,,8209120763.04955,336.68139978696,,57.259,24382460.0
1992,Norway,NOR,2,4,1,7,Summer,Norway,NOR,1992.0,7557468501.08619,,130838040067.584,30523.9850558974,,77.1843902439025,4286401.0
1992,Türkiye,TUR,2,2,2,6,Summer,Turkiye,TUR,1992.0,3938464797.61537,,159104772991.851,2743.65320297936,,68.486,57990118.0
1992,Indonesia,INA,2,2,1,5,Summer,Indonesia,INA,1992.0,763385627.464036,,128026966579.964,673.67103954742,,64.126,190043744.0
1992,Brazil,BRA,2,1,0,3,Summer,Brazil,BRA,1992.0,14922180034.9111,,328191909882.232,2127.31642731638,,66.708,154275079.0
1992,Greece,GRE,2,0,0,2,Summer,Greece,GRE,1992.0,,,114608178405.434,11021.012224607,,77.3829268292683,10399061.0
1992,Sweden,SWE,1,7,4,12,Summer,Sweden,SWE,1992.0,13875206778.9072,,283912173666.678,32753.8047025569,,77.9987804878049,8668067.0
1992,New Zealand,NZL,1,4,5,10,Summer,New Zealand,NZL,1992.0,2532090068.05615,,41649829859.6342,11793.1392416214,,76.1243902439025,3531700.0
1992,Finland,FIN,1,2,2,5,Summer,Finland,FIN,1992.0,7235358101.9379,,112537828510.751,22320.1124695857,,75.4553658536585,5041992.0
1992,Denmark,DEN,1,1,4,6,Summer,Denmark,DEN,1992.0,10526233339.0785,,152966494259.538,29579.4913648682,,75.1941463414634,5171370.0
1992,Morocco,MAR,1,1,1,3,Summer,Morocco,MAR,1992.0,1672245075.43921,,33711069430.78,1327.02954101563,,63.401,25212468.0
1992,Ireland,IRL,1,1,0,2,Summer,Ireland,IRL,1992.0,2731834045.2901,,55918538121.3989,15714.3847487231,,75.4150975609756,3558430.0
1992,Ethiopia,ETH,1,0,2,3,Summer,Ethiopia,ETH,1992.0,285376963.000351,,10754799036.5745,207.406400863847,,46.901,51853747.0
1992,Algeria,ALG,1,0,1,2,Summer,Algeria,ALG,1992.0,2383840591.77234,,48003133346.9957,1802.69300801289,,67.757,26628568.0
1992,Estonia,EST,1,0,1,2,Summer,Estonia,EST,1992.0,,,,,,68.8634146341464,1533091.0
1992,Lithuania,LTU,1,0,1,2,Summer,Lithuania,LTU,1992.0,,,,,,70.2343902439025,3700114.0
1992,Switzerland,SUI,1,0,0,1,Summer,Switzerland,SUI,1992.0,,,279921425828.474,40713.6881521435,,77.8060975609756,6875364.0
1992,Jamaica,JAM,0,3,1,4,Summer,Jamaica,JAM,1992.0,106971461.792747,,3535460089.80719,1458.10146892635,,72.189,2424701.0
1992,Nigeria,NGR,0,3,1,4,Summer,Nigeria,NGR,1992.0,381186339.900088,,52058181853.8055,508.515905682785,,45.668,102372770.0
1992,Latvia,LAT,0,2,1,3,Summer,Latvia,LAT,1992.0,,,,,,68.3960975609756,2614338.0
1992,Austria,AUT,0,2,0,2,Summer,Austria,AUT,1992.0,9191344659.40394,,194314032056.098,24782.7118767063,,75.8170731707317,7840709.0
1992,Namibia,NAM,0,2,0,2,Summer,Namibia,NAM,1992.0,318794458.064517,,3429521699.4026,2346.86242963741,,61.545,1461322.0
1992,South Africa,RSA,0,2,0,2,Summer,South Africa,RSA,1992.0,9265905988.89198,,146956150986.636,3462.39400202835,,63.341,42443509.0
1992,Belgium,BEL,0,1,2,3,Summer,Belgium,BEL,1992.0,12293491668.012,,234781652446.675,23372.619171015,,76.3512195121951,10045158.0
1992,Croatia,CRO,0,1,2,3,Summer,Croatia,CRO,1992.0,,,10621169290.9986,2321.15204123035,,71.2414634146342,4575818.0
1992,Independent Olympic Athletes,IOA,0,1,2,3,Summer,,,,,,,,,,
1992,Islamic Republic of Iran,IRI,0,1,2,3,Summer,"Iran, Islamic Rep.",IRI,1992.0,,,119768691216.667,1957.48507794252,,66.776,61184983.0
1992,Israel,ISR,0,1,1,2,Summer,Israel,ISR,1992.0,4607596071.73356,,79314801236.3003,15482.1005731603,,76.5048780487805,5123000.0
1992,Chinese Taipei,TPE,0,1,0,1,Summer,,,,,,,,,,
1992,Mexico,MEX,0,1,0,1,Summer,Mexico,MEX,1992.0,10253319727.7457,,363157832923.734,4220.56643677057,,70.616,86044809.0
1992,Peru,PER,0,1,0,1,Summer,Peru,PER,1992.0,915754479.019946,,35966302303.263,1567.40910765128,,66.149,22946340.0
1992,Mongolia,MGL,0,0,2,2,Summer,Mongolia,MGL,1992.0,64535593.1924885,,1317611863.84977,607.813424662797,,59.641,2167790.0
1992,Slovenia,SLO,0,0,2,2,Summer,Slovenia,SLO,1992.0,,,14277261540.7456,7151.15243829224,,73.3048780487805,1996498.0
1992,Argentina,ARG,0,0,1,1,Summer,Argentina,ARG,1992.0,6960447981.62728,,228778917308.17,6789.99611136495,,72.43,33693527.0
1992,Colombia,COL,0,0,1,1,Summer,Colombia,COL,1992.0,1797177386.9678,,58394443377.5416,1729.66397332384,,69.038,33760571.0
1992,Ghana,GHA,0,0,1,1,Summer,Ghana,GHA,1992.0,179655692.939506,,6416103925.83267,396.426407640517,,56.231,16184855.0
1992,Malaysia,MAS,0,0,1,1,Summer,Malaysia,MAS,1992.0,2577098205.52087,,59167550162.956,3141.43321987651,,71.526,18834572.0
1992,Pakistan,PAK,0,0,1,1,Summer,Pakistan,PAK,1992.0,999776681.350255,,48884671947.4657,395.67720859593,,60.116,123546848.0
1992,Philippines,PHI,0,0,1,1,Summer,Philippines,PHI,1992.0,1373204913.69407,,60422328242.1803,916.515694532029,,67.088,65926125.0
1992,Puerto Rico,PUR,0,0,1,1,Summer,Puerto Rico,PUR,1992.0,2039181509.85454,,34630430000.0,9659.33889995916,,73.939,3585176.0
1992,Qatar,QAT,0,0,1,1,Summer,Qatar,QAT,1992.0,166304747.333684,,7646153983.51648,16280.2938815273,,74.122,469657.0
1992,Suriname,SUR,0,0,1,1,Summer,Suriname,SUR,1992.0,24220000.0,,404600000.0,968.895253466926,,64.65,417589.0
1992,Thailand,THA,0,0,1,1,Summer,Thailand,THA,1992.0,2733627060.03125,,111452746517.655,1971.60879910694,,70.885,56528834.0
1992,The Bahamas,BAH,0,0,1,1,Summer,"Bahamas, The",BAH,1992.0,116080598.4,,3109000000.0,10873.4047501635,,70.668,285927.0
1996,United States,USA,44,32,25,101,Summer,United States,USA,1996.0,385344538876.866,,8073122000000.0,29967.7127181749,,76.0268292682927,269394000.0
1996,Russian Federation,RUS,26,21,16,63,Summer,Russian Federation,RUS,1996.0,13691461445.8003,,391724890744.498,2643.92919921875,,65.8541463414634,148160129.0
1996,Germany,GER,20,18,27,65,Summer,Germany,GER,1996.0,104899339745.256,,2506576553158.31,30599.7891048363,,76.6731707317073,81914831.0
1996,People's Republic of China,CHN,16,22,12,50,Summer,China,CHN,1996.0,14472265197.5644,,863749314718.538,709.415888233368,,70.266,1217550000.0
1996,France,FRA,15,7,15,37,Summer,France,FRA,1996.0,87445033978.7153,,1598889216566.23,26757.6351494145,,77.9536585365854,59754504.0
1996,Italy,ITA,13,10,12,35,Summer,Italy,ITA,1996.0,58487661563.5588,,1314776508972.27,23122.9337219116,,78.5219512195122,56860281.0
1996,Australia,AUS,9,9,23,41,Summer,Australia,AUS,1996.0,20130628224.5827,,401341880620.728,22021.7839065228,,78.0780487804878,18224767.0
1996,Cuba,CUB,9,8,8,25,Summer,Cuba,CUB,1996.0,1201703866.3,,25017368700.0,2282.18809324202,,74.903,10962010.0
1996,Ukraine,UKR,9,2,12,23,Summer,Ukraine,UKR,1996.0,2797985242.16162,,44558831005.0621,869.846069335938,,67.0224390243903,51226109.0
1996,Republic of Korea,KOR,7,15,5,27,Summer,"Korea, Rep.",KOR,1996.0,20438812365.2941,,610167053824.007,13402.994604707,,74.1512195121951,45524681.0
1996,Poland,POL,7,5,5,17,Summer,Poland,POL,1996.0,10183788435.1471,,160813026223.063,4163.51195431959,,72.2463414634146,38624370.0
1996,Hungary,HUN,7,4,10,21,Summer,Hungary,HUN,1996.0,1871108915.80362,,46658755151.6017,4525.03910312241,,70.3287804878049,10311238.0
1996,Spain,ESP,5,6,6,17,Summer,Spain,ESP,1996.0,27241712393.2747,,642251412058.321,16100.6215831114,,78.1204878048781,39889852.0
1996,Romania,ROU,4,7,9,20,Summer,Romania,ROU,1996.0,1208754784.301,,36937074278.3004,1633.01064354117,,69.1048780487805,22619004.0
1996,Netherlands,NED,4,5,10,19,Summer,Netherlands,NED,1996.0,20719422222.2222,,451372549019.608,29063.6236532536,,77.4356097560976,15530498.0
1996,Greece,GRE,4,4,0,8,Summer,Greece,GRE,1996.0,,,142502984144.96,13432.5262183244,,77.6853658536585,10608800.0
1996,Czechia,CZE,4,3,4,11,Summer,Czechia,CZE,1996.0,2522593460.35395,,67804105329.8557,6573.19643136362,,73.7146341463415,10315241.0
1996,Switzerland,SUI,4,3,0,7,Summer,Switzerland,SUI,1996.0,16393506456.3107,,340103959546.926,48092.6433036512,,78.8960975609756,7071850.0
1996,Denmark,DEN,4,1,1,6,Summer,Denmark,DEN,1996.0,13980739131.1846,,187481157845.724,35621.9878051732,,75.5914634146342,5263074.0
1996,Türkiye,TUR,4,1,1,6,Summer,Turkiye,TUR,1996.0,4754238592.66207,,181464408820.097,2929.15394930619,,70.141,61951134.0
1996,Canada,CAN,3,11,8,22,Summer,Canada,CAN,1996.0,42108346514.938,,630607994132.747,21296.9723536904,,78.220243902439,29610218.0
1996,Bulgaria,BUL,3,7,5,15,Summer,Bulgaria,BUL,1996.0,368842792.017987,,12294964837.6235,1470.19259250682,,70.8973170731707,8362826.0
1996,Japan,JPN,3,6,5,14,Summer,Japan,JPN,1996.0,163431696637.355,,4923391533851.63,39150.0396308089,,80.219756097561,125757000.0
1996,Kazakhstan,KAZ,3,4,4,11,Summer,Kazakhstan,KAZ,1996.0,812056761.796227,,21035357936.8796,1281.39152895397,,63.6,16416027.0
1996,Brazil,BRA,3,3,9,15,Summer,Brazil,BRA,1996.0,35461244903.6896,,850426432991.742,5179.13052002464,,68.409,164202549.0
1996,New Zealand,NZL,3,2,1,6,Summer,New Zealand,NZL,1996.0,4219633689.46857,,70140835299.0148,18794.436039393,,76.7878048780488,3732000.0
1996,South Africa,RSA,3,1,1,5,Summer,South Africa,RSA,1996.0,8806855819.78461,,163234925380.563,3617.55336002932,,61.459,45123018.0
1996,Ireland,IRL,3,0,1,4,Summer,Ireland,IRL,1996.0,3553741179.43548,,75790785030.2419,20835.8973666717,,75.8317073170732,3637510.0
1996,Sweden,SWE,2,4,2,8,Summer,Sweden,SWE,1996.0,23528299198.292,,291952430659.111,33022.5649478838,,78.9590243902439,8840998.0
1996,Norway,NOR,2,2,3,7,Summer,Norway,NOR,1996.0,10993125988.4027,,163520109150.671,37321.9741993473,,78.1504878048781,4381336.0
1996,Belgium,BEL,2,2,2,6,Summer,Belgium,BEL,1996.0,8570853420.19545,,279201433224.756,27489.5551770488,,77.1873170731707,10156637.0
1996,Nigeria,NGR,2,1,3,6,Summer,Nigeria,NGR,1996.0,415182203.28625,,185730236700.0,1632.72469370276,,45.567,113754779.0
1996,Democratic People's Republic of Korea,PRK,2,1,2,5,Summer,"Korea, Dem. People's Rep.",PRK,1996.0,,,,,,60.956,22895746.0
1996,Algeria,ALG,2,0,1,3,Summer,Algeria,ALG,1996.0,1952789428.41226,,46941554225.3581,1616.83198721285,,68.749,29033044.0
1996,Ethiopia,ETH,2,0,1,3,Summer,Ethiopia,ETH,1996.0,238122057.009006,,8761215548.48614,147.327458851964,,48.924,59467635.0
1996,Great Britain,GBR,1,8,6,15,Summer,United Kingdom,GBR,1996.0,68832596255.85,,1419645865834.63,24406.400298359,,77.0878048780488,58166950.0
1996,Belarus,BLR,1,6,8,15,Summer,Belarus,BLR,1996.0,679547384.615383,,14756846153.8462,1452.5071047646,,68.5121951219512,10159569.0
1996,Kenya,KEN,1,4,3,8,Summer,Kenya,KEN,1996.0,714775060.180115,,12045865396.1323,440.527078880876,,55.161,27344211.0
1996,Jamaica,JAM,1,3,2,6,Summer,Jamaica,JAM,1996.0,286767352.234399,,7393891920.80358,2928.89692611996,,71.488,2524463.0
1996,Finland,FIN,1,2,1,4,Summer,Finland,FIN,1996.0,8782086461.29951,,131991975148.848,25756.6777073618,,76.6934146341464,5124573.0
1996,Indonesia,INA,1,1,2,4,Summer,Indonesia,INA,1996.0,1327658626.13671,,227369679374.973,1118.92133024129,,65.355,203204348.0
1996,Serbia and Montenegro,SCG,1,1,2,4,Summer,,,,,,,,,,
1996,Islamic Republic of Iran,IRI,1,1,1,3,Summer,"Iran, Islamic Rep.",IRI,1996.0,3835326801.02867,,120403931883.348,1914.78121290985,,68.07,62881300.0
1996,Slovakia,SVK,1,1,1,3,Summer,Slovak Republic,SVK,1996.0,1098480574.14449,,28197790874.5247,5247.70081044708,,72.6536585365854,5373361.0
1996,Armenia,ARM,1,1,0,2,Summer,Armenia,ARM,1996.0,27908882.0860304,,1596968946.23708,487.068624404558,,69.783,3278735.0
1996,Croatia,CRO,1,1,0,2,Summer,Croatia,CRO,1996.0,834163463.75353,,24150978346.5253,5299.6410536193,,72.3653658536585,4557097.0
1996,Portugal,POR,1,0,1,2,Summer,Portugal,POR,1996.0,5920808983.6236,,122630089680.27,12185.0914010629,,75.2609756097561,10063945.0
1996,Thailand,THA,1,0,1,2,Summer,Thailand,THA,1996.0,4995918509.07755,,183035237429.281,3054.65690806473,,71.653,59920064.0
1996,Burundi,BDI,1,0,0,1,Summer,Burundi,BDI,1996.0,34205019.6928158,,869033856.317093,143.156741187159,,44.373,6070506.0
1996,Costa Rica,CRC,1,0,0,1,Summer,Costa Rica,CRC,1996.0,439970351.768332,,11678424507.2457,3226.96395598625,,76.804,3619013.0
1996,Ecuador,ECU,1,0,0,1,Summer,Ecuador,ECU,1996.0,629277518.75938,,25226393196.5983,2135.8479374308,,71.362,11810950.0
1996,"Hong Kong, China",HKG,1,0,0,1,Summer,"Hong Kong SAR, China",HKG,1996.0,4159755026.59998,,159718183550.734,24818.3021600084,,79.6275609756098,6435500.0
1996,Syrian Arab Republic,SYR,1,0,0,1,Summer,Syrian Arab Republic,SYR,1996.0,,,13789560878.2435,918.195857362788,,70.347,15018104.0
1996,Argentina,ARG,0,2,1,3,Summer,Argentina,ARG,1996.0,9332669524.5,,272149750000.0,7663.21271287469,,73.307,35513793.0
1996,Namibia,NAM,0,2,0,2,Summer,Namibia,NAM,1996.0,301308415.323424,,3989163196.56767,2423.3982907313,,56.918,1646103.0
1996,Slovenia,SLO,0,2,0,2,Summer,Slovenia,SLO,1996.0,1154037375.19153,,21470699362.6062,10796.7399446283,,74.4585365853658,1988628.0
1996,Austria,AUT,0,1,2,3,Summer,Austria,AUT,1996.0,11618757213.4131,,235952581232.129,29645.9451251491,,76.8707317073171,7959017.0
1996,Malaysia,MAS,0,1,1,2,Summer,Malaysia,MAS,1996.0,4038914858.09683,,100855393910.486,4837.16897250768,,72.327,20850087.0
1996,Republic of Moldova,MDA,0,1,1,2,Summer,Moldova,MDA,1996.0,163149859.565217,,1695122173.91304,575.145455139019,,64.241,2947293.0
1996,Uzbekistan,UZB,0,1,1,2,Summer,Uzbekistan,UZB,1996.0,1300832175.85574,,13948892215.5689,597.33228695111,,64.712,23351981.0
1996,Azerbaijan,AZE,0,1,0,1,Summer,Azerbaijan,AZE,1996.0,104515982.796699,,3176507376.31836,409.185543774103,,62.622,7763000.0
1996,Chinese Taipei,TPE,0,1,0,1,Summer,,,,,,,,,,
1996,Latvia,LAT,0,1,0,1,Summer,Latvia,LAT,1996.0,324725099.540582,,5799465288.41246,2360.1714816213,,68.7765853658537,2457222.0
1996,Philippines,PHI,0,1,0,1,Summer,Philippines,PHI,1996.0,2742040896.8382,,94648084429.0341,1311.09249403865,,68.614,72190242.0
1996,The Bahamas,BAH,0,1,0,1,Summer,"Bahamas, The",BAH,1996.0,169582446.9136,,3609000000.0,11783.797197226,,70.71,306268.0
1996,Tonga,TGA,0,1,0,1,Summer,Tonga,TGA,1996.0,10608622.5633692,,222100545.630873,2214.91444159434,,68.323,100275.0
1996,Zambia,ZAM,0,1,0,1,Summer,Zambia,ZAM,1996.0,68662810.4511129,,3597220962.00017,399.511304742449,,45.233,9004053.0
1996,Georgia,GEO,0,0,2,2,Summer,Georgia,GEO,1996.0,129238398.228517,,3094935186.76896,689.034413652597,,68.974,4491699.0
1996,Morocco,MAR,0,0,2,2,Summer,Morocco,MAR,1996.0,2063517077.07752,,43161571527.6353,1596.83239746094,,65.238,26808107.0
1996,Trinidad and Tobago,TTO,0,0,2,2,Summer,Trinidad and Tobago,TTO,1996.0,173102216.316131,,5759570336.11287,4427.27832448289,,69.009,1300928.0
1996,India,IND,0,0,1,1,Summer,India,IND,1996.0,11287149942.0576,,392896866204.516,401.046754673579,,60.984,979678458.0
1996,Israel,ISR,0,0,1,1,Summer,Israel,ISR,1996.0,7610569603.80095,,114866706144.061,20180.3770456889,,78.1048780487805,5692000.0
1996,Lithuania,LTU,0,0,1,1,Summer,Lithuania,LTU,1996.0,381590786.361675,,8430207164.43677,2340.67545970008,,70.1080487804878,3601613.0
1996,Mexico,MEX,0,0,1,1,Summer,Mexico,MEX,1996.0,19210979333.8804,,432157945024.428,4674.36792733681,,72.037,92452702.0
1996,Mongolia,MGL,0,0,1,1,Summer,Mongolia,MGL,1996.0,55917116.823212,,1345719472.35883,595.5810149554,,60.305,2259507.0
1996,Mozambique,MOZ,0,0,1,1,Summer,Mozambique,MOZ,1996.0,143867347.568882,,4030146134.5706,244.362651012498,,46.636,16492480.0
1996,Puerto Rico,PUR,0,0,1,1,Summer,Puerto Rico,PUR,1996.0,2646062529.03758,,45340835000.0,12173.163688986,,74.585,3724655.0
1996,Tunisia,TUN,0,0,1,1,Summer,Tunisia,TUN,1996.0,1057328333.67578,,19587161806.7655,2107.40815649257,,72.38,9294432.0
1996,Uganda,UGA,0,0,1,1,Summer,Uganda,UGA,1996.0,116170933.257415,,6044585326.938,284.698259285733,,46.67,21231550.0
2000,United States,USA,37,24,32,93,Summer,United States,USA,2000.0,468693629880.32,4533.82617188,10250952000000.0,36329.9702595751,,76.6365853658537,282162411.0
2000,Russian Federation,RUS,32,28,29,89,Summer,Russian Federation,RUS,2000.0,8970411757.76347,95.0,259710142196.943,1771.59411621094,,65.4836585365854,146596869.0
2000,People's Republic of China,CHN,28,16,14,58,Summer,China,CHN,2000.0,21420595778.5188,42.99362183,1211331651866.09,959.360431369138,,71.881,1262645000.0
2000,Australia,AUS,16,25,17,58,Summer,Australia,AUS,2000.0,19506490234.2524,1636.52856445,416167815092.908,21870.4159669594,,79.2341463414634,19028802.0
2000,Germany,GER,13,17,26,56,Summer,Germany,GER,2000.0,79277035282.1621,2344.41088867,1966980701145.1,23925.8559901991,,77.9268292682927,82211508.0
2000,France,FRA,13,14,11,38,Summer,France,FRA,2000.0,67770522458.9498,2161.85302734,1360959069477.49,22340.5939516217,,79.0560975609756,60918661.0
2000,Italy,ITA,13,8,13,34,Summer,Italy,ITA,2000.0,46377353210.999,1524.0,1149661363439.38,20190.0035636084,,79.7780487804878,56942108.0
2000,Netherlands,NED,12,9,4,25,Summer,Netherlands,NED,2000.0,16930940877.0617,2028.0,417649282153.726,26225.1697734149,,77.9878048780488,15925513.0
2000,Cuba,CUB,11,11,7,29,Summer,Cuba,CUB,2000.0,2179886800.0,181.14724731,30565400000.0,2751.3817714814,,76.183,11109109.0
2000,Great Britain,GBR,11,10,7,28,Summer,United Kingdom,GBR,2000.0,63578904178.8773,2020.52832031,1665534876683.31,28280.926786099,,77.7414634146342,58892514.0
2000,Romania,ROU,11,6,9,26,Summer,Romania,ROU,2000.0,1043933564.42029,70.0,37253739511.1273,1659.92904910528,,71.1634146341463,22442971.0
2000,Republic of Korea,KOR,8,10,10,28,Summer,"Korea, Rep.",KOR,2000.0,16501974222.4894,475.02932739,576179387819.613,12257.0206622345,,75.909756097561,47008111.0
2000,Hungary,HUN,8,6,3,17,Summer,Hungary,HUN,2000.0,2075383549.56114,313.0,47218405892.4258,4624.28165670295,,71.2463414634146,10210971.0
2000,Poland,POL,6,5,3,14,Summer,Poland,POL,2000.0,7977940776.53574,238.0,172953527033.013,4520.64100449111,,73.7487804878049,38258629.0
2000,Japan,JPN,5,8,5,18,Summer,Japan,JPN,2000.0,151470256758.647,2756.0,4968359075956.59,39169.3595701504,,81.0760975609756,126843000.0
2000,Bulgaria,BUL,5,6,2,13,Summer,Bulgaria,BUL,2000.0,414379167.453178,95.0,13245990274.4581,1621.26210738992,,71.6634146341463,8170172.0
2000,Greece,GRE,4,6,3,13,Summer,Greece,GRE,2000.0,,885.41052246,125760166224.805,11638.2010697215,,77.8878048780488,10805808.0
2000,Sweden,SWE,4,5,3,12,Summer,Sweden,SWE,2000.0,17715503811.3335,2173.0,262905197441.662,29632.7736101599,,79.6439024390244,8872109.0
2000,Norway,NOR,4,3,3,10,Summer,Norway,NOR,2000.0,9892125132.25923,2949.0,171457201935.968,38178.2368777076,,78.6341463414634,4490967.0
2000,Ethiopia,ETH,4,1,3,8,Summer,Ethiopia,ETH,2000.0,198828999.100404,5.31966591,8242349617.8638,122.269202606069,,50.538,67411494.0
2000,Ukraine,UKR,3,10,10,23,Summer,Ukraine,UKR,2000.0,1194237475.72926,35.0,32375083934.8241,653.294311523438,,67.6756097560976,49556660.0
2000,Kazakhstan,KAZ,3,4,0,7,Summer,Kazakhstan,KAZ,2000.0,630373209.687534,50.0,18291990662.0356,1180.0444563226,,65.45,15501103.0
2000,Belarus,BLR,3,3,11,17,Summer,Belarus,BLR,2000.0,685038756.174783,56.0,12736780455.1539,1276.28038121269,,68.9121951219512,9979610.0
2000,Canada,CAN,3,3,8,14,Summer,Canada,CAN,2000.0,38936726194.3446,2001.66870117,744773415931.587,24271.0020563821,,79.1668292682927,30685730.0
2000,Spain,ESP,3,3,5,11,Summer,Spain,ESP,2000.0,22872242337.3789,1005.28399658,598102854756.08,14743.2671031455,,78.9658536585366,40567864.0
2000,Türkiye,TUR,3,0,2,5,Summer,Turkiye,TUR,2000.0,5910515607.18526,197.0,274294623164.043,4192.44316738494,,71.861,65425961.0
2000,Islamic Republic of Iran,IRI,3,0,1,4,Summer,"Iran, Islamic Rep.",IRI,2000.0,4402561063.41552,80.95653534,109591707801.431,1650.01385832603,,69.691,66418659.0
2000,Czechia,CZE,2,3,3,8,Summer,Czechia,CZE,2000.0,2073397872.80901,342.92108154,62175642238.0847,6062.92152842793,,74.9682926829268,10255063.0
2000,Kenya,KEN,2,3,2,7,Summer,Kenya,KEN,2000.0,645127096.892047,21.40411377,12705350097.8044,414.626365130846,,54.411,30642890.0
2000,Denmark,DEN,2,3,1,6,Summer,Denmark,DEN,2000.0,12225778238.0516,2496.0,164043817223.59,30722.0251837567,,76.5926829268293,5339616.0
2000,Finland,FIN,2,1,1,4,Summer,Finland,FIN,2000.0,6762661528.32002,1727.0,125967821110.589,24335.9225082659,,77.4658536585366,5176209.0
2000,Austria,AUT,2,1,0,3,Summer,Austria,AUT,2000.0,10486248299.9668,2269.0,196181599831.287,24487.2974685956,,78.1268292682927,8011566.0
2000,Lithuania,LTU,2,0,3,5,Summer,Lithuania,LTU,2000.0,645532140.235936,217.0,11550695727.2335,3300.63634928559,,72.0195121951219,3499536.0
2000,Azerbaijan,AZE,2,0,1,3,Summer,Azerbaijan,AZE,2000.0,209201385.784533,19.0,5272615722.96892,655.097249579917,,64.891,8048600.0
2000,The Bahamas,BAH,2,0,1,3,Summer,"Bahamas, The",BAH,2000.0,304403572.12,945.44030762,8076470000.0,24940.0775086078,,72.041,323835.0
2000,Slovenia,SLO,2,0,0,2,Summer,Slovenia,SLO,2000.0,1071741046.23991,797.0,20159190701.6789,10135.7219109212,,75.4121951219512,1988925.0
2000,Switzerland,SUI,1,6,2,9,Summer,Switzerland,SUI,2000.0,11815582721.7213,3559.81982422,279216033870.204,38865.021939688,,79.6804878048781,7184250.0
2000,Indonesia,INA,1,3,2,6,Summer,Indonesia,INA,2000.0,2352916662.2592,15.53566933,165021012077.81,763.711124950924,,66.433,216077790.0
2000,Slovakia,SVK,1,3,1,5,Summer,Slovak Republic,SVK,2000.0,1077667836.90624,204.0,29215726004.7765,5421.6448441887,,73.0512195121951,5388720.0
2000,Mexico,MEX,1,2,3,6,Summer,Mexico,MEX,2000.0,28470359484.1787,321.80123901,742061329643.37,7524.02713693678,,73.569,98625552.0
2000,Nigeria,NGR,1,2,0,3,Summer,Nigeria,NGR,2000.0,538055760.119,17.65198708,69171451627.2465,547.318298903379,,47.193,126382494.0
2000,Algeria,ALG,1,1,3,5,Summer,Algeria,ALG,2000.0,2326532097.93582,62.11769485,54790398570.3282,1772.92869122761,,70.478,30903893.0
2000,Uzbekistan,UZB,1,1,2,4,Summer,Uzbekistan,UZB,2000.0,1220206766.2008,35.0,13760513969.314,555.149231099186,,65.724,24787054.0
2000,Latvia,LAT,1,1,1,3,Summer,Latvia,LAT,2000.0,395296075.492453,182.0,7761252607.18424,3278.17896440803,,70.3146341463415,2367550.0
2000,Serbia and Montenegro,SCG,1,1,1,3,Summer,,,,,,,,,,
2000,New Zealand,NZL,1,0,3,4,Summer,New Zealand,NZL,2000.0,3362658630.83475,1054.91210938,52623281956.7031,13641.1027183822,,78.6365853658537,3857700.0
2000,Estonia,EST,1,0,2,3,Summer,Estonia,EST,2000.0,271953471.691989,209.97769165,5686579747.53524,4070.60902410208,,70.4170731707317,1396985.0
2000,Thailand,THA,1,0,2,3,Summer,Thailand,THA,2000.0,5525945537.22344,62.15243912,126392224253.794,2005.97694514234,,72.316,63007815.0
2000,Croatia,CRO,1,0,1,2,Summer,Croatia,CRO,2000.0,747017741.433164,371.0,22134411297.473,4953.65158789022,,72.8078048780488,4468302.0
2000,Cameroon,CMR,1,0,0,1,Summer,Cameroon,CMR,2000.0,176498236.813286,28.79333305,10566579294.9831,708.565731625965,,52.932,14912631.0
2000,Colombia,COL,1,0,0,1,Summer,Colombia,COL,2000.0,3587914362.03466,134.28443909,99875074951.0278,2555.00751039968,,71.32,39089934.0
2000,Mozambique,MOZ,1,0,0,1,Summer,Mozambique,MOZ,2000.0,130142073.298044,6.96425152,5930685214.61595,327.12623979157,,49.491,18129653.0
2000,Brazil,BRA,0,6,6,12,Summer,Brazil,BRA,2000.0,24699012563.2457,310.61404419,655448231983.527,3766.54811466032,,69.737,174018282.0
2000,Jamaica,JAM,0,6,3,9,Summer,Jamaica,JAM,2000.0,484283517.110695,194.58740234,9005064474.93003,3453.09252800226,,70.944,2607826.0
2000,Belgium,BEL,0,2,3,5,Summer,Belgium,BEL,2000.0,11533684445.5697,1849.91601563,236792460312.471,23098.8865077401,,77.7219512195122,10251250.0
2000,South Africa,RSA,0,2,3,5,Summer,South Africa,RSA,2000.0,7800439027.63771,237.82832336,151752757215.309,3217.84693448467,,58.47,47159719.0
2000,Argentina,ARG,0,2,2,4,Summer,Argentina,ARG,2000.0,12726174569.4,704.94592285,284203750000.0,7637.01489203628,,73.926,37213984.0
2000,Chinese Taipei,TPE,0,1,4,5,Summer,,,,,,,,,,
2000,Morocco,MAR,0,1,4,5,Summer,Morocco,MAR,2000.0,2095147856.10766,54.38904953,43017455401.8445,1499.107421875,,66.787,28423435.0
2000,Democratic People's Republic of Korea,PRK,0,1,3,4,Summer,"Korea, Dem. People's Rep.",PRK,2000.0,,,,,,60.763,23665910.0
2000,Kingdom of Saudi Arabia,KSA,0,1,1,2,Summer,Saudi Arabia,KSA,2000.0,13682998165.5796,370.42074585,189514933333.333,11714.5623675159,,72.467,16177722.0
2000,Republic of Moldova,MDA,0,1,1,2,Summer,Moldova,MDA,2000.0,72786894.1103236,21.0,1288429391.79951,440.538683980372,,66.417,2924668.0
2000,Trinidad and Tobago,TTO,0,1,1,2,Summer,Trinidad and Tobago,TTO,2000.0,191908874.130925,263.67974854,8154342116.10311,6178.58975559687,,69.102,1319774.0
2000,Ireland,IRL,0,1,0,1,Summer,Ireland,IRL,2000.0,3721376849.60841,1564.83740234,100207610429.909,26334.5672050501,,76.5365853658537,3805174.0
2000,Sri Lanka,SRI,0,1,0,1,Summer,Sri Lanka,SRI,2000.0,391375979.487904,44.0,16330814179.9766,846.460813304966,,70.355,19293054.0
2000,Uruguay,URU,0,1,0,1,Summer,Uruguay,URU,2000.0,523412022.868523,693.67926025,22823270892.1094,6987.70098766257,,75.025,3266206.0
2000,Vietnam,VIE,0,1,0,1,Summer,Viet Nam,VIE,2000.0,919447519.88442,20.57923889,31172518403.3162,404.029784055118,,72.462,77154011.0
2000,Georgia,GEO,0,0,6,6,Summer,Georgia,GEO,2000.0,116966455.708976,53.0,3057475335.18846,749.908534993961,,69.575,4077131.0
2000,Costa Rica,CRC,0,0,2,2,Summer,Costa Rica,CRC,2000.0,680431088.651975,247.70188904,15013629661.8969,3812.75388284924,,77.586,3937739.0
2000,Portugal,POR,0,0,2,2,Summer,Portugal,POR,2000.0,5789900298.08422,995.0,118605192877.388,11526.3720667968,,76.3146341463415,10289898.0
2000,Armenia,ARM,0,0,1,1,Summer,Armenia,ARM,2000.0,45823806.5247388,25.0,1911563668.85006,593.450581742282,,70.624,3221100.0
2000,Barbados,BAR,0,0,1,1,Summer,Barbados,BAR,2000.0,128949225.0,616.37762451,3059500000.0,11674.6736471764,,74.089,262063.0
2000,Chile,CHI,0,0,1,1,Summer,Channel Islands,CHI,2000.0,,,6439703434.71024,43479.1940767689,,79.155,148110.0
2000,Iceland,ISL,0,0,1,1,Summer,Iceland,ISL,2000.0,497840208.655744,2854.0,9025660361.75842,32096.3722613695,,79.6536585365854,281205.0
2000,India,IND,0,0,1,1,Summer,India,IND,2000.0,19468397452.3488,18.0,468395521654.458,442.750218937263,,62.669,1057922733.0
2000,Israel,ISR,0,0,1,1,Summer,Israel,ISR,2000.0,7641228439.31012,1472.0,136225025139.185,21660.840378309,,78.9536585365854,6289000.0
2000,Kuwait,KUW,0,0,1,1,Summer,Kuwait,KUW,2000.0,2303671794.69915,429.56253052,37718743480.0751,19296.3471698729,,76.722,1954709.0
2000,Kyrgyzstan,KGZ,0,0,1,1,Summer,Kyrgyz Republic,KGZ,2000.0,40175881.1397147,12.0,1369688498.06778,279.621767006739,,68.5585365853659,4898361.5
2000,North Macedonia,MKD,0,0,1,1,Summer,North Macedonia,MKD,2000.0,151284713.224386,164.0,3772859034.20508,1861.89899780644,,72.9463414634147,2026350.0
2000,Qatar,QAT,0,0,1,1,Summer,Qatar,QAT,2000.0,337672730.38704,552.27423096,17759890109.8901,27535.182940934,,74.828,644989.0
2004,United States,USA,36,39,26,101,Summer,United States,USA,2004.0,576650613766.443,6047.81835938,12217196000000.0,41724.6411982614,,77.4878048780488,292805298.0
2004,People's Republic of China,CHN,32,17,14,63,Summer,China,CHN,2004.0,34908855561.5335,64.54340363,1955346768721.39,1508.66791560781,,73.748,1296075000.0
2004,Russian Federation,RUS,28,26,36,90,Summer,Russian Federation,RUS,2004.0,20523502752.3822,209.0,591016690732.385,4102.36474609375,,65.4709756097561,144067316.0
2004,Australia,AUS,17,16,17,50,Summer,Australia,AUS,2004.0,29161787580.0256,2760.83081055,614659980082.515,30836.7306824685,,80.490243902439,19932722.0
2004,Japan,JPN,16,9,12,37,Summer,Japan,JPN,2004.0,149970355240.727,2888.0,4893116005656.56,38298.9801712303,,82.030243902439,127761000.0
2004,Germany,GER,13,16,20,49,Summer,Germany,GER,2004.0,116394359393.176,3459.82495117,2852317768061.78,34566.7359143735,,78.6804878048781,82516260.0
2004,France,FRA,11,9,13,33,Summer,France,FRA,2004.0,108093597483.622,3458.62744141,2109792297237.03,33644.9282220364,,80.1634146341463,62707588.0
2004,Italy,ITA,10,11,11,32,Summer,Italy,ITA,2004.0,75208211993.5425,2566.0,1812808753294.75,31425.8208728669,,80.7804878048781,57685327.0
2004,Republic of Korea,KOR,9,12,9,30,Summer,"Korea, Rep.",KOR,2004.0,28583990212.3424,708.57940674,793175561887.027,16496.1316167114,,77.6658536585366,48082519.0
2004,Great Britain,GBR,9,9,12,30,Summer,United Kingdom,GBR,2004.0,105501869425.896,3366.34155273,2421525082387.4,40366.8886650968,,78.7463414634146,59987905.0
2004,Cuba,CUB,9,7,11,27,Summer,Cuba,CUB,2004.0,3375994067.95,232.50595093,38203000000.0,3399.21962893402,,76.912,11238756.0
2004,Hungary,HUN,8,6,3,17,Summer,Hungary,HUN,2004.0,5191015559.87843,798.0,104120820258.669,10301.7033946743,,72.6487804878049,10107146.0
2004,Ukraine,UKR,8,5,9,22,Summer,Ukraine,UKR,2004.0,3353026816.64807,85.0,67220154164.3166,1401.01806640625,,68.1853658536585,47979507.0
2004,Romania,ROU,8,5,6,19,Summer,Romania,ROU,2004.0,2319929542.3599,191.0,74973656851.8076,3494.99056448955,,71.5609756097561,21451748.0
2004,Greece,GRE,6,6,4,16,Summer,Greece,GRE,2004.0,,1782.69592285,234979615898.225,21449.2552764245,,79.0390243902439,10955141.0
2004,Brazil,BRA,5,2,3,10,Summer,Brazil,BRA,2004.0,25331293955.5229,294.3838501,669289424806.307,3663.823188064,,71.131,182675143.0
2004,Norway,NOR,5,0,1,6,Summer,Norway,NOR,2004.0,17729790202.9432,5097.0,265268662473.297,57768.6980958462,,79.8414634146342,4591910.0
2004,Netherlands,NED,4,9,9,22,Summer,Netherlands,NED,2004.0,29109991593.0153,3689.0,661224886143.245,40611.3414353091,,79.0951219512195,16281779.0
2004,Sweden,SWE,4,2,1,7,Summer,Sweden,SWE,2004.0,25909942413.1503,3488.0,384547211147.247,42758.2015503417,,80.4975609756098,8993531.0
2004,Spain,ESP,3,11,6,20,Summer,Spain,ESP,2004.0,40457172525.6129,1924.27087402,1069829382514.67,24925.0267844576,,79.8707317073171,42921895.0
2004,Canada,CAN,3,6,3,12,Summer,Canada,CAN,2004.0,47824932062.572,2916.2512207,1026690238278.25,32145.5412620217,,79.9921951219512,31938807.0
2004,Türkiye,TUR,3,3,4,10,Summer,Turkiye,TUR,2004.0,11533433200.5612,296.0,408865430220.331,5960.77898909049,,73.24,68592617.0
2004,Poland,POL,3,2,5,10,Summer,Poland,POL,2004.0,13020917049.4313,392.0,256268656145.134,6711.72715262967,,74.8463414634146,38182222.0
2004,New Zealand,NZL,3,2,0,5,Summer,New Zealand,NZL,2004.0,6667520000.0,1983.18701172,103905210084.034,25420.234882944,,79.5487804878049,4087500.0
2004,Thailand,THA,3,1,4,8,Summer,Thailand,THA,2004.0,7106777767.04374,83.09568024,172895685154.658,2641.56268717857,,73.08,65452047.0
2004,Belarus,BLR,2,5,6,13,Summer,Belarus,BLR,2004.0,1255727395.41667,137.0,23141566292.9462,2378.33700470129,,68.9560975609756,9730146.0
2004,Austria,AUT,2,4,1,7,Summer,Austria,AUT,2004.0,15473566428.8337,3595.0,299210411454.823,36614.2506533707,,79.1804878048781,8171966.0
2004,Ethiopia,ETH,2,3,2,7,Summer,Ethiopia,ETH,2004.0,298002638.575318,5.79775095,10131187261.4421,133.169812538096,,53.235,76077206.0
2004,Islamic Republic of Iran,IRI,2,2,2,6,Summer,"Iran, Islamic Rep.",IRI,2004.0,8613974478.53822,142.1769104,187754571246.703,2672.42266512669,,71.37,70256316.0
2004,Slovakia,SVK,2,2,2,6,Summer,Slovak Republic,SVK,2004.0,2220583052.59179,512.0,57215475076.2986,10650.1290097126,,73.9585365853659,5372280.0
2004,Chinese Taipei,TPE,2,2,1,5,Summer,,,,,,,,,,
2004,Georgia,GEO,2,2,0,4,Summer,Georgia,GEO,2004.0,145056708.274207,107.0,5125365191.98664,1305.04748557208,,70.567,3927340.0
2004,Bulgaria,BUL,2,1,9,12,Summer,Bulgaria,BUL,2004.0,587487497.758872,233.0,26157743368.8716,3389.68743360274,,72.5634146341463,7716860.0
2004,Denmark,DEN,2,1,5,8,Summer,Denmark,DEN,2004.0,19505354609.3371,4195.0,251986155630.852,46625.050098011,,77.4926829268293,5404523.0
2004,Jamaica,JAM,2,1,2,5,Summer,Jamaica,JAM,2004.0,382725661.04642,183.49156189,10174664853.9476,3807.56293124552,,70.86,2672225.0
2004,Uzbekistan,UZB,2,1,2,5,Summer,Uzbekistan,UZB,2004.0,992385815.6488,28.0,12030023547.8807,462.171492867885,,67.401,26029350.0
2004,Morocco,MAR,2,1,0,3,Summer,Morocco,MAR,2004.0,3129875229.67975,90.9294281,66114145451.0067,2183.55541992188,,68.231,29953018.0
2004,Argentina,ARG,2,0,4,6,Summer,Argentina,ARG,2004.0,4829932414.46608,310.21994019,164657930452.787,4242.02099089422,,74.855,38815916.0
2004,Chile,CHI,2,0,1,3,Summer,Channel Islands,CHI,2004.0,,,8553643354.08275,56259.5344226334,,80.125,152039.0
2004,Kazakhstan,KAZ,1,4,3,8,Summer,Kazakhstan,KAZ,2004.0,915768485.386787,111.0,43151647002.6096,2722.47407755402,,66.06,15850159.0
2004,Kenya,KEN,1,4,2,7,Summer,Kenya,KEN,2004.0,1011467728.41925,27.75096512,16095337093.8366,463.662781300121,,56.361,34713455.0
2004,Czechia,CZE,1,3,5,9,Summer,Czechia,CZE,2004.0,4337296087.90731,746.32891846,120147899983.657,11782.5546676117,,75.7219512195122,10197101.0
2004,South Africa,RSA,1,3,2,6,Summer,South Africa,RSA,2004.0,12549614754.6047,365.53488159,255806908594.573,5221.46333731721,,54.043,48991421.0
2004,Croatia,CRO,1,2,2,5,Summer,Croatia,CRO,2004.0,1523555324.13628,635.0,41836292157.3335,9718.97322801967,,75.520243902439,4304600.0
2004,Lithuania,LTU,1,2,0,3,Summer,Lithuania,LTU,2004.0,1104636413.44538,367.0,22743164431.1972,6734.57487061946,,71.9609756097561,3377075.0
2004,Egypt,EGY,1,1,3,5,Summer,"Egypt, Arab Rep.",EGY,2004.0,3466075797.02116,51.60012436,78782467532.4675,991.255689145253,,68.613,79477443.0
2004,Switzerland,SUI,1,1,3,5,Summer,Switzerland,SUI,2004.0,20230064932.4487,5608.703125,403912891033.374,54659.4571488233,,81.0878048780488,7389625.0
2004,Indonesia,INA,1,1,2,4,Summer,Indonesia,INA,2004.0,5608624479.76985,26.21132469,256836875295.452,1126.84004447173,,65.75,227926649.0
2004,Zimbabwe,ZIM,1,1,1,3,Summer,Zimbabwe,ZIM,2004.0,174604287.963953,,5805598400.0,469.484653598898,,44.502,12365896.0
2004,Azerbaijan,AZE,1,0,4,5,Summer,Azerbaijan,AZE,2004.0,298904345.171466,27.0,8680405740.94125,1045.0136328106,,67.346,8306500.0
2004,Belgium,BEL,1,0,2,3,Summer,Belgium,BEL,2004.0,21037989818.2688,3312.74121094,369214712443.206,35429.4077933344,,78.8780487804878,10421137.0
2004,Israel,ISR,1,0,1,2,Summer,Israel,ISR,2004.0,7916193542.30253,1443.0,139899274431.058,20546.2291718399,,80.1463414634146,6809000.0
2004,The Bahamas,BAH,1,0,1,2,Summer,"Bahamas, The",BAH,2004.0,341904233.32,1067.91625977,9055290000.0,26650.2934234303,,72.478,339782.0
2004,Cameroon,CMR,1,0,0,1,Summer,Cameroon,CMR,2004.0,504784837.801637,41.7527771,18826214135.6419,1133.39326749673,,54.178,16610487.0
2004,Dominican Republic,DOM,1,0,0,1,Summer,Dominican Republic,DOM,2004.0,376969745.172398,105.84014893,22322387382.494,2451.69161616569,,70.331,9104892.0
2004,United Arab Emirates,UAE,1,0,0,1,Summer,United Arab Emirates,UAE,2004.0,4216522112.81967,911.39276123,147824370319.946,33376.7152295209,,76.453,4428967.0
2004,Democratic People's Republic of Korea,PRK,0,4,1,5,Summer,"Korea, Dem. People's Rep.",PRK,2004.0,,,,,,69.437,24254943.0
2004,Latvia,LAT,0,4,0,4,Summer,Latvia,LAT,2004.0,639363007.568468,393.0,13827070378.5612,6109.73265186817,,72.0268292682927,2263122.0
2004,Mexico,MEX,0,3,1,4,Summer,Mexico,MEX,2004.0,36372056690.4129,448.06021118,819459227375.022,7849.66759649565,,74.372,104394131.0
2004,Portugal,POR,0,2,1,3,Summer,Portugal,POR,2004.0,9350130850.51285,1724.0,189382122532.169,18064.1580932987,,77.6707317073171,10483861.0
2004,Finland,FIN,0,2,0,2,Summer,Finland,FIN,2004.0,11176431217.1139,3044.0,197458297639.769,37768.1334202029,,78.7146341463415,5228172.0
2004,Serbia and Montenegro,SCG,0,2,0,2,Summer,,,,,,,,,,
2004,Slovenia,SLO,0,1,3,4,Summer,Slovenia,SLO,2004.0,1784928059.29248,1369.0,34156553313.4031,17103.8297783905,,77.2073170731707,1997012.0
2004,Estonia,EST,0,1,2,3,Summer,Estonia,EST,2004.0,536566418.385094,474.50796509,12148595031.0559,8916.0728274602,,71.909756097561,1362550.0
2004,"Hong Kong, China",HKG,0,1,0,1,Summer,"Hong Kong SAR, China",HKG,2004.0,6351771969.12561,,169099768875.193,24928.1003722551,,81.7992682926829,6783500.0
2004,India,IND,0,1,0,1,Summer,India,IND,2004.0,22681027718.6313,25.0,709152728830.775,624.258826510066,,64.524,1135991513.0
2004,Paraguay,PAR,0,1,0,1,Summer,Paraguay,PAR,2004.0,326185437.252259,87.64266968,9624440836.29309,1786.21533938543,,70.481,5388175.0
2004,Colombia,COL,0,0,2,2,Summer,Colombia,COL,2004.0,4565896657.12437,159.20832825,117092416666.245,2818.57195413044,,72.695,41543171.0
2004,Nigeria,NGR,0,0,2,2,Summer,Nigeria,NGR,2004.0,1070589615.87454,44.16435242,135764731645.611,962.48104194733,,48.767,141057045.0
2004,Venezuela,VEN,0,0,2,2,Summer,"Venezuela, RB",VEN,2004.0,3964484119.54853,,112451400424.964,4269.08970872392,,72.514,26340838.0
2004,Eritrea,ERI,0,0,1,1,Summer,Eritrea,ERI,2004.0,24718968.1320037,21.77468681,1109054005.43971,426.840947887032,,59.899,2598284.0
2004,Mongolia,MGL,0,0,1,1,Summer,Mongolia,MGL,2004.0,81419503.1009552,32.62977219,1992066808.09598,794.154552001815,,64.796,2508412.0
2004,Syrian Arab Republic,SYR,0,0,1,1,Summer,Syrian Arab Republic,SYR,2004.0,2707504851.96605,60.79922104,25086950495.0495,1368.1148230028,,72.475,18336875.0
2004,Trinidad and Tobago,TTO,0,0,1,1,Summer,Trinidad and Tobago,TTO,2004.0,378076617.865041,426.36782837,13280291989.5755,9871.03419820086,,71.076,1345380.0
2008,People's Republic of China,CHN,48,22,30,100,Summer,China,CHN,2008.0,82749413388.5123,134.2076416,4594336785737.67,3468.32706307504,,74.872,1324655000.0
2008,United States,USA,36,39,37,112,Summer,United States,USA,2008.0,693853548138.437,7347.45458984,14769862000000.0,48570.0594269601,,78.0390243902439,304093966.0
2008,Russian Federation,RUS,24,13,23,60,Summer,Russian Federation,RUS,2008.0,57351187620.6474,610.0,1660848058303.11,11635.2841796875,,67.9492682926829,142742366.0
2008,Great Britain,GBR,19,13,19,51,Summer,United Kingdom,GBR,2008.0,139139948713.235,4297.47509766,2929411764705.88,47396.1202078484,,79.6,61806995.0
2008,Germany,GER,16,11,14,41,Summer,Germany,GER,2008.0,160684833300.654,4669.76025391,3808786022312.5,46386.3295924799,,79.7365853658537,82110097.0
2008,Australia,AUS,14,15,17,46,Summer,Australia,AUS,2008.0,46577367949.8655,4107.01269531,1056112427190.38,49701.2817843335,,81.3951219512195,21249199.0
2008,Republic of Korea,KOR,13,11,8,32,Summer,"Korea, Rep.",KOR,2008.0,41904202426.2676,1137.20910645,1047339010225.25,21350.427979823,,79.5170731707317,49054708.0
2008,Japan,JPN,9,8,8,25,Summer,Japan,JPN,2008.0,151573896013.536,3225.0,5106679115127.3,39876.3039685725,,82.5875609756098,128063000.0
2008,Italy,ITA,8,9,10,27,Summer,Italy,ITA,2008.0,100477608079.946,3504.0,2417508414187.19,41095.4063415012,,81.4853658536585,58826731.0
2008,France,FRA,7,16,20,43,Summer,France,FRA,2008.0,146113838699.654,4807.37451172,2926802941585.86,45464.8181385158,,81.2146341463415,64375116.0
2008,Netherlands,NED,7,5,4,16,Summer,Netherlands,NED,2008.0,41373615221.5797,5382.0,957901566041.406,58246.7026905874,,80.2512195121951,16445593.0
2008,Ukraine,UKR,7,4,11,22,Summer,Ukraine,UKR,2008.0,10567973628.8173,216.0,188110390659.515,4017.806640625,,68.2514634146342,46819175.0
2008,Kenya,KEN,6,4,6,16,Summer,Kenya,KEN,2008.0,2065737290.62255,55.4166069,35895153327.8497,915.54435473604,,59.614,39206351.0
2008,Spain,ESP,5,11,3,19,Summer,Spain,ESP,2008.0,65049133229.7084,2995.18603516,1636115447612.5,35603.248328071,,81.1756097560976,45954106.0
2008,Jamaica,JAM,5,4,2,11,Summer,Jamaica,JAM,2008.0,800295455.825483,283.72842407,13709401520.0326,5029.80095281745,,71.612,2725635.0
2008,Poland,POL,4,5,2,11,Summer,Poland,POL,2008.0,25287011124.0246,893.0,535612030671.888,14048.5604672654,,75.5439024390244,38125759.0
2008,Ethiopia,ETH,4,2,1,7,Summer,Ethiopia,ETH,2008.0,1034717674.54565,13.22203732,27066912635.2228,316.410475118075,,57.592,85543668.0
2008,Romania,ROU,4,1,4,9,Summer,Romania,ROU,2008.0,6935970621.2938,521.0,214315932061.275,10435.1561230787,,72.5658536585366,20537875.0
2008,Cuba,CUB,3,10,17,30,Summer,Cuba,CUB,2008.0,7751045472.22222,610.09155273,56302129629.6296,4986.12436479175,,77.429,11291762.0
2008,Canada,CAN,3,9,8,20,Summer,Canada,CAN,2008.0,67021594189.3157,4491.22900391,1552989690721.65,46710.2526864484,,80.7246341463415,33247298.0
2008,Hungary,HUN,3,5,2,10,Summer,Hungary,HUN,2008.0,7484199195.52993,1117.0,158325614580.628,15772.3300839383,,73.7024390243903,10038188.0
2008,Norway,NOR,3,5,1,9,Summer,Norway,NOR,2008.0,26646000904.2553,7768.0,464917553191.489,97503.5407803783,,80.5926829268293,4768212.0
2008,Brazil,BRA,3,4,10,17,Summer,Brazil,BRA,2008.0,85358903005.2787,705.13397217,1695855083552.05,8908.33176567294,,72.715,190367302.0
2008,Belarus,BLR,3,4,7,14,Summer,Belarus,BLR,2008.0,2779862732.44384,340.0,60752106347.126,6376.17569162063,,70.4560975609756,9527985.0
2008,Czechia,CZE,3,3,1,7,Summer,Czechia,CZE,2008.0,7983777104.79917,1449.33679199,236506264753.95,22774.7045076205,,76.9756097560976,10384603.0
2008,Slovakia,SVK,3,3,0,6,Summer,Slovak Republic,SVK,2008.0,3401117326.24461,1252.0,100830060552.902,18744.3192278346,,74.7048780487805,5379233.0
2008,New Zealand,NZL,3,2,4,9,Summer,New Zealand,NZL,2008.0,6926754972.93876,2851.11914063,133131369930.414,31252.9625640673,,80.3512195121951,4259800.0
2008,Georgia,GEO,3,2,2,7,Summer,Georgia,GEO,2008.0,280369022.57273,286.0,12795145130.9103,3324.7537205015,,71.332,3848449.0
2008,Kazakhstan,KAZ,2,3,4,9,Summer,Kazakhstan,KAZ,2008.0,3124861128.57525,251.0,133441648851.982,8123.54705891736,,67.11,16426525.0
2008,Denmark,DEN,2,2,3,7,Summer,Denmark,DEN,2008.0,25225516682.6857,6138.0,354979471960.142,64616.6657583663,,78.4463414634146,5493621.0
2008,Democratic People's Republic of Korea,PRK,2,2,2,6,Summer,"Korea, Dem. People's Rep.",PRK,2008.0,,,,,,68.958,24764618.0
2008,Thailand,THA,2,2,2,6,Summer,Thailand,THA,2008.0,10219537133.8174,149.71322632,291382982430.951,4309.13509292986,,75.492,67619830.0
2008,Mongolia,MGL,2,2,0,4,Summer,Mongolia,MGL,2008.0,233605766.049771,97.28814697,5623216608.04288,2127.42678594737,,66.382,2643201.0
2008,Switzerland,SUI,2,1,4,7,Summer,Switzerland,SUI,2008.0,25690709430.1542,7120.65283203,567267767519.158,74175.1927898555,,81.9926829268293,7647675.0
2008,Argentina,ARG,2,0,4,6,Summer,Argentina,ARG,2008.0,14986157936.6764,742.90466309,361558037110.419,8944.1102657357,,75.641,40424148.0
2008,Mexico,MEX,2,0,2,4,Summer,Mexico,MEX,2008.0,52309084844.8746,576.71539307,1161553459715.1,10523.7685403244,,74.152,110374288.0
2008,Belgium,BEL,2,0,0,2,Summer,Belgium,BEL,2008.0,31529695109.8216,4653.50585938,517328087920.078,48303.397956286,,79.6804878048781,10709973.0
2008,Zimbabwe,ZIM,1,3,0,4,Summer,Zimbabwe,ZIM,2008.0,42677619.0515497,,4415702800.0,340.740182862316,,46.723,12959149.0
2008,Slovenia,SLO,1,2,2,5,Summer,Slovenia,SLO,2008.0,2585603298.14196,2179.0,55509332322.3578,27461.9764165315,,78.7658536585366,2021316.0
2008,Azerbaijan,AZE,1,1,4,6,Summer,Azerbaijan,AZE,2008.0,1161552154.33301,111.0,48851293785.4483,5574.46810432575,,68.811,8763400.0
2008,Indonesia,INA,1,1,4,6,Summer,Indonesia,INA,2008.0,13335808780.3573,59.79582214,510228634992.255,2124.55483920617,,68.226,240157903.0
2008,Bulgaria,BUL,1,1,3,5,Summer,Bulgaria,BUL,2008.0,2073872027.52225,456.0,54480684188.4442,7271.30338858025,,72.9634146341463,7492561.0
2008,Türkiye,TUR,1,1,3,5,Summer,Turkiye,TUR,2008.0,23283365836.3639,564.0,770449132861.373,10843.5036940489,,74.45,71051678.0
2008,Chinese Taipei,TPE,1,1,2,4,Summer,,,,,,,,,,
2008,Finland,FIN,1,1,2,4,Summer,Finland,FIN,2008.0,15569050291.6225,4486.0,285698662071.094,53769.4726240385,,79.5682926829268,5313399.0
2008,Latvia,LAT,1,1,1,3,Summer,Latvia,LAT,2008.0,1619748011.7632,914.0,34135200994.0067,15677.6080864506,,72.419512195122,2177322.0
2008,Dominican Republic,DOM,1,1,0,2,Summer,Dominican Republic,DOM,2008.0,844152504.385629,230.50578308,48122601530.3324,5026.84091100115,,71.658,9573130.0
2008,Estonia,EST,1,1,0,2,Summer,Estonia,EST,2008.0,1236505756.55486,1082.15478516,24342935403.5447,18205.9064113446,,73.7707317073171,1337090.0
2008,Portugal,POR,1,1,0,2,Summer,Portugal,POR,2008.0,12118003247.4901,2392.0,263416394624.084,24949.0413566739,,78.5243902439025,10558177.0
2008,Trinidad and Tobago,TTO,1,1,0,2,Summer,Trinidad and Tobago,TTO,2008.0,850862413.223946,740.36676025,27871587349.5413,21298.9945258063,,71.47,1308587.0
2008,India,IND,1,0,2,3,Summer,India,IND,2008.0,36705512298.9999,38.0,1198895139005.92,992.519584923828,,66.149,1207930964.0
2008,Islamic Republic of Iran,IRI,1,0,1,2,Summer,"Iran, Islamic Rep.",IRI,2008.0,15968514081.1034,297.50875854,406070949550.867,5377.41150725587,,72.624,75514204.0
2008,Cameroon,CMR,1,0,0,1,Summer,Cameroon,CMR,2008.0,707092792.929147,53.99885559,27715142032.913,1492.14269801453,,55.655,18574056.0
2008,Panama,PAN,1,0,0,1,Summer,Panama,PAN,2008.0,685814869.4,507.56384277,25721328000.0,7347.59050324397,,76.225,3500648.0
2008,Tunisia,TUN,1,0,0,1,Summer,Tunisia,TUN,2008.0,2537570327.08384,227.52876282,44859439902.2191,4255.05008019523,,75.185,10542635.0
2008,Sweden,SWE,0,4,1,5,Summer,Sweden,SWE,2008.0,31330246544.5828,4628.0,514616528348.834,55817.4392710726,,81.1,9219637.0
2008,Lithuania,LTU,0,3,2,5,Summer,Lithuania,LTU,2008.0,2103087205.48158,937.0,47831254207.5223,14955.5345462921,,71.8121951219512,3198231.0
2008,Nigeria,NGR,0,3,2,5,Summer,Nigeria,NGR,2008.0,2755800669.26352,80.09986115,339476276257.793,2154.10543545364,,50.225,157595014.0
2008,Croatia,CRO,0,2,3,5,Summer,Croatia,CRO,2008.0,2896937595.04987,1259.0,68478776205.9826,15889.4347074759,,75.9121951219512,4309705.0
2008,Colombia,COL,0,2,1,3,Summer,Colombia,COL,2008.0,8277331295.56363,378.67913818,242504150472.931,5541.83629665898,,74.295,43758808.0
2008,Greece,GRE,0,2,1,3,Summer,Greece,GRE,2008.0,10745400711.98,2840.50854492,351121399546.485,31695.8331092209,,79.9390243902439,11077841.0
2008,Armenia,ARM,0,1,4,5,Summer,Armenia,ARM,2008.0,339528924.137855,260.0,11662040713.8753,3777.66859313767,,72.398,3087100.0
2008,Uzbekistan,UZB,0,1,3,4,Summer,Uzbekistan,UZB,2008.0,2362633462.32911,61.0,29549438883.8338,1074.72928796701,,68.765,27494774.0
2008,Austria,AUT,0,1,2,3,Summer,Austria,AUT,2008.0,22087744652.1658,5058.0,429234399096.173,51581.3982361071,,80.4317073170732,8321496.0
2008,Ireland,IRL,0,1,2,3,Summer,Ireland,IRL,2008.0,13590717268.6449,5638.77929688,275447471451.063,61353.1065629523,,80.0951219512195,4489544.0
2008,Kyrgyzstan,KGZ,0,1,2,3,Summer,Kyrgyz Republic,KGZ,2008.0,262942639.964894,63.0,5139958909.17936,966.388569370494,,68.4512195121951,5318729.0
2008,Serbia,SRB,0,1,2,3,Summer,Serbia,SRB,2008.0,2360383259.30712,671.88702393,54220641201.6474,7376.73517910716,,73.8853658536585,7350222.0
2008,Algeria,ALG,0,1,1,2,Summer,Algeria,ALG,2008.0,7579291097.18222,207.84881592,180383848331.135,5180.91881514686,,72.941,34816961.0
2008,Morocco,MAR,0,1,1,2,Summer,Morocco,MAR,2008.0,4800165671.00628,153.10005188,101822906949.063,3183.20043945313,,70.048,31606767.0
2008,Tajikistan,TJK,0,1,1,2,Summer,Tajikistan,TJK,2008.0,228071850.724342,41.0,5161299725.27673,703.327375898643,,67.688,7338403.0
2008,The Bahamas,BAH,0,1,1,2,Summer,"Bahamas, The",BAH,2008.0,400751159.2,1410.8215332,10526000000.0,29392.3824416397,,72.667,358120.0
2008,Chile,CHI,0,1,0,1,Summer,Channel Islands,CHI,2008.0,,,,,,81.317,156408.0
2008,Ecuador,ECU,0,1,0,1,Summer,Ecuador,ECU,2008.0,2013698458.20002,232.87501526,61139438000.0,4194.75750661981,,74.983,14575202.0
2008,Iceland,ISL,0,1,0,1,Summer,Iceland,ISL,2008.0,1176533552.0366,4747.0,18074622987.0185,56943.3704468563,,81.609756097561,317414.0
2008,Malaysia,MAS,0,1,0,1,Summer,Malaysia,MAS,2008.0,9085247803.49996,262.77999878,230811614370.384,8371.82156086005,,74.25,27570059.0
2008,Samoa,SAM,0,1,0,1,Summer,American Samoa,SAM,2008.0,,,560000000.0,10030.8089130902,,,55828.0
2008,Singapore,SGP,0,1,0,1,Summer,Singapore,SGP,2008.0,4830090981.69481,1278.4921875,193617323539.203,40008.5720489092,,80.790243902439,4839396.0
2008,South Africa,RSA,0,1,0,1,Summer,South Africa,RSA,2008.0,14960140011.4862,446.90435791,316131258616.309,6184.75474328399,,56.022,51114599.0
2008,Sudan,SUD,0,1,0,1,Summer,South Sudan,SUD,2008.0,,,14586253383.0632,1654.21153546555,,53.538,8817647.0
2008,Vietnam,VIE,0,1,0,1,Summer,Viet Nam,VIE,2008.0,3566543769.06529,64.11656189,99130304099.1274,1163.83195772873,,73.411,85175788.0
2008,Egypt,EGY,0,0,2,2,Summer,"Egypt, Arab Rep.",EGY,2008.0,7242092574.41957,92.32979584,162818181818.182,1896.21594269779,,69.319,85864789.0
2008,Afghanistan,AFG,0,0,1,1,Summer,Afghanistan,AFG,2008.0,,39.96989822,10109297047.5432,381.73323802844,,59.852,26482622.0
2008,Israel,ISR,0,0,1,1,Summer,Israel,ISR,2008.0,11659600184.0301,2129.0,220552442865.106,30176.2865128483,,80.9512195121951,7308800.0
2008,Mauritius,MRI,0,0,1,1,Summer,Mauritius,MRI,2008.0,315977197.323289,312.62826538,9990356673.73497,8030.05228087539,,72.5707317073171,1244121.0
2008,Republic of Moldova,MDA,0,0,1,1,Summer,Moldova,MDA,2008.0,434186787.990762,186.0,6054824248.24221,2110.55305353857,,69.394,2868833.0
2008,Togo,TOG,0,0,1,1,Summer,Togo,TOG,2008.0,124401218.595695,27.6753788,4578849657.99813,718.948786366771,,56.695,6368812.0
2008,Venezuela,VEN,0,0,1,1,Summer,"Venezuela, RB",VEN,2008.0,15879137120.9323,,315953388510.678,11262.4514256759,,72.436,28053696.0
2012,United States,USA,48,26,30,104,Summer,United States,USA,2012.0,750735565273.544,8274.37207031,16253970000000.0,51784.4114692048,,78.7414634146342,313877662.0
2012,People's Republic of China,CHN,39,31,22,92,Summer,China,CHN,2012.0,152372181924.015,285.31427002,8532185381680.59,6300.58217951734,,76.192,1354190000.0
2012,Great Britain,GBR,29,18,18,65,Summer,United Kingdom,GBR,2012.0,141031652896.971,4242.23486328,2707089726614.64,42497.3404974322,,80.9048780487805,63700215.0
2012,Russian Federation,RUS,18,21,26,65,Summer,Russian Federation,RUS,2012.0,76117581212.0103,759.0,2208293553878.42,15401.8515625,,70.0721951219512,143378447.0
2012,Republic of Korea,KOR,13,9,8,30,Summer,"Korea, Rep.",KOR,2012.0,53092809267.6704,1553.32824707,1278046536287.01,25459.1689000965,,80.819512195122,50199853.0
2012,Germany,GER,11,20,13,44,Summer,Germany,GER,2012.0,168669762608.693,4765.67871094,3597896500945.31,44735.5882319701,,80.5390243902439,80425823.0
2012,France,FRA,11,11,13,35,Summer,France,FRA,2012.0,137391699950.06,4644.59570313,2683007095787.23,40863.5814412333,,81.9682926829268,65657659.0
2012,Australia,AUS,8,15,12,35,Summer,Australia,AUS,2012.0,75743334708.1873,6071.65087891,1547532281116.4,68072.8732340801,,82.0463414634146,22733465.0
2012,Italy,ITA,8,9,11,28,Summer,Italy,ITA,2012.0,81176930644.7446,3086.0,2097929495121.68,35235.7989058242,,82.2390243902439,59539717.0
2012,Hungary,HUN,8,4,6,18,Summer,Hungary,HUN,2012.0,5102124334.54408,961.0,128814279315.132,12984.8365730133,,75.0634146341463,9920362.0
2012,Japan,JPN,7,14,17,38,Summer,Japan,JPN,2012.0,203570168148.708,5235.0,6272362996105.03,49145.2804308193,,83.0960975609756,127629000.0
2012,Islamic Republic of Iran,IRI,7,5,1,13,Summer,"Iran, Islamic Rep.",IRI,2012.0,20879309783.4203,513.45483398,644019315003.54,8114.08099831877,,74.186,79370580.0
2012,Netherlands,NED,6,6,8,20,Summer,Netherlands,NED,2012.0,45212268391.9875,5285.0,845689017065.625,50473.9442002689,,81.1048780487805,16754962.0
2012,New Zealand,NZL,6,2,5,13,Summer,New Zealand,NZL,2012.0,12445869421.9965,3856.1730957,176210710655.208,39974.2997334925,,81.4073170731707,4408100.0
2012,Ukraine,UKR,5,4,10,19,Summer,Ukraine,UKR,2012.0,11398627047.6764,276.0,182591753827.949,3951.34228515625,,70.9441463414634,46210056.0
2012,Cuba,CUB,5,3,7,15,Summer,Cuba,CUB,2012.0,9386194600.0,601.42425537,73141000000.0,6470.83673392653,,77.833,11303175.0
2012,Spain,ESP,4,10,6,20,Summer,Spain,ESP,2012.0,53880358548.47,2590.2253418,1330994811670.31,28456.4438151477,,82.4268292682927,46773055.0
2012,Jamaica,JAM,4,5,4,13,Summer,Jamaica,JAM,2012.0,921732394.326525,262.09881592,14807086555.5283,5340.83333232158,,73.433,2772430.0
2012,Czechia,CZE,4,4,3,11,Summer,Czechia,CZE,2012.0,7993005889.41388,1515.81604004,210363223087.728,20014.0354015165,,78.0756097560976,10510785.0
2012,South Africa,RSA,4,1,1,6,Summer,South Africa,RSA,2012.0,26469795879.8219,654.25469971,434400545085.811,8076.97678479741,,61.846,53782567.0
2012,Democratic People's Republic of Korea,PRK,4,0,3,7,Summer,"Korea, Dem. People's Rep.",PRK,2012.0,,,,,,71.626,25211728.0
2012,Brazil,BRA,3,5,9,17,Summer,Brazil,BRA,2012.0,133163941630.802,953.703125,2465227803011.57,12521.7213530369,,73.552,196876111.0
2012,Poland,POL,3,2,6,11,Summer,Poland,POL,2012.0,23010036941.5016,815.0,498148649702.66,13087.420943321,,76.7463414634146,38063164.0
2012,Ethiopia,ETH,3,2,3,8,Summer,Ethiopia,ETH,2012.0,1573008855.8215,20.28753662,43310721414.0829,452.101031885754,,61.543,95798767.0
2012,Kazakhstan,KAZ,3,1,7,11,Summer,Kazakhstan,KAZ,2012.0,7449823715.86659,369.0,207998568865.789,12018.7966527993,,69.52,17306106.0
2012,Croatia,CRO,3,1,2,6,Summer,Croatia,CRO,2012.0,2392480710.66595,1030.0,57551963753.2104,13508.6836989693,,76.9243902439024,4260368.0
2012,Canada,CAN,2,6,10,18,Summer,Canada,CAN,2012.0,82862154793.9442,5538.93554688,1828366481521.6,52670.3447335415,,81.6636585365854,34713395.0
2012,Belarus,BLR,2,5,3,10,Summer,Belarus,BLR,2012.0,3063043393.34293,355.0,65685890438.8922,6953.21591683101,,71.9658536585366,9446836.0
2012,Kenya,KEN,2,4,7,13,Summer,Kenya,KEN,2012.0,2625885528.041,64.72195435,56396704671.5777,1285.00536171512,,61.115,43888303.0
2012,Denmark,DEN,2,4,3,9,Summer,Denmark,DEN,2012.0,21558468255.2945,6168.0,326792574244.963,58443.7747103968,,80.0512195121951,5591572.0
2012,Romania,ROU,2,4,1,7,Summer,Romania,ROU,2012.0,4950416101.14758,402.0,179117323107.087,8929.95366231474,,74.4121951219512,20058035.0
2012,Azerbaijan,AZE,2,2,5,9,Summer,Azerbaijan,AZE,2012.0,1416304372.92493,232.0,69679944504.1972,7495.86527658099,,70.36,9295784.0
2012,Switzerland,SUI,2,2,0,4,Summer,Switzerland,SUI,2012.0,32267271684.4063,8753.8203125,686420221557.99,85836.2076767359,,82.6975609756098,7996861.0
2012,Norway,NOR,2,1,1,4,Summer,Norway,NOR,2012.0,34991834413.4078,8970.0,512777309840.997,102175.919298374,,81.4512195121951,5018573.0
2012,Lithuania,LTU,2,0,3,5,Summer,Lithuania,LTU,2012.0,1787628849.10538,897.0,42709372066.8627,14294.7178607152,,73.8634146341464,2987773.0
2012,Tunisia,TUN,2,0,1,3,Summer,Tunisia,TUN,2012.0,2678995030.66778,266.30584717,47311401812.6733,4297.26782454273,,75.55,11009647.0
2012,Sweden,SWE,1,4,3,8,Summer,Sweden,SWE,2012.0,40011489311.4026,6254.0,549742183874.355,57749.8251328664,,81.7048780487805,9519374.0
2012,Colombia,COL,1,3,5,9,Summer,Colombia,COL,2012.0,11379887983.4398,546.21148682,370691143018.039,8108.59838244229,,75.597,45715810.0
2012,Mexico,MEX,1,3,4,8,Summer,Mexico,MEX,2012.0,59082344446.2729,587.82843018,1255110424817.79,10744.1335242686,,74.574,116818208.0
2012,Georgia,GEO,1,2,3,6,Summer,Georgia,GEO,2012.0,287161654.357172,349.0,16894392033.2256,4530.69533409431,,72.412,3728874.0
2012,Ireland,IRL,1,1,4,6,Summer,Ireland,IRL,2012.0,12299384921.3931,5210.36376953,227270922957.327,49411.7387476787,,80.8463414634146,4599533.0
2012,Argentina,ARG,1,1,2,4,Summer,Argentina,ARG,2012.0,27749973043.2723,1361.99157715,545982375701.128,12949.717486654,,76.467,42161721.0
2012,Serbia,SRB,1,1,2,4,Summer,Serbia,SRB,2012.0,1757798062.51116,559.90539551,45103269969.4112,6263.04086072815,,74.8365853658537,7201497.0
2012,Slovenia,SLO,1,1,2,4,Summer,Slovenia,SLO,2012.0,2457643131.97923,1975.0,46167053954.3367,22442.1417859955,,80.1243902439024,2057159.0
2012,Trinidad and Tobago,TTO,1,1,2,4,Summer,Trinidad and Tobago,TTO,2012.0,857048470.454238,878.45526123,27334568806.1922,20472.3574298508,,73.716,1335194.0
2012,Türkiye,TUR,1,1,1,3,Summer,Turkiye,TUR,2012.0,32626385518.5459,520.0,880555885492.269,11713.2849831139,,75.678,75175827.0
2012,Dominican Republic,DOM,1,1,0,2,Summer,Dominican Republic,DOM,2012.0,1165638743.90582,305.4364624,60681535652.5373,6025.72582713231,,72.514,10070411.0
2012,Chinese Taipei,TPE,1,0,1,2,Summer,,,,,,,,,,
2012,Latvia,LAT,1,0,1,2,Summer,Latvia,LAT,2012.0,1623660824.48733,746.0,27116149948.6683,13329.3499931271,,73.7780487804878,2034319.0
2012,Algeria,ALG,1,0,0,1,Summer,Algeria,ALG,2012.0,9220803680.5866,336.67266846,227143746075.934,6033.64884689543,,74.202,37646166.0
2012,Bahrain,BRN,1,0,0,1,Summer,Brunei Darussalam,BRN,2012.0,498860670.088849,867.06188965,19048443339.9457,46968.5971144517,,74.827,405557.0
2012,Grenada,GRN,1,0,0,1,Summer,Grenada,GRN,2012.0,28709998.6111111,401.84506226,799881481.481481,7092.71985352677,,75.042,112775.0
2012,The Bahamas,BAH,1,0,0,1,Summer,"Bahamas, The",BAH,2012.0,400931432.4,1492.44909668,10720400000.0,28552.0242683151,,72.753,375469.0
2012,Uganda,UGA,1,0,0,1,Summer,Uganda,UGA,2012.0,641498179.59067,55.14218903,27305915910.7877,795.222867553127,,58.817,34337438.0
2012,Venezuela,VEN,1,0,0,1,Summer,"Venezuela, RB",VEN,2012.0,24277015513.6735,,381286237847.667,12901.4171582274,,73.036,29553826.0
2012,Egypt,EGY,0,3,1,4,Summer,"Egypt, Arab Rep.",EGY,2012.0,12026372265.0736,142.75941467,279116666666.667,2996.0677072015,,70.085,93161001.0
2012,India,IND,0,2,4,6,Summer,India,IND,2012.0,55630271996.3794,49.0,1827637590410.41,1429.32199520032,,67.887,1278674502.0
2012,Mongolia,MGL,0,2,3,5,Summer,Mongolia,MGL,2012.0,732791136.063262,169.84095764,12292770631.565,4328.89001905655,,68.111,2839705.0
2012,Thailand,THA,0,2,2,4,Summer,Thailand,THA,2012.0,13597394812.7691,202.52087402,397558325278.579,5725.52802835463,,76.772,69436098.0
2012,Bulgaria,BUL,0,2,1,3,Summer,Bulgaria,BUL,2012.0,1912759791.72142,559.0,54288135058.7926,7430.7373804242,,74.3146341463415,7305888.0
2012,Finland,FIN,0,2,1,3,Summer,Finland,FIN,2012.0,17516098906.6025,4573.0,257443384492.969,47551.6740841369,,80.6268292682927,5413971.0
2012,Indonesia,INA,0,2,1,3,Summer,Indonesia,INA,2012.0,27204824728.5807,106.90163422,917869913364.917,3632.272540431,,68.973,252698525.0
2012,Slovakia,SVK,0,1,3,4,Summer,Slovak Republic,SVK,2012.0,3479924063.78545,1319.0,94724394278.052,17516.9691054078,,76.109756097561,5407579.0
2012,Belgium,BEL,0,1,2,3,Summer,Belgium,BEL,2012.0,31041934354.2395,4704.47265625,498414364944.961,44874.1709182123,,80.3853658536585,11106932.0
2012,Armenia,ARM,0,1,1,2,Summer,Armenia,ARM,2012.0,326853743.089974,333.0,10619320682.9474,3511.56399687426,,73.454,3024100.0
2012,Estonia,EST,0,1,1,2,Summer,Estonia,EST,2012.0,959781077.663205,1058.71960449,23237406116.3988,17568.2137969714,,76.3268292682927,1322696.0
2012,Malaysia,MAS,0,1,1,2,Summer,Malaysia,MAS,2012.0,16159985849.1441,371.79330444,314443047642.111,10600.5744240026,,74.944,29662831.0
2012,Puerto Rico,PUR,0,1,1,2,Summer,Puerto Rico,PUR,2012.0,6237158832.49844,,101564800000.0,27944.7338937424,,78.461,3634488.0
2012,Qatar,QAT,0,1,1,2,Summer,Qatar,QAT,2012.0,4044040759.85649,1713.98034668,186833502362.637,108470.378825036,,79.227,1722438.0
2012,Botswana,BOT,0,1,0,1,Summer,Botswana,BOT,2012.0,1342804984.51149,405.96008301,13907464500.1489,6595.53845015424,,60.8,2108617.0
2012,Cyprus,CYP,0,1,0,1,Summer,Cyprus,CYP,2012.0,1526184156.27267,1899.0,25047436974.6819,28991.935546875,,80.109,1165397.0
2012,Gabon,GAB,0,1,0,1,Summer,Gabon,GAB,2012.0,472983330.989902,226.32527161,17170464016.0593,9296.96587941088,,64.587,1846889.0
2012,Guatemala,GUA,0,1,0,1,Summer,Guatemala,GUA,2012.0,1427927432.04657,200.33554077,49593929487.1263,3286.61959336267,,71.463,15089647.0
2012,Montenegro,MNE,0,1,0,1,Summer,Montenegro,MNE,2012.0,,536.0,4087526241.81268,6586.39970256684,,76.2,620601.0
2012,Portugal,POR,0,1,0,1,Summer,Portugal,POR,2012.0,9582819970.94201,1980.0,216536676771.973,20593.4274224109,,80.3731707317073,10514844.0
2012,Uzbekistan,UZB,0,0,3,3,Summer,Uzbekistan,UZB,2012.0,4663845293.91888,127.0,67517349212.0609,2307.34649117185,,69.874,29261903.0
2012,Greece,GRE,0,0,2,2,Summer,Greece,GRE,2012.0,7633055141.52202,1948.24853516,238841140018.233,21624.346052551,,80.6341463414634,11045011.0
2012,Singapore,SGP,0,0,2,2,Summer,Singapore,SGP,2012.0,8120602128.51083,1824.97924805,295092888076.589,55547.5553077786,,81.9951219512195,5312437.0
2012,Afghanistan,AFG,0,0,1,1,Summer,Afghanistan,AFG,2012.0,569623570.938043,52.61354065,19907329777.5872,651.417134470046,,61.923,30560034.0
2012,Cameroon,CMR,0,0,1,1,Summer,Cameroon,CMR,2012.0,793248441.190639,56.3600235,30155062329.2821,1449.09874362279,,57.792,20809529.0
2012,"Hong Kong, China",HKG,0,0,1,1,Summer,"Hong Kong SAR, China",HKG,2012.0,7538797844.93335,,262628865879.697,36730.796195815,,83.450243902439,7150100.0
2012,Kingdom of Saudi Arabia,KSA,0,0,1,1,Summer,Saudi Arabia,KSA,2012.0,53678188668.8235,959.83081055,741849866666.667,28348.5730107499,,76.461,26168861.0
2012,Kuwait,KUW,0,0,1,1,Summer,Kuwait,KUW,2012.0,5844720507.32405,1196.20715332,174047662555.419,52155.2225460479,,78.812,3337109.0
2012,Morocco,MAR,0,0,1,1,Summer,Morocco,MAR,2012.0,5006678410.82935,172.05938721,106937392311.129,3164.17724609375,,71.679,33355241.0
2012,Tajikistan,TJK,0,0,1,1,Summer,Tajikistan,TJK,2012.0,355368406.302306,57.0,7633036903.07634,952.452819695469,,68.484,8014084.0
2012,Vietnam,VIE,0,0,1,1,Summer,Viet Nam,VIE,2012.0,8626003104.04607,109.55066681,195590661129.249,2185.11767654291,,73.704,89510356.0
2016,United States,USA,46,37,38,121,Summer,United States,USA,2016.0,830678684896.654,9599.890625,18804913000000.0,58206.6141931844,,78.5390243902439,323071755.0
2016,Great Britain,GBR,27,23,17,67,Summer,United Kingdom,GBR,2016.0,141773922574.994,4017.34228516,2689106566899.61,40985.2351382417,,81.1560975609756,65611593.0
2016,People's Republic of China,CHN,26,18,26,70,Summer,China,CHN,2016.0,200078614800.498,398.78921509,11233313730348.7,8094.39016735149,,77.218,1387790000.0
2016,Russian Federation,RUS,19,17,20,56,Summer,Russian Federation,RUS,2016.0,45163791989.74,465.0,1276786350881.14,8663.158203125,,71.6512195121951,145015460.0
2016,Germany,GER,17,10,15,42,Summer,Germany,GER,2016.0,156629619368.106,4746.87011719,3537784107980.55,42961.0356905775,,80.990243902439,82348669.0
2016,Japan,JPN,12,8,21,41,Summer,Japan,JPN,2016.0,139583992039.096,4200.0,5003677627544.24,39375.4731620781,,83.9848780487805,127076000.0
2016,France,FRA,10,18,14,42,Summer,France,FRA,2016.0,124490738066.408,4256.765625,2470407619777.13,37024.2157133669,,82.5731707317073,66724104.0
2016,Republic of Korea,KOR,9,3,9,21,Summer,"Korea, Rep.",KOR,2016.0,62501475353.1214,2008.0982666,1499679823909.61,29280.4403170048,,82.2756097560976,51217803.0
2016,Italy,ITA,8,12,8,28,Summer,Italy,ITA,2016.0,69078574819.9472,2700.0,1887111188176.93,31126.3246947273,,83.2439024390244,60627498.0
2016,Australia,AUS,8,11,10,29,Summer,Australia,AUS,2016.0,59029245773.5312,5453.92480469,1206836962281.84,49888.0410842736,,82.4487804878049,24190907.0
2016,Netherlands,NED,8,7,4,19,Summer,Netherlands,NED,2016.0,38314617495.9422,4644.0,797163949289.885,46808.5291492503,,81.5609756097561,17030314.0
2016,Hungary,HUN,8,3,4,15,Summer,Hungary,HUN,2016.0,5493783757.66564,914.0,128609822750.039,13104.6995457458,,76.0634146341464,9814023.0
2016,Brazil,BRA,7,6,6,19,Summer,Brazil,BRA,2016.0,109562539081.556,795.93798828,1795693482652.52,8836.28652636996,,74.442,203218114.0
2016,Spain,ESP,7,4,6,17,Summer,Spain,ESP,2016.0,49774679701.8938,2376.60107422,1243015667917.12,26740.6851818829,,83.3292682926829,46484062.0
2016,Kenya,KEN,6,6,1,13,Summer,Kenya,KEN,2016.0,3594666339.00309,74.26567078,74815144163.8931,1554.12610314423,,62.163,48139687.0
2016,Jamaica,JAM,6,3,2,11,Summer,Jamaica,JAM,2016.0,728155614.659928,286.34521484,14077096714.1279,5009.79450059092,,72.02,2809915.0
2016,Croatia,CRO,5,3,2,10,Summer,Croatia,CRO,2016.0,2160234580.11944,841.0,52654855638.1057,12821.1738140304,,78.0219512195122,4106867.0
2016,Cuba,CUB,5,2,4,11,Summer,Cuba,CUB,2016.0,11720188600.0,984.24865723,91370407863.7,8110.55873961397,,77.643,11265612.0
2016,New Zealand,NZL,4,9,5,18,Summer,New Zealand,NZL,2016.0,13469088320.7741,3739.40136719,188898209220.167,40070.8956577431,,81.6585365853659,4714100.0
2016,Canada,CAN,4,3,15,22,Summer,Canada,CAN,2016.0,68362924865.2296,4667.703125,1527994741907.43,42314.0615817218,,81.9248780487805,36110803.0
2016,Uzbekistan,UZB,4,2,7,13,Summer,Uzbekistan,UZB,2016.0,5306118726.73065,129.0,86138288644.171,2753.37951427589,,70.755,31284568.0
2016,Colombia,COL,3,2,3,8,Summer,Colombia,COL,2016.0,9813647652.47923,447.06994629,282720100286.228,5959.84250367574,,76.471,47437512.0
2016,Switzerland,SUI,3,2,2,7,Summer,Switzerland,SUI,2016.0,30298121031.2554,9078.75878906,687895460902.713,82153.0745447889,,83.6024390243903,8373338.0
2016,Islamic Republic of Iran,IRI,3,1,4,8,Summer,"Iran, Islamic Rep.",IRI,2016.0,14780360544.1977,447.13925171,459042684192.698,5477.03712389913,,75.6,83812228.0
2016,Greece,GRE,3,1,2,6,Summer,Greece,GRE,2016.0,6756997762.92378,1513.25915527,193097239005.87,17919.2426377048,,81.3878048780488,10775971.0
2016,Argentina,ARG,3,1,0,4,Summer,Argentina,ARG,2016.0,27576671454.3937,1258.3079834,557532320662.955,12699.9623137756,,76.308,43900313.0
2016,Denmark,DEN,2,6,7,15,Summer,Denmark,DEN,2016.0,21350966181.8508,5624.0,312181849372.233,54500.9260410217,,80.8536585365854,5728010.0
2016,Sweden,SWE,2,6,3,11,Summer,Sweden,SWE,2016.0,37370010748.3547,5681.0,514218206628.325,51820.3972482676,,82.3073170731707,9923085.0
2016,South Africa,RSA,2,6,2,10,Summer,South Africa,RSA,2016.0,16675814454.5953,463.34463501,323585509674.481,5651.20585165749,,64.747,57259551.0
2016,Kazakhstan,KAZ,2,5,10,17,Summer,Kazakhstan,KAZ,2016.0,3922581790.30944,260.0,137278320084.171,7475.56688689424,,72.41,18363600.0
2016,Ukraine,UKR,2,5,4,11,Summer,Ukraine,UKR,2016.0,4283572907.2655,157.0,93355869403.9223,2158.46118164063,,71.4763414634146,45616832.0
2016,Serbia,SRB,2,4,2,8,Summer,Serbia,SRB,2016.0,1432067417.82126,486.42944336,42225495909.5633,5982.37030126471,,75.6878048780488,7058322.0
2016,Poland,POL,2,3,6,11,Summer,Poland,POL,2016.0,20644991260.6757,816.0,473259583969.643,12464.0110508476,,77.8512195121951,37970087.0
2016,Democratic People's Republic of Korea,PRK,2,3,2,7,Summer,"Korea, Dem. People's Rep.",PRK,2016.0,,,,,,72.805,25698326.0
2016,Belgium,BEL,2,2,2,6,Summer,Belgium,BEL,2016.0,29051556627.144,4542.79492188,474271566739.729,41854.5498296444,,81.4390243902439,11331422.0
2016,Thailand,THA,2,2,2,6,Summer,Thailand,THA,2016.0,15353410352.7432,230.60774231,413366349747.508,5833.57715617098,,78.049,70859841.0
2016,Slovakia,SVK,2,2,0,4,Summer,Slovak Republic,SVK,2016.0,3334613931.57352,1176.0,90347173228.6356,16636.0769133073,,77.1658536585366,5430798.0
2016,Georgia,GEO,2,1,4,7,Summer,Georgia,GEO,2016.0,254150310.626612,321.0,15444548901.9637,4143.40125686315,,73.569,3727505.0
2016,Azerbaijan,AZE,1,7,10,18,Summer,Azerbaijan,AZE,2016.0,1077984877.15215,168.0,37866996882.9157,3880.6852276838,,72.004,9757812.0
2016,Belarus,BLR,1,4,4,9,Summer,Belarus,BLR,2016.0,2266976957.64073,291.0,47723545321.259,5039.77560949445,,73.8268292682927,9469379.0
2016,Türkiye,TUR,1,3,4,8,Summer,Turkiye,TUR,2016.0,34524458943.6886,460.0,869682881593.041,10970.0458948862,,76.66,79277962.0
2016,Armenia,ARM,1,3,0,4,Summer,Armenia,ARM,2016.0,263833083.210589,366.0,10546136235.5219,3524.42476874707,,74.664,2992300.0
2016,Czechia,CZE,1,2,7,10,Summer,Czechia,CZE,2016.0,10307981816.506,1384.66357422,198160659303.939,18753.9686718096,,79.0268292682927,10566332.0
2016,Ethiopia,ETH,1,2,5,8,Summer,Ethiopia,ETH,2016.0,2276755204.45089,24.67317772,74296745207.8721,696.195884706786,,64.392,106718162.0
2016,Slovenia,SLO,1,2,1,4,Summer,Slovenia,SLO,2016.0,1871879916.95199,1835.0,44290685824.0682,21447.8377796036,,81.1756097560976,2065042.0
2016,Indonesia,INA,1,2,0,3,Summer,Indonesia,INA,2016.0,29467341923.5804,107.52870941,931877364034.196,3521.46943456251,,69.798,264627418.0
2016,Romania,ROU,1,1,2,4,Summer,Romania,ROU,2016.0,5170997664.06574,476.0,185290759248.844,9404.54005870715,,75.209756097561,19702267.0
2016,Bahrain,BRN,1,1,0,2,Summer,Brunei Darussalam,BRN,2016.0,488232254.160131,681.97344971,11400266055.3232,26663.2973199878,,74.733,427564.0
2016,Vietnam,VIE,1,1,0,2,Summer,Viet Nam,VIE,2016.0,11106764890.1756,134.44548035,257096001177.982,2735.0604380416,,73.938,94000117.0
2016,Chinese Taipei,TPE,1,0,2,3,Summer,,,,,,,,,,
2016,Côte d'Ivoire,CIV,1,0,1,2,Summer,Cote d'Ivoire,CIV,2016.0,1779925980.08562,66.39353943,48407761036.8238,1862.59597081287,,58.06,25989405.0
2016,Independent Olympic Athletes,IOA,1,0,1,2,Summer,,,,,,,,,,
2016,The Bahamas,BAH,1,0,1,2,Summer,"Bahamas, The",BAH,2016.0,437055113.2,1698.39001465,11745100000.0,30266.5859220987,,73.537,388055.0
2016,Fiji,FIJ,1,0,0,1,Summer,Fiji,FIJ,2016.0,184341901.862634,176.06861877,4930213634.35692,5363.79025590254,,67.24,919166.0
2016,Jordan,JOR,1,0,0,1,Summer,Jordan,JOR,2016.0,1265763266.03314,279.29806519,39892551126.7606,3986.71677010853,,75.215,10006367.0
2016,Kosovo,KOS,1,0,0,1,Summer,Kosovo,KOS,2016.0,,,6682677289.98994,3759.44959067104,,78.981,1777568.0
2016,Puerto Rico,PUR,1,0,0,1,Summer,Puerto Rico,PUR,2016.0,6036188695.10098,,104336700000.0,30627.1634017011,,80.27,3406672.0
2016,Singapore,SGP,1,0,0,1,Summer,Singapore,SGP,2016.0,8260437263.84364,2450.90136719,319053943915.005,56899.9181805173,,82.8463414634146,5607283.0
2016,Tajikistan,TJK,1,0,0,1,Summer,Tajikistan,TJK,2016.0,291544716.794595,56.0,6992416096.89018,788.710481734485,,69.549,8865631.0
2016,Malaysia,MAS,0,4,1,5,Summer,Malaysia,MAS,2016.0,13160047157.0346,353.64028931,301256033870.334,9476.53409809923,,75.289,31789685.0
2016,Mexico,MEX,0,3,2,5,Summer,Mexico,MEX,2016.0,51169849046.4612,492.87399292,1112233497452.7,9097.92397674769,,74.412,122251351.0
2016,Venezuela,VEN,0,2,1,3,Summer,"Venezuela, RB",VEN,2016.0,,,,,,72.058,30765720.0
2016,Algeria,ALG,0,2,0,2,Summer,Algeria,ALG,2016.0,7079343624.77869,261.40023804,180763839522.151,4424.98529027556,,75.732,40850721.0
2016,Ireland,IRL,0,2,0,2,Summer,Ireland,IRL,2016.0,10363701041.9901,4726.31298828,305733136180.907,64292.659966313,,81.6536585365854,4755335.0
2016,Lithuania,LTU,0,1,3,4,Summer,Lithuania,LTU,2016.0,1605271308.49025,989.0,42970749245.0336,14981.6208126311,,74.6707317073171,2868231.0
2016,Bulgaria,BUL,0,1,2,3,Summer,Bulgaria,BUL,2016.0,2063851350.95668,562.0,53964253211.84,7570.93165511708,,74.8121951219512,7127822.0
2016,India,IND,0,1,1,2,Summer,India,IND,2016.0,69236555820.6106,60.0,2294796885663.16,1707.50892912243,,70.117,1343944296.0
2016,Mongolia,MGL,0,1,1,2,Summer,Mongolia,MGL,2016.0,500245993.781665,169.03985596,11181350649.3573,3619.90026383792,,69.865,3088856.0
2016,Burundi,BDI,0,1,0,1,Summer,Burundi,BDI,2016.0,136532982.586649,19.16795921,2644487776.50077,235.286205393908,,60.793,11239451.0
2016,Grenada,GRN,0,1,0,1,Summer,Grenada,GRN,2016.0,36173140.2777778,392.77981567,1061640740.74074,9221.23461079424,,74.762,115130.0
2016,Niger,NIG,0,1,0,1,Summer,Niger,NIG,2016.0,291694018.538744,22.42886543,10398861981.7583,502.706475406446,,61.629,20685753.0
2016,Philippines,PHI,0,1,0,1,Summer,Philippines,PHI,2016.0,6513828318.88488,120.0,318627003012.52,2985.19564020101,,71.387,106735719.0
2016,Qatar,QAT,0,1,0,1,Summer,Qatar,QAT,2016.0,3611046384.72327,2075.41918945,151732181868.132,61253.6375482797,,80.433,2477113.0
2016,Norway,NOR,0,0,4,4,Summer,Norway,NOR,2016.0,25942438226.4374,7497.0,370956547619.048,70867.3609970749,,82.4073170731707,5234519.0
2016,Egypt,EGY,0,0,3,3,Summer,"Egypt, Arab Rep.",EGY,2016.0,14467169415.1215,145.2776947,332441717791.411,3270.6287768197,,70.844,101644589.0
2016,Tunisia,TUN,0,0,3,3,Summer,Tunisia,TUN,2016.0,2560847206.70391,237.1728363,44360072680.4476,3847.80354448809,,75.786,11528674.0
2016,Israel,ISR,0,0,2,2,Summer,Israel,ISR,2016.0,17084171415.2345,2801.0,320958936788.842,37556.6272863143,,82.4073170731707,8546000.0
2016,Austria,AUT,0,0,1,1,Summer,Austria,AUT,2016.0,20335549325.067,4710.0,393687359770.273,45061.4993920192,,81.6414634146342,8736668.0
2016,Dominican Republic,DOM,0,0,1,1,Summer,Dominican Republic,DOM,2016.0,1825239069.55809,329.10879517,75704647877.6559,7174.82349574,,72.987,10551430.0
2016,Estonia,EST,0,0,1,1,Summer,Estonia,EST,2016.0,1153935733.25259,1226.0859375,24561027787.7896,18666.3736521706,,77.6414634146342,1315790.0
2016,Finland,FIN,0,0,1,1,Summer,Finland,FIN,2016.0,15044210680.4108,4109.0,238777818792.608,43451.2562442158,,81.4292682926829,5495303.0
2016,Morocco,MAR,0,0,1,1,Summer,Morocco,MAR,2016.0,5721346724.44556,161.82783508,111572947004.917,3140.85546875,,73.284,35023457.0
2016,Nigeria,NGR,0,0,1,1,Summer,Nigeria,NGR,2016.0,3365576495.33793,78.23602295,404649125252.16,2070.4127339595,,52.043,195443700.0
2016,Portugal,POR,0,0,1,1,Summer,Portugal,POR,2016.0,9795753270.92484,1875.0,206305431241.638,19980.2808866516,,81.1243902439025,10325452.0
2016,Trinidad and Tobago,TTO,0,0,1,1,Summer,Trinidad and Tobago,TTO,2016.0,856189439.195017,1041.01623535,23722678429.8078,17521.8007525013,,74.281,1353895.0
2016,United Arab Emirates,UAE,0,0,1,1,Summer,United Arab Emirates,UAE,2016.0,10541905780.7869,1599.4029541,369255326235.771,41326.4018161834,,79.335,8935095.0
2020,United States,USA,39,41,33,113,Summer,United States,USA,2020.0,951554105125.511,11758.42480469,21354105000000.0,64411.3731779373,0.701764345169067,76.9804878048781,331526933.0
2020,People's Republic of China,CHN,38,32,19,89,Summer,China,CHN,2020.0,260804229509.622,583.43218994,14687744162801.0,10408.7195541075,0.65310263633728,78.077,1411100000.0
2020,Japan,JPN,27,14,17,58,Summer,Japan,JPN,2020.0,138356316487.415,4436.0,5055587093501.59,40040.7655055923,0.804714262485504,84.56,126261000.0
2020,Great Britain,GBR,22,20,22,64,Summer,United Kingdom,GBR,2020.0,134741830598.592,4906.23974609,2696778386607.65,40201.6812422928,0.782942950725555,80.3512195121951,67081234.0
2020,ROC,ROC,20,28,23,71,Summer,,,,,,,,,,
2020,Australia,AUS,17,7,22,46,Summer,Australia,AUS,2020.0,64987464910.2899,5958.765625,1328414058378.38,51791.540179984,0.770239531993866,83.2,25649248.0
2020,Netherlands,NED,10,12,14,36,Summer,Netherlands,NED,2020.0,41361371896.197,5858.0,932560861701.17,53467.9277413737,0.789915025234222,81.3585365853659,17441500.0
2020,France,FRA,10,12,11,33,Summer,France,FRA,2020.0,128596556180.001,4755.44042969,2647926055110.05,39169.8606000707,0.762737214565277,82.1756097560976,67601110.0
2020,Germany,GER,10,11,16,37,Summer,Germany,GER,2020.0,181528284214.998,5936.25146484,3940142541354.1,47379.765194548,0.751162469387054,81.0414634146342,83160871.0
2020,Italy,ITA,10,10,20,40,Summer,Italy,ITA,2020.0,73977796168.2713,3062.0,1907481094079.23,32091.4866621366,0.727819681167603,82.1951219512195,59438851.0
2020,Canada,CAN,7,7,10,24,Summer,Canada,CAN,2020.0,72876039708.9169,5668.34765625,1655684730000.19,43537.839298904,0.797520101070404,81.6604878048781,38028638.0
2020,Brazil,BRA,7,6,8,21,Summer,Brazil,BRA,2020.0,84300734788.896,704.99536133,1476107231194.11,7074.19378281866,0.551497936248779,74.009,208660842.0
2020,New Zealand,NZL,7,6,7,20,Summer,New Zealand,NZL,2020.0,15336475857.4852,4223.22167969,212697530897.56,41785.6922905898,0.775932431221008,82.2560975609756,5090200.0
2020,Cuba,CUB,7,3,5,15,Summer,Cuba,CUB,2020.0,,1186.15649414,107351800000.0,9605.26125067263,,77.567,11176354.0
2020,Hungary,HUN,6,7,7,20,Summer,Hungary,HUN,2020.0,5965780593.54863,1173.0,157288955508.176,16131.9540355923,0.683087289333344,75.5682926829269,9750149.0
2020,Republic of Korea,KOR,6,4,10,20,Summer,"Korea, Rep.",KOR,2020.0,63699756244.1367,2648.22412109,1644312831906.17,31721.2989141857,0.798776268959045,83.4268292682927,51836239.0
2020,Poland,POL,4,5,5,14,Summer,Poland,POL,2020.0,26129918420.0289,1026.0,605914237903.742,15987.5753654045,0.753088593482971,76.5,37899070.0
2020,Czechia,CZE,4,4,3,11,Summer,Czechia,CZE,2020.0,10057768462.8606,2119.26831055,251109660602.536,23472.8915454417,0.752257406711578,78.1756097560976,10697858.0
2020,Kenya,KEN,4,4,2,10,Summer,Kenya,KEN,2020.0,4818442105.83566,86.67868805,100657505750.545,1927.66459027849,0.546752512454987,62.675,52217334.0
2020,Norway,NOR,4,2,2,8,Summer,Norway,NOR,2020.0,25408638912.0883,7825.0,367633418886.627,68340.0181033702,0.771051168441772,83.209756097561,5379475.0
2020,Jamaica,JAM,4,1,4,9,Summer,Jamaica,JAM,2020.0,697910526.146026,324.48321533,13812421803.4084,4879.44024631319,0.534977912902832,71.869,2830739.0
2020,Spain,ESP,3,8,6,17,Summer,Spain,ESP,2020.0,51238089508.6872,2899.01879883,1289783836971.21,27230.3599933583,0.728255033493042,82.3317073170732,47365655.0
2020,Sweden,SWE,3,6,0,9,Summer,Sweden,SWE,2020.0,40077851125.0093,6003.0,545147614972.141,52653.7565934247,0.79535710811615,82.3560975609756,10353442.0
2020,Switzerland,SUI,3,4,6,13,Summer,Switzerland,SUI,2020.0,31724539782.3998,10085.45605469,741999406005.627,85897.7843338323,0.756115138530731,83.0,8638167.0
2020,Denmark,DEN,3,4,4,11,Summer,Denmark,DEN,2020.0,22885578118.0336,6442.0,355631021931.621,60985.4885601514,0.755094826221466,81.6024390243903,5831404.0
2020,Croatia,CRO,3,3,2,8,Summer,Croatia,CRO,2020.0,2145631044.65084,1095.0,57963370885.0798,14808.4620188819,0.709693968296051,77.7243902439024,3914206.0
2020,Islamic Republic of Iran,IRI,3,2,2,7,Summer,"Iran, Islamic Rep.",IRI,2020.0,8000012360.41997,338.24972534,262186179355.944,2988.78122414716,0.593404471874237,74.832,87723443.0
2020,Serbia,SRB,3,1,5,9,Summer,Serbia,SRB,2020.0,1913921302.52903,670.19439697,55874017668.998,8098.70955668849,0.676606357097626,74.4780487804878,6899126.0
2020,Belgium,BEL,3,1,3,7,Summer,Belgium,BEL,2020.0,31531903897.2352,5104.02539063,529694473501.791,45906.2875805246,0.76041966676712,80.6951219512195,11538604.0
2020,Bulgaria,BUL,3,1,2,6,Summer,Bulgaria,BUL,2020.0,2754401226.86174,857.0,70716821234.5967,10198.5388313404,0.613898158073425,73.6585365853659,6934015.0
2020,Slovenia,SLO,3,1,1,5,Summer,Slovenia,SLO,2020.0,2472673066.21865,2417.0,53384760135.1581,25392.0651093612,0.774986982345581,80.5317073170732,2102419.0
2020,Uzbekistan,UZB,3,0,2,5,Summer,Uzbekistan,UZB,2020.0,2948470904.73238,121.0,66443265418.3086,1978.28051860763,0.622805714607239,70.331,33586372.0
2020,Georgia,GEO,2,5,1,8,Summer,Georgia,GEO,2020.0,265836232.331094,355.0,16010869215.68,4300.85701291207,0.568925797939301,72.765,3722716.0
2020,Chinese Taipei,TPE,2,4,6,12,Summer,,,,,,,,,,
2020,Türkiye,TUR,2,2,9,13,Summer,Turkiye,TUR,2020.0,29266809813.4476,395.0,720338490327.248,8638.73903848102,0.649261832237244,75.85,83384680.0
2020,Greece,GRE,2,1,1,4,Summer,Greece,GRE,2020.0,5885864650.16207,1675.11706543,191362985554.861,17886.733165236,0.690006494522095,81.2878048780488,10698599.0
2020,Uganda,UGA,2,1,1,4,Summer,Uganda,UGA,2020.0,572207461.204347,36.87842941,37600368241.6657,845.766463890124,0.384176582098007,62.851,44457152.0
2020,Ecuador,ECU,2,1,0,3,Summer,Ecuador,ECU,2020.0,4004955082.02872,471.87576294,95865472000.0,5463.64509649315,0.594254851341248,72.153,17546065.0
2020,Ireland,IRL,2,0,2,4,Summer,Ireland,IRL,2020.0,12758455763.7722,6098.26660156,436555518400.451,87567.1148972037,0.792599022388458,82.5560975609756,4985382.0
2020,Israel,ISR,2,0,2,4,Summer,Israel,ISR,2020.0,22752468918.832,3637.0,411728563086.632,44679.7715799755,0.733995318412781,82.6487804878049,9215100.0
2020,Qatar,QAT,2,0,1,3,Summer,Qatar,QAT,2020.0,3461634342.74857,1997.78820801,144411363345.27,51683.5054353851,0.637771606445313,79.099,2794148.0
2020,Kosovo,KOS,2,0,0,2,Summer,Kosovo,KOS,2020.0,,,7717145217.81247,4310.88824737367,0.567331731319427,76.567,1790152.0
2020,The Bahamas,BAH,2,0,0,2,Summer,"Bahamas, The",BAH,2020.0,355176560.0,1824.87536621,9958200000.0,25155.6725432789,,72.677,395863.0
2020,Ukraine,UKR,1,6,12,19,Summer,Ukraine,UKR,2020.0,8035667867.21913,270.0,156617722013.342,3709.76928710938,0.631387114524841,71.1851219512195,44680014.0
2020,Belarus,BLR,1,3,3,7,Summer,Belarus,BLR,2020.0,2783973758.85875,408.0,61371755326.2351,6542.8645398436,0.700078189373016,72.4572195121951,9379952.0
2020,Romania,ROU,1,3,0,4,Summer,Romania,ROU,2020.0,8426143346.0394,810.0,252033792712.145,13082.3006559554,0.584187865257263,74.2536585365854,19265250.0
2020,Venezuela,VEN,1,3,0,4,Summer,"Venezuela, RB",VEN,2020.0,,152.75830078,,,,71.095,28444077.0
2020,India,IND,1,2,4,7,Summer,India,IND,2020.0,81058157535.5952,64.0,2674851578587.27,1907.04251637669,0.493510901927948,70.15,1402617695.0
2020,"Hong Kong, China",HKG,1,2,3,6,Summer,"Hong Kong SAR, China",HKG,2020.0,10329520263.6098,,344943149590.058,46109.2299946609,0.812756538391113,85.4963414634146,7481000.0
2020,Philippines,PHI,1,2,1,4,Summer,Philippines,PHI,2020.0,7160649954.04333,166.0,361751145451.597,3227.57910235199,0.51596212387085,72.119,112081264.0
2020,Slovakia,SVK,1,2,1,4,Summer,Slovak Republic,SVK,2020.0,4348293534.61066,1394.0,107732602896.441,19735.4858280801,0.664987325668335,76.8658536585366,5458827.0
2020,South Africa,RSA,1,2,0,3,Summer,South Africa,RSA,2020.0,20076912187.5333,492.20724487,337974655408.055,5580.60383075189,0.425453394651413,65.252,60562381.0
2020,Austria,AUT,1,1,5,7,Summer,Austria,AUT,2020.0,21379238418.2904,5567.0,434397601557.696,48716.4098900349,0.746739745140076,81.1926829268293,8916864.0
2020,Egypt,EGY,1,1,4,6,Summer,"Egypt, Arab Rep.",EGY,2020.0,15610914004.6162,150.90655518,383817841547.099,3511.11381026379,0.494374662637711,70.99,109315124.0
2020,Indonesia,INA,1,1,3,5,Summer,Indonesia,INA,2020.0,33660668458.62,133.25634766,1059054842711.55,3853.70288778903,0.540038466453552,68.808,274814866.0
2020,Ethiopia,ETH,1,1,2,4,Summer,Ethiopia,ETH,2020.0,3291054972.80635,28.69671059,107657734392.446,905.313175805855,0.382784843444824,65.371,118917671.0
2020,Portugal,POR,1,1,2,4,Summer,Portugal,POR,2020.0,10343764359.6166,2346.0,229618773422.577,22299.4044062173,0.768949568271637,80.9756097560976,10297081.0
2020,Tunisia,TUN,1,1,0,2,Summer,Tunisia,TUN,2020.0,2427326376.04893,246.5980835,42491780918.361,3548.65363663803,0.516809940338135,75.292,11974057.0
2020,Estonia,EST,1,0,1,2,Summer,Estonia,EST,2020.0,1476731312.46529,1789.03479004,31820771493.8974,23933.9939421065,0.77720320224762,78.5951219512195,1329522.0
2020,Fiji,FIJ,1,0,1,2,Summer,Fiji,FIJ,2020.0,165953532.358687,231.98277283,4432466237.09588,4844.42129036462,0.508573293685913,67.924,914963.0
2020,Latvia,LAT,1,0,1,2,Summer,Latvia,LAT,2020.0,1318639253.96367,1313.0,33379927434.6149,17564.2321549354,0.70658141374588,75.1853658536585,1900449.0
2020,Thailand,THA,1,0,1,2,Summer,Thailand,THA,2020.0,19026973263.3423,305.08792114,500461898480.246,6985.64393892574,0.609310984611511,79.274,71641484.0
2020,Bermuda,BER,1,0,0,1,Summer,Bermuda,BER,2020.0,101267131.965769,,6887147000.0,106973.175732348,,81.136,64382.0
2020,Morocco,MAR,1,0,0,1,Summer,Morocco,MAR,2020.0,6249773818.5494,193.10235596,121353645057.144,3268.0302734375,0.504116356372833,73.92,36584208.0
2020,Puerto Rico,PUR,1,0,0,1,Summer,Puerto Rico,PUR,2020.0,6081340309.75501,,103130900000.0,31427.4291136799,,78.041,3281557.0
2020,Colombia,COL,0,4,1,5,Summer,Colombia,COL,2020.0,11552274426.0477,462.2328186,270348342541.465,5339.68711357943,0.60433030128479,74.769,50629997.0
2020,Azerbaijan,AZE,0,3,4,7,Summer,Azerbaijan,AZE,2020.0,1652856752.09528,243.0,42693000000.0,4229.91064904503,0.577767550945282,66.868,10093121.0
2020,Dominican Republic,DOM,0,3,2,5,Summer,Dominican Republic,DOM,2020.0,1889935536.53808,354.09362793,78844656298.1776,7162.29175242114,0.502766907215118,72.889,11008300.0
2020,Armenia,ARM,0,2,2,4,Summer,Armenia,ARM,2020.0,310560341.825163,552.0,12641698583.2152,4268.68093304583,0.578998804092407,72.173,2961500.0
2020,Kyrgyzstan,KGZ,0,2,1,3,Summer,Kyrgyz Republic,KGZ,2020.0,397873590.735227,64.0,8270468614.24051,1229.51775742135,0.596617102622986,71.8,6726595.5
2020,Mongolia,MGL,0,1,3,4,Summer,Mongolia,MGL,2020.0,551501645.879685,188.57124329,13312981429.0891,4001.25193077703,0.614397525787354,72.141,3327204.0
2020,Argentina,ARG,0,1,2,3,Summer,Argentina,ARG,2020.0,18923282005.2854,895.08465576,385740508436.965,8535.59938004389,0.602144718170166,75.892,45191965.0
2020,San Marino,SMR,0,1,2,3,Summer,San Marino,SMR,2020.0,52489078.1077353,3842.77392578,1544714493.24409,44426.6463400658,,,34770.0
2020,Jordan,JOR,0,1,1,2,Summer,Jordan,JOR,2020.0,1201781761.84934,284.53439331,43700383098.5916,4022.0401356135,0.553174376487732,75.184,10865228.0
2020,Malaysia,MAS,0,1,1,2,Summer,Malaysia,MAS,2020.0,12845603667.6934,414.96350098,337456163961.211,9957.52626697613,0.610976159572601,75.938,33889558.0
2020,Nigeria,NGR,0,1,1,2,Summer,Nigeria,NGR,2020.0,3539652396.23417,69.76184845,432198898467.795,2019.65706326224,0.360609829425812,52.887,213996181.0
2020,Bahrain,BRN,0,1,0,1,Summer,Brunei Darussalam,BRN,2020.0,493485655.033656,650.47821045,12005799664.2691,26834.3592463839,0.626391351222992,74.795,447404.0
2020,Kingdom of Saudi Arabia,KSA,0,1,0,1,Summer,Saudi Arabia,KSA,2020.0,51539005238.603,1355.71655273,734271200000.0,23271.4037647084,0.576390504837036,76.239,31552510.0
2020,Lithuania,LTU,0,1,0,1,Summer,Lithuania,LTU,2020.0,2143526495.62242,1520.0,57412038533.2718,20541.824988603,0.70604795217514,74.9780487804878,2794885.0
2020,Namibia,NAM,0,1,0,1,Summer,Namibia,NAM,2020.0,939862981.73159,378.42468262,10583748541.5258,3878.58982993966,0.446437537670136,62.829,2728762.0
2020,North Macedonia,MKD,0,1,0,1,Summer,North Macedonia,MKD,2020.0,388799344.263706,453.0,12361036913.8409,6659.59651070776,0.55734920501709,74.3951219512195,1856124.0
2020,Turkmenistan,TKM,0,1,0,1,Summer,Turkmenistan,TKM,2020.0,,483.79559326,45818000000.0,6592.60146027748,,68.687,6949912.0
2020,Kazakhstan,KAZ,0,0,8,8,Summer,Kazakhstan,KAZ,2020.0,5093380127.13372,338.0,171082365861.423,8781.50797787648,0.628506422042847,71.37,19482117.0
2020,Mexico,MEX,0,0,4,4,Summer,Mexico,MEX,2020.0,45139872762.2805,538.51751709,1121064767261.88,8841.27075003163,0.612949848175049,70.133,126799054.0
2020,Finland,FIN,0,0,2,2,Summer,Finland,FIN,2020.0,15803988893.7515,4736.0,270000311606.226,48828.6846862799,0.796001017093658,81.9317073170732,5529543.0
2020,Botswana,BOT,0,0,1,1,Summer,Botswana,BOT,2020.0,1391790503.1616,358.90551758,14960291105.9316,6323.31419156209,0.414028495550156,65.647,2365894.0
2020,Burkina Faso,BUR,0,0,1,1,Summer,Burkina Faso,BUR,2020.0,718254102.921111,54.17696762,17725010532.5268,825.237038782475,0.383691936731339,59.731,21478690.0
2020,Côte d'Ivoire,CIV,0,0,1,1,Summer,Cote d'Ivoire,CIV,2020.0,1896005678.32343,85.17427826,63027852805.4204,2179.72934832935,0.379889339208603,59.032,28915449.0
2020,Ghana,GHA,0,0,1,1,Summer,Ghana,GHA,2020.0,3003950941.0394,87.4445343,70043099675.68,2196.54789313621,0.450056403875351,64.114,31887809.0
2020,Grenada,GRN,0,0,1,1,Summer,Grenada,GRN,2020.0,36409136.1111111,469.00775146,1043411111.11111,8968.55890108484,0.565070509910584,74.924,116341.0
2020,Kuwait,KUW,0,0,1,1,Summer,Kuwait,KUW,2020.0,,1542.32263184,111045470461.207,25236.0755520534,0.562588036060333,76.92,4400267.0
2020,Republic of Moldova,MDA,0,0,1,1,Summer,Moldova,MDA,2020.0,678880876.002503,307.0,11530746234.4492,4375.7788930524,0.584153532981873,70.166,2635130.0
2020,Syrian Arab Republic,SYR,0,0,1,1,Summer,Syrian Arab Republic,SYR,2020.0,275641221.659492,,12047752036.091,572.355289831901,,72.14,21049429.0
1924,Norway,NOR,4,7,6,17,Winter,,,,,,,,,,
1924,Finland,FIN,4,4,3,11,Winter,,,,,,,,,,
1924,Austria,AUT,2,1,0,3,Winter,,,,,,,,,,
1924,Switzerland,SUI,2,0,1,3,Winter,,,,,,,,,,
1924,United States,USA,1,2,1,4,Winter,,,,,,,,,,
1924,Great Britain,GBR,1,1,2,4,Winter,,,,,,,,,,
1924,Sweden,SWE,1,1,0,2,Winter,,,,,,,,,,
1924,Canada,CAN,1,0,0,1,Winter,,,,,,,,,,
1924,Mixed team,MIX,1,0,0,1,Winter,,,,,,,,,,
1924,France,FRA,0,0,3,3,Winter,,,,,,,,,,
1924,Belgium,BEL,0,0,1,1,Winter,,,,,,,,,,
1928,Norway,NOR,6,4,5,15,Winter,,,,,,,,,,
1928,United States,USA,2,2,2,6,Winter,,,,,,,,,,
1928,Sweden,SWE,2,2,1,5,Winter,,,,,,,,,,
1928,Finland,FIN,2,1,1,4,Winter,,,,,,,,,,
1928,Canada,CAN,1,0,0,1,Winter,,,,,,,,,,
1928,France,FRA,1,0,0,1,Winter,,,,,,,,,,
1928,Austria,AUT,0,3,1,4,Winter,,,,,,,,,,
1928,Belgium,BEL,0,0,1,1,Winter,,,,,,,,,,
1928,Czechoslovakia,TCH,0,0,1,1,Winter,,,,,,,,,,
1928,Germany,GER,0,0,1,1,Winter,,,,,,,,,,
1928,Great Britain,GBR,0,0,1,1,Winter,,,,,,,,,,
1928,Switzerland,SUI,0,0,1,1,Winter,,,,,,,,,,
1932,United States,USA,6,4,2,12,Winter,,,,,,,,,,
1932,Norway,NOR,3,4,3,10,Winter,,,,,,,,,,
1932,Sweden,SWE,1,2,0,3,Winter,,,,,,,,,,
1932,Canada,CAN,1,1,5,7,Winter,,,,,,,,,,
1932,Finland,FIN,1,1,1,3,Winter,,,,,,,,,,
1932,Austria,AUT,1,1,0,2,Winter,,,,,,,,,,
1932,France,FRA,1,0,0,1,Winter,,,,,,,,,,
1932,Switzerland,SUI,0,1,0,1,Winter,,,,,,,,,,
1932,Germany,GER,0,0,2,2,Winter,,,,,,,,,,
1932,Hungary,HUN,0,0,1,1,Winter,,,,,,,,,,
1936,Norway,NOR,7,5,3,15,Winter,,,,,,,,,,
1936,Germany,GER,3,3,0,6,Winter,,,,,,,,,,
1936,Sweden,SWE,2,2,3,7,Winter,,,,,,,,,,
1936,Finland,FIN,1,2,3,6,Winter,,,,,,,,,,
1936,Switzerland,SUI,1,2,0,3,Winter,,,,,,,,,,
1936,Austria,AUT,1,1,2,4,Winter,,,,,,,,,,
1936,Great Britain,GBR,1,1,1,3,Winter,,,,,,,,,,
1936,United States,USA,1,0,3,4,Winter,,,,,,,,,,
1936,Canada,CAN,0,1,0,1,Winter,,,,,,,,,,
1936,France,FRA,0,0,1,1,Winter,,,,,,,,,,
1936,Hungary,HUN,0,0,1,1,Winter,,,,,,,,,,
1948,Norway,NOR,4,3,3,10,Winter,,,,,,,,,,
1948,Sweden,SWE,4,3,3,10,Winter,,,,,,,,,,
1948,Switzerland,SUI,3,4,3,10,Winter,,,,,,,,,,
1948,United States,USA,3,4,2,9,Winter,,,,,,,,,,
1948,France,FRA,2,1,2,5,Winter,,,,,,,,,,
1948,Canada,CAN,2,0,1,3,Winter,,,,,,,,,,
1948,Austria,AUT,1,3,4,8,Winter,,,,,,,,,,
1948,Finland,FIN,1,3,2,6,Winter,,,,,,,,,,
1948,Belgium,BEL,1,1,0,2,Winter,,,,,,,,,,
1948,Italy,ITA,1,0,0,1,Winter,,,,,,,,,,
1948,Czechoslovakia,TCH,0,1,0,1,Winter,,,,,,,,,,
1948,Hungary,HUN,0,1,0,1,Winter,,,,,,,,,,
1948,Great Britain,GBR,0,0,2,2,Winter,,,,,,,,,,
1952,Norway,NOR,7,3,6,16,Winter,,,,,,,,,,
1952,United States,USA,4,6,1,11,Winter,,,,,,,,,,
1952,Finland,FIN,3,4,2,9,Winter,,,,,,,,,,
1952,Germany,GER,3,2,2,7,Winter,,,,,,,,,,
1952,Austria,AUT,2,4,2,8,Winter,,,,,,,,,,
1952,Canada,CAN,1,0,1,2,Winter,,,,,,,,,,
1952,Italy,ITA,1,0,1,2,Winter,,,,,,,,,,
1952,Great Britain,GBR,1,0,0,1,Winter,,,,,,,,,,
1952,Netherlands,NED,0,3,0,3,Winter,,,,,,,,,,
1952,Sweden,SWE,0,0,4,4,Winter,,,,,,,,,,
1952,Switzerland,SUI,0,0,2,2,Winter,,,,,,,,,,
1952,France,FRA,0,0,1,1,Winter,,,,,,,,,,
1952,Hungary,HUN,0,0,1,1,Winter,,,,,,,,,,
1956,Soviet Union,URS,7,3,6,16,Winter,,,,,,,,,,
1956,Austria,AUT,4,3,4,11,Winter,,,,,,,,,,
1956,Finland,FIN,3,3,1,7,Winter,,,,,,,,,,
1956,Switzerland,SUI,3,2,1,6,Winter,,,,,,,,,,
1956,Sweden,SWE,2,4,4,10,Winter,,,,,,,,,,
1956,United States,USA,2,3,2,7,Winter,,,,,,,,,,
1956,Norway,NOR,2,1,1,4,Winter,,,,,,,,,,
1956,Italy,ITA,1,2,0,3,Winter,,,,,,,,,,
1956,Germany,GER,1,0,1,2,Winter,,,,,,,,,,
1956,Canada,CAN,0,1,2,3,Winter,,,,,,,,,,
1956,Japan,JPN,0,1,0,1,Winter,,,,,,,,,,
1956,Hungary,HUN,0,0,1,1,Winter,,,,,,,,,,
1956,Poland,POL,0,0,1,1,Winter,,,,,,,,,,
1960,Soviet Union,URS,7,5,9,21,Winter,,,,,,,,,,
1960,Germany,GER,4,3,1,8,Winter,Germany,GER,1960.0,,,84619845881.2608,1162.12266831735,,69.0640731707317,72814900.0
1960,United States,USA,3,4,3,10,Winter,United States,USA,1960.0,,,541988586206.897,2999.86487154495,,69.7707317073171,180671000.0
1960,Norway,NOR,3,3,0,6,Winter,Norway,NOR,1960.0,,,5197398721.41367,1451.2850779894,,73.549756097561,3581239.0
1960,Sweden,SWE,3,2,2,7,Winter,Sweden,SWE,1960.0,,,15930258332.069,2128.38884406565,,73.0056097560976,7484656.0
1960,Finland,FIN,2,3,3,8,Winter,Finland,FIN,1960.0,,,5279481824.12983,1191.85508873415,,68.819756097561,4429634.0
1960,Canada,CAN,2,1,1,4,Winter,Canada,CAN,1960.0,,,40563768946.9503,2264.94849658191,,71.1331707317073,17909356.0
1960,Switzerland,SUI,2,0,0,2,Winter,Switzerland,SUI,1960.0,,,10412232620.5258,1954.3113206427,,71.3134146341463,5327827.0
1960,Austria,AUT,1,2,3,6,Winter,Austria,AUT,1960.0,,,6624086313.14334,939.914814681174,,68.5856097560976,7047539.0
1960,France,FRA,1,0,2,3,Winter,France,FRA,1960.0,,,61756878990.3,1302.53149729892,,69.8682926829268,47412964.0
1960,Netherlands,NED,0,1,1,2,Winter,Netherlands,NED,1960.0,,,13282979014.563,1156.38597727767,,73.3926829268293,11486631.0
1960,Poland,POL,0,1,1,2,Winter,Poland,POL,1960.0,,,,,,67.6804878048781,29637450.0
1960,Czechoslovakia,TCH,0,1,0,1,Winter,,,,,,,,,,
1960,Italy,ITA,0,0,1,1,Winter,Italy,ITA,1960.0,,,42012422612.3955,836.905850281885,,69.1239024390244,50199700.0
1964,Soviet Union,URS,11,8,6,25,Winter,,,,,,,,,,
1964,Austria,AUT,4,5,3,12,Winter,Austria,AUT,1964.0,,,9213648655.97511,1275.45715281679,,69.9219512195122,7223801.0
1964,Norway,NOR,3,6,6,15,Winter,Norway,NOR,1964.0,,,7206522121.80418,1950.69324222931,,73.5958536585366,3694339.0
1964,Finland,FIN,3,4,3,10,Winter,Finland,FIN,1964.0,,,7848987792.54261,1725.60483489826,,69.2209756097561,4548543.0
1964,France,FRA,3,4,0,7,Winter,France,FRA,1964.0,,,93079224076.2648,1884.13791381574,,70.6634146341463,49401492.0
1964,Germany,GER,3,3,3,9,Winter,Germany,GER,1964.0,,,123330404665.086,1637.45522773672,,70.4355609756098,75318337.0
1964,Sweden,SWE,3,3,1,7,Winter,Sweden,SWE,1964.0,,,22685750575.2235,2961.06283239536,,73.7331707317073,7661354.0
1964,United States,USA,1,2,4,7,Winter,United States,USA,1964.0,,,684144620689.655,3565.31443016356,,70.1658536585366,191889000.0
1964,Canada,CAN,1,1,1,3,Winter,Canada,CAN,1964.0,,,49503663836.3665,2561.63849088572,,71.7763414634146,19325000.0
1964,Netherlands,NED,1,1,0,2,Winter,Netherlands,NED,1964.0,,,20232048552.8327,1668.33086114697,,73.7041463414634,12127120.0
1964,Great Britain,GBR,1,0,0,1,Winter,United Kingdom,GBR,1964.0,,,94407558351.1616,1748.2881176141,,71.6243902439024,54000000.0
1964,Italy,ITA,0,1,3,4,Winter,Italy,ITA,1964.0,,,65720771779.4768,1271.80119301518,,70.3117073170732,51675350.0
1964,Democratic People's Republic of Korea,PRK,0,1,0,1,Winter,"Korea, Dem. People's Rep.",PRK,1964.0,,,,,,56.157,12889770.0
1964,Czechoslovakia,TCH,0,0,1,1,Winter,,,,,,,,,,
1968,Norway,NOR,6,6,2,14,Winter,Norway,NOR,1968.0,,,10227087165.2414,2679.71300438189,,73.9419512195122,3816486.0
1968,Soviet Union,URS,5,5,3,13,Winter,,,,,,,,,,
1968,France,FRA,4,3,2,9,Winter,France,FRA,1968.0,,,128427504709.055,2512.62017415254,,71.309756097561,51112980.0
1968,Italy,ITA,4,0,0,4,Winter,Italy,ITA,1968.0,,,91485448147.84,1718.49646427147,,70.78,53235750.0
1968,Austria,AUT,3,4,4,11,Winter,Austria,AUT,1968.0,,,12499863917.1003,1685.66211669148,,70.0575609756098,7415403.0
1968,Netherlands,NED,3,3,3,9,Winter,Netherlands,NED,1968.0,,,30097635750.982,2364.3594192663,,73.6126829268293,12729721.0
1968,Sweden,SWE,3,2,3,8,Winter,Sweden,SWE,1968.0,,,31278230633.5785,3953.12834043751,,73.9729268292683,7912273.0
1968,West Germany,FRG,2,2,3,7,Winter,,,,,,,,,,
1968,United States,USA,1,5,1,7,Winter,United States,USA,1968.0,,,940225000000.0,4684.58840293763,,69.9512195121951,200706000.0
1968,East Germany,GDR,1,2,2,5,Winter,,,,,,,,,,
1968,Finland,FIN,1,2,2,5,Winter,Finland,FIN,1968.0,,,8916565040.54632,1927.29380452918,,69.6163414634146,4626469.0
1968,Czechoslovakia,TCH,1,2,1,4,Winter,,,,,,,,,,
1968,Canada,CAN,1,1,1,3,Winter,Canada,CAN,1968.0,,,72048833006.1602,3473.23722551871,,72.3534146341463,20744000.0
1968,Switzerland,SUI,0,2,4,6,Winter,Switzerland,SUI,1968.0,,,20712102793.8026,3413.49358157003,,72.590243902439,6067714.0
1968,Romania,ROU,0,0,1,1,Winter,Romania,ROU,1968.0,,,,,,67.5603658536585,19799831.0
1972,Soviet Union,URS,8,5,3,16,Winter,,,,,,,,,,
1972,East Germany,GDR,4,3,7,14,Winter,,,,,,,,,,
1972,Switzerland,SUI,4,3,3,10,Winter,Switzerland,SUI,1972.0,,,36844318854.2403,5884.77524107186,,73.6443902439024,6260956.0
1972,Netherlands,NED,4,3,2,9,Winter,Netherlands,NED,1972.0,3157787419.66493,,54787070173.0294,4110.49164551948,,73.7270731707317,13328593.0
1972,United States,USA,3,2,3,8,Winter,United States,USA,1972.0,88354983000.0,,1279110000000.0,6094.01798986165,,71.1560975609756,209896000.0
1972,West Germany,FRG,3,1,1,5,Winter,,,,,,,,,,
1972,Norway,NOR,2,5,5,12,Winter,Norway,NOR,1972.0,809172330.378557,,17358610849.701,4413.57569168528,,74.3446341463415,3933004.0
1972,Italy,ITA,2,2,1,5,Winter,Italy,ITA,1972.0,4251111636.78619,,145594833997.344,2677.29372999774,,72.0753658536586,54381345.0
1972,Austria,AUT,1,2,2,5,Winter,Austria,AUT,1972.0,775330046.431336,,21973207929.0434,2912.59577111524,,70.4634146341463,7544201.0
1972,Sweden,SWE,1,1,2,4,Winter,Sweden,SWE,1972.0,2802224658.57551,,48883734671.5941,6018.45963232017,,74.7180487804878,8122300.0
1972,Japan,JPN,1,1,1,3,Winter,Japan,JPN,1972.0,9233171134.98422,,324933841268.585,3031.43860570759,,73.1536585365854,107188000.0
1972,Czechoslovakia,TCH,1,0,2,3,Winter,,,,,,,,,,
1972,Poland,POL,1,0,0,1,Winter,Poland,POL,1972.0,,,,,,70.6658536585366,33055650.0
1972,Spain,ESP,1,0,0,1,Winter,Spain,ESP,1972.0,878332319.440849,,59090176028.993,1707.58800052655,,72.8180487804878,34604469.0
1972,Finland,FIN,0,4,1,5,Winter,Finland,FIN,1972.0,668861442.500715,,14744499569.8308,3177.9287929756,,70.7073170731707,4639657.0
1972,France,FRA,0,1,2,3,Winter,France,FRA,1972.0,6129089726.91807,,201621751625.488,3806.8878889279,,72.1073170731707,52962356.0
1972,Canada,CAN,0,1,0,1,Winter,Canada,CAN,1972.0,7614172676.02786,,113463848873.624,5106.73708049128,,72.9339024390244,22218463.0
1976,Soviet Union,URS,13,6,8,27,Winter,,,,,,,,,,
1976,East Germany,GDR,7,5,7,19,Winter,,,,,,,,,,
1976,United States,USA,3,3,4,10,Winter,United States,USA,1976.0,130872210000.0,,1873412000000.0,8592.25353727612,,72.8560975609756,218035000.0
1976,Norway,NOR,3,3,1,7,Winter,Norway,NOR,1976.0,1839130529.82681,,35942270686.3374,8927.20162734477,,75.039512195122,4026152.0
1976,West Germany,FRG,2,5,3,10,Winter,,,,,,,,,,
1976,Finland,FIN,2,4,1,7,Winter,Finland,FIN,1976.0,1630770632.40498,,31852352669.6415,6740.29145314637,,71.8129268292683,4725664.0
1976,Austria,AUT,2,2,2,6,Winter,Austria,AUT,1976.0,1809479424.71428,,42791707448.0325,5656.1451383787,,71.5658536585366,7565525.0
1976,Switzerland,SUI,1,3,1,5,Winter,Switzerland,SUI,1976.0,,,68476524643.943,10864.971231108,,74.7853658536585,6302504.0
1976,Netherlands,NED,1,2,3,6,Winter,Netherlands,NED,1976.0,6514831655.27586,,109329386564.427,7937.35246713998,,74.6470731707317,13774037.0
1976,Italy,ITA,1,2,1,4,Winter,Italy,ITA,1976.0,8102498311.23516,,225235205861.828,4042.39482463789,,72.9919512195122,55718260.0
1976,Canada,CAN,1,1,1,3,Winter,Canada,CAN,1976.0,12622281947.2617,,207271612576.065,8838.94710677652,,73.8560975609756,23449808.0
1976,Great Britain,GBR,1,0,0,1,Winter,United Kingdom,GBR,1976.0,14913046192.2731,,232614555256.065,4138.16778761535,,72.7756097560976,56211968.0
1976,Czechoslovakia,TCH,0,1,0,1,Winter,,,,,,,,,,
1976,Liechtenstein,LIE,0,0,2,2,Winter,Liechtenstein,LIE,1976.0,6292662.26936109,,272489300.467827,11326.3488431219,,,24058.0
1976,Sweden,SWE,0,0,2,2,Winter,Sweden,SWE,1976.0,4848601813.63209,,89233541403.6135,10852.6438272293,,74.9692682926829,8222286.0
1976,France,FRA,0,0,1,1,Winter,France,FRA,1976.0,14562041791.8601,,368488292816.171,6794.61739337861,,73.1024390243903,54232383.0
1980,Soviet Union,URS,10,6,6,22,Winter,,,,,,,,,,
1980,East Germany,GDR,9,7,7,23,Winter,,,,,,,,,,
1980,United States,USA,6,4,2,12,Winter,United States,USA,1980.0,179364465000.0,,2857307000000.0,12574.7915062163,,73.609756097561,227225000.0
1980,Austria,AUT,3,2,2,7,Winter,Austria,AUT,1980.0,3532329671.34652,,81737498404.5948,10826.9718274995,,72.4634146341463,7549433.0
1980,Sweden,SWE,3,0,1,4,Winter,Sweden,SWE,1980.0,8405884627.38792,,141887695763.193,17073.2406585323,,75.7409756097561,8310531.0
1980,Liechtenstein,LIE,2,2,0,4,Winter,Liechtenstein,LIE,1980.0,12347794.9373345,,534699362.896161,20958.7395302666,,,25512.0
1980,Finland,FIN,1,5,3,9,Winter,Finland,FIN,1980.0,2421519214.2174,,53649984061.205,11224.9380036353,,73.44,4779535.0
1980,Norway,NOR,1,3,6,10,Winter,Norway,NOR,1980.0,3126316002.59152,,64439382896.0156,15772.2409073814,,75.6717073170732,4085620.0
1980,Netherlands,NED,1,2,1,4,Winter,Netherlands,NED,1980.0,11181154883.6178,,195439301706.939,13812.1600098191,,75.7431707317073,14149800.0
1980,Switzerland,SUI,1,1,3,5,Winter,Switzerland,SUI,1980.0,,,122557843886.137,19393.8805480097,,75.4592682926829,6319408.0
1980,Great Britain,GBR,1,0,0,1,Winter,United Kingdom,GBR,1980.0,30085826981.1759,,564947710899.373,10032.062080015,,73.6756097560976,56314216.0
1980,West Germany,FRG,0,2,3,5,Winter,,,,,,,,,,
1980,Italy,ITA,0,2,0,2,Winter,Italy,ITA,1980.0,18489845397.92,,478356755595.749,8476.41045000836,,73.9431707317073,56433883.0
1980,Canada,CAN,0,1,1,2,Winter,Canada,CAN,1980.0,16577621618.2005,,274776566028.053,11208.2027394178,,75.1021951219512,24515667.0
1980,Hungary,HUN,0,1,0,1,Winter,Hungary,HUN,1980.0,,,23041569234.9792,2151.1816628528,,69.0617073170732,10711122.0
1980,Japan,JPN,0,1,0,1,Winter,Japan,JPN,1980.0,38716324984.2992,,1129377244854.04,9668.74626395709,,75.9890243902439,116807000.0
1980,Bulgaria,BUL,0,0,1,1,Winter,Bulgaria,BUL,1980.0,663860461.538462,,19839230769.2308,2238.80295786574,,71.1575609756098,8861535.0
1980,Czechoslovakia,TCH,0,0,1,1,Winter,,,,,,,,,,
1980,France,FRA,0,0,1,1,Winter,France,FRA,1980.0,28258429059.2984,,694529183483.39,12565.1639377144,,74.0512195121951,55274184.0
1984,East Germany,GDR,9,9,6,24,Winter,,,,,,,,,,
1984,Soviet Union,URS,6,10,9,25,Winter,,,,,,,,,,
1984,United States,USA,4,4,0,8,Winter,United States,USA,1984.0,254034396000.0,,4037613000000.0,17121.2254849995,,74.5634146341464,235825000.0
1984,Finland,FIN,4,3,6,13,Winter,Finland,FIN,1984.0,2365315082.11318,,52870993272.6553,10830.2185222663,,74.5190243902439,4881803.0
1984,Sweden,SWE,4,2,2,8,Winter,Sweden,SWE,1984.0,6066748135.10964,,109044297250.901,13080.1803912865,,76.8158536585366,8336605.0
1984,Norway,NOR,3,2,4,9,Winter,Norway,NOR,1984.0,2961871837.28481,,62057955032.7758,14989.4857665906,,76.2243902439024,4140099.0
1984,Switzerland,SUI,2,2,1,5,Winter,Switzerland,SUI,1984.0,,,109455312167.511,16991.2458841517,,76.6085365853659,6441865.0
1984,Canada,CAN,2,1,1,4,Winter,Canada,CAN,1984.0,22123462280.905,,356718400123.543,13930.4745502555,,76.3319512195122,25607053.0
1984,West Germany,FRG,2,1,1,4,Winter,,,,,,,,,,
1984,Italy,ITA,2,0,0,2,Winter,Italy,ITA,1984.0,19682237122.5479,,438896930791.272,7757.55374836822,,75.389512195122,56576718.0
1984,Great Britain,GBR,1,0,0,1,Winter,United Kingdom,GBR,1984.0,23022346151.9021,,461487097632.349,8179.19444064991,,74.7780487804878,56422072.0
1984,Czechoslovakia,TCH,0,2,4,6,Winter,,,,,,,,,,
1984,France,FRA,0,1,2,3,Winter,France,FRA,1984.0,24783248517.6011,,525033325827.516,9311.89426452129,,75.0,56383085.0
1984,Japan,JPN,0,1,0,1,Winter,Japan,JPN,1984.0,64062129559.1535,,1345824500836.76,11207.4523524293,,77.2912195121951,120083000.0
1984,Yugoslavia,YUG,0,1,0,1,Winter,,,,,,,,,,
1984,Liechtenstein,LIE,0,0,2,2,Winter,Liechtenstein,LIE,1984.0,11606870.3375346,,502620991.852944,18898.3678693391,,,26596.0
1984,Austria,AUT,0,0,1,1,Winter,Austria,AUT,1984.0,3268307390.13823,,67719055773.3306,8955.84829191534,,73.6121951219512,7561434.0
1988,Soviet Union,URS,11,9,9,29,Winter,,,,,,,,,,
1988,East Germany,GDR,9,10,6,25,Winter,,,,,,,,,,
1988,Switzerland,SUI,5,5,5,15,Winter,Switzerland,SUI,1988.0,,,215540625298.982,32690.4302734561,,77.2265853658537,6593386.0
1988,Finland,FIN,4,1,2,7,Winter,Finland,FIN,1988.0,5335030427.86069,,109039090262.971,22043.7701596288,,74.5770731707317,4946481.0
1988,Sweden,SWE,4,0,2,6,Winter,Sweden,SWE,1988.0,10783923234.4301,,206688963474.344,24499.4053182958,,76.9792682926829,8436489.0
1988,Austria,AUT,3,5,2,10,Winter,Austria,AUT,1988.0,6417941932.46405,,132817124707.456,17509.7658683817,,75.2170731707317,7585317.0
1988,Netherlands,NED,3,2,2,7,Winter,Netherlands,NED,1988.0,13664293595.7186,,262295966105.474,17770.6162376388,,76.890243902439,14760094.0
1988,West Germany,FRG,2,4,2,8,Winter,,,,,,,,,,
1988,United States,USA,2,1,3,6,Winter,United States,USA,1988.0,226011999000.0,,5236438000000.0,21417.0119305191,,74.7658536585366,244499000.0
1988,Italy,ITA,2,1,2,5,Winter,Italy,ITA,1988.0,40014439422.7908,,893663934840.821,15780.9495122174,,76.3707317073171,56629288.0
1988,France,FRA,1,0,1,2,Winter,France,FRA,1988.0,44099693866.3144,,1010827662151.75,17549.6440487161,,76.1,57598186.0
1988,Norway,NOR,0,3,2,5,Winter,Norway,NOR,1988.0,5271096823.69188,,101900260856.222,24207.281468963,,76.2204878048781,4209488.0
1988,Canada,CAN,0,2,3,5,Winter,Canada,CAN,1988.0,29573364751.7673,,509380027626.554,19012.5723278349,,76.8587804878049,26791747.0
1988,Yugoslavia,YUG,0,2,1,3,Winter,,,,,,,,,,
1988,Czechoslovakia,TCH,0,1,2,3,Winter,,,,,,,,,,
1988,Japan,JPN,0,0,1,1,Winter,Japan,JPN,1988.0,126818404281.8,,3125724434400.79,25499.8811728107,,78.349756097561,122578000.0
1988,Liechtenstein,LIE,0,0,1,1,Winter,Liechtenstein,LIE,1988.0,26828303.1125027,,1161757671.01756,41568.5441182755,,,27948.0
1992,Germany,GER,10,10,6,26,Winter,Germany,GER,1992.0,87655717863.494,,2141377582968.07,26559.8543879632,,75.819512195122,80624598.0
1992,Unified Team,EUN,9,6,8,23,Winter,,,,,,,,,,
1992,Norway,NOR,9,6,5,20,Winter,Norway,NOR,1992.0,7557468501.08619,,130838040067.584,30523.9850558974,,77.1843902439025,4286401.0
1992,Austria,AUT,6,7,8,21,Winter,Austria,AUT,1992.0,9191344659.40394,,194314032056.098,24782.7118767063,,75.8170731707317,7840709.0
1992,United States,USA,5,4,2,11,Winter,United States,USA,1992.0,349323660611.655,,6520327000000.0,25418.9907763319,,75.6170731707317,256514000.0
1992,Italy,ITA,4,6,4,14,Winter,Italy,ITA,1992.0,51995694419.6763,,1323204350353.5,23297.0460325456,,77.419512195122,56797087.0
1992,France,FRA,3,5,1,9,Winter,France,FRA,1992.0,61905001239.1576,,1389663073110.28,23615.0168565483,,77.1,58846584.0
1992,Finland,FIN,3,1,3,7,Winter,Finland,FIN,1992.0,7235358101.9379,,112537828510.751,22320.1124695857,,75.4553658536585,5041992.0
1992,Canada,CAN,2,3,2,7,Winter,Canada,CAN,1992.0,37823291139.2405,,594387358318.855,20950.3305287651,,77.8380487804878,28371264.0
1992,Republic of Korea,KOR,2,1,1,4,Winter,"Korea, Rep.",KOR,1992.0,11006661884.3272,,355524903068.056,8126.66206183629,,72.4975609756098,43747962.0
1992,Japan,JPN,1,2,4,7,Winter,Japan,JPN,1992.0,140850529945.377,,3980702922117.66,31992.7902119161,,79.080243902439,124425000.0
1992,Netherlands,NED,1,1,2,4,Winter,Netherlands,NED,1992.0,18974011623.2521,,363497050125.313,23939.2173482108,,77.2170731707317,15184166.0
1992,Sweden,SWE,1,0,3,4,Winter,Sweden,SWE,1992.0,13875206778.9072,,283912173666.678,32753.8047025569,,77.9987804878049,8668067.0
1992,Switzerland,SUI,1,0,2,3,Winter,Switzerland,SUI,1992.0,,,279921425828.474,40713.6881521435,,77.8060975609756,6875364.0
1992,People's Republic of China,CHN,0,3,0,3,Winter,China,CHN,1992.0,6406956147.81004,,426915712715.856,366.460692306116,,68.734,1164970000.0
1992,Luxembourg,LUX,0,2,0,2,Winter,Luxembourg,LUX,1992.0,544564086.107313,,15518702634.8808,39570.8615665986,,75.7707317073171,392175.0
1992,New Zealand,NZL,0,1,0,1,Winter,New Zealand,NZL,1992.0,2532090068.05615,,41649829859.6342,11793.1392416214,,76.1243902439025,3531700.0
1992,Czechoslovakia,TCH,0,0,3,3,Winter,,,,,,,,,,
1992,Democratic People's Republic of Korea,PRK,0,0,1,1,Winter,"Korea, Dem. People's Rep.",PRK,1992.0,,,,,,70.824,21750911.0
1992,Spain,ESP,0,0,1,1,Winter,Spain,ESP,1992.0,22440380126.7674,,630465353486.104,16100.6799428032,,77.41,39157685.0
1994,Russian Federation,RUS,11,8,4,23,Winter,Russian Federation,RUS,1994.0,15336254748.6901,,395077301248.464,2662.10400390625,,64.4670731707317,148407912.0
1994,Norway,NOR,10,11,5,26,Winter,Norway,NOR,1994.0,9500764565.85808,,127131319428.701,29315.8092337732,,77.689756097561,4336613.0
1994,Germany,GER,9,7,8,24,Winter,Germany,GER,1994.0,90385268953.8389,,2215282632276.73,27201.9593555204,,76.2707317073171,81438348.0
1994,Italy,ITA,7,5,8,20,Winter,Italy,ITA,1994.0,48696943605.908,,1101750159702.21,19382.2002150155,,77.9219512195122,56843400.0
1994,United States,USA,6,5,2,13,Winter,United States,USA,1994.0,384029458468.469,,7287236000000.0,27694.853416234,,75.619512195122,263126000.0
1994,Republic of Korea,KOR,4,1,1,6,Winter,"Korea, Rep.",KOR,1994.0,15260819092.6629,,463619823515.164,10385.3904572997,,73.3975609756098,44641540.0
1994,Canada,CAN,3,6,4,13,Winter,Canada,CAN,1994.0,39701249267.7211,,579944346807.264,19997.6237373354,,77.8717073170732,29000663.0
1994,Switzerland,SUI,3,4,2,9,Winter,Switzerland,SUI,1994.0,,,301375055202.164,43091.7770970073,,78.35,6993795.0
1994,Austria,AUT,2,3,4,9,Winter,Austria,AUT,1994.0,10178965893.8813,,202738023129.743,25546.2460525087,,76.419512195122,7936118.0
1994,Sweden,SWE,2,1,0,3,Winter,Sweden,SWE,1994.0,17633525653.9762,,228701658890.617,26045.8148927701,,78.650243902439,8780745.0
1994,Japan,JPN,1,2,2,5,Winter,Japan,JPN,1994.0,181452957602.062,,4998797547740.97,39933.5150564874,,79.6968292682927,125178000.0
1994,Kazakhstan,KAZ,1,2,0,3,Winter,Kazakhstan,KAZ,1994.0,867321917.012928,,21250792886.1054,1246.83633018218,,64.9,17043771.0
1994,Ukraine,UKR,1,0,1,2,Winter,Ukraine,UKR,1994.0,2550529242.68878,,52549553403.0304,1009.09356689453,,67.5412195121951,52075998.0
1994,Uzbekistan,UZB,1,0,0,1,Winter,Uzbekistan,UZB,1994.0,1205226440.39244,,12899074922.38,574.229079896619,,64.685,22463291.0
1994,Belarus,BLR,0,2,0,2,Winter,Belarus,BLR,1994.0,820107418.596846,,14931435232.078,1460.00791360458,,68.7682926829268,10226955.0
1994,Finland,FIN,0,1,5,6,Winter,Finland,FIN,1994.0,6845112286.85259,,103182697780.307,20278.29109854,,76.3956097560976,5088333.0
1994,France,FRA,0,1,4,5,Winter,France,FRA,1994.0,72722835538.7524,,1385822778827.98,23359.8985104774,,77.6487804878049,59324863.0
1994,Netherlands,NED,0,1,3,4,Winter,Netherlands,NED,1994.0,17947520000.0,,379688232231.505,24682.5866742863,,77.3751219512195,15382838.0
1994,People's Republic of China,CHN,0,1,2,3,Winter,China,CHN,1994.0,10139196060.1065,,564321854521.013,473.489916407064,,69.52,1191835000.0
1994,Slovenia,SLO,0,0,3,3,Winter,Slovenia,SLO,1994.0,,,16400767069.6294,8243.89895545106,,73.4048780487805,1989443.0
1994,Great Britain,GBR,0,0,2,2,Winter,United Kingdom,GBR,1994.0,62510987131.9253,,1140489745944.29,19709.2380983653,,76.8853658536585,57865745.0
1994,Australia,AUS,0,0,1,1,Winter,Australia,AUS,1994.0,16417142857.1429,,322806641300.588,18129.6353064456,,77.8780487804878,17805468.0
1998,Germany,GER,12,9,8,29,Winter,Germany,GER,1998.0,90909005203.5213,,2247760364565.97,27395.9440608051,,77.4756097560976,82047195.0
1998,Norway,NOR,10,10,5,25,Winter,Norway,NOR,1998.0,9906061930.82686,,154230295158.447,34803.4634058738,,78.3292682926829,4431464.0
1998,Russian Federation,RUS,9,6,3,18,Winter,Russian Federation,RUS,1998.0,9185727794.20911,,270955486862.442,1834.86181640625,,67.029756097561,147670784.0
1998,Canada,CAN,6,5,4,15,Winter,Canada,CAN,1998.0,33465401138.4852,,634000000000.0,21024.5850687045,,78.6236585365854,30155173.0
1998,United States,USA,6,3,4,13,Winter,United States,USA,1998.0,390127573388.87,,9062817000000.0,32853.6725949234,,76.5804878048781,275854000.0
1998,Netherlands,NED,5,4,2,11,Winter,Netherlands,NED,1998.0,18577148826.4027,,438612530548.767,27924.281808994,,77.8829268292683,15707209.0
1998,Japan,JPN,5,1,4,10,Winter,Japan,JPN,1998.0,119184858948.803,,4098362709531.24,32423.7556133801,,80.5014634146342,126400000.0
1998,Austria,AUT,3,5,9,17,Winter,Austria,AUT,1998.0,12318230179.8358,,217068085815.918,27212.4642905708,,77.6707317073171,7976789.0
1998,Republic of Korea,KOR,3,1,2,6,Winter,"Korea, Rep.",KOR,1998.0,10238207576.5042,,383331833681.821,8281.71948271445,,75.0048780487805,46286503.0
1998,Italy,ITA,2,6,2,10,Winter,Italy,ITA,1998.0,52867267335.2558,,1272729786996.77,22365.1837644545,,78.9756097560976,56906744.0
1998,Finland,FIN,2,4,6,12,Winter,Finland,FIN,1998.0,8459693278.41122,,133990876724.522,25999.9861694953,,77.0907317073171,5153498.0
1998,Switzerland,SUI,2,2,3,7,Winter,Switzerland,SUI,1998.0,12852452425.416,,303459014346.806,42680.5867322391,,79.3243902439025,7110001.0
1998,France,FRA,2,1,5,8,Winter,France,FRA,1998.0,77616903015.8504,,1496906382032.47,24869.4030795939,,78.6048780487805,60190684.0
1998,Czechia,CZE,1,1,1,3,Winter,Czechia,CZE,1998.0,2175666561.11418,,67187217327.7326,6526.59635780951,,74.5146341463415,10294373.0
1998,Bulgaria,BUL,1,0,0,1,Winter,Bulgaria,BUL,1998.0,442416051.465576,,15031055046.7575,1820.44866449942,,71.0609756097561,8256786.0
1998,People's Republic of China,CHN,0,6,2,8,Winter,China,CHN,1998.0,20278509647.9494,,1029060747620.65,828.594691043134,,71.172,1241935000.0
1998,Sweden,SWE,0,2,1,3,Winter,Sweden,SWE,1998.0,19122505796.2332,,270889570937.999,30605.6227188103,,79.3390243902439,8850974.0
1998,Denmark,DEN,0,1,0,1,Winter,Denmark,DEN,1998.0,13515065977.1369,,176877077513.133,33346.4884298957,,76.1390243902439,5304219.0
1998,Ukraine,UKR,0,1,0,1,Winter,Ukraine,UKR,1998.0,1808815090.08411,,41882523345.1804,831.336791992188,,68.3748780487805,50379731.0
1998,Belarus,BLR,0,0,2,2,Winter,Belarus,BLR,1998.0,819459847.319198,,15221352698.8944,1511.25979105507,,68.4073170731707,10071963.0
1998,Kazakhstan,KAZ,0,0,2,2,Winter,Kazakhstan,KAZ,1998.0,963786947.854224,,22135245507.3656,1414.59289652597,,64.5,15647785.0
1998,Australia,AUS,0,0,1,1,Winter,Australia,AUS,1998.0,18371616353.795,,399674421759.479,21479.1142020092,,78.6317073170732,18607584.0
1998,Belgium,BEL,0,0,1,1,Winter,Belgium,BEL,1998.0,8043499074.09357,,258528339631.029,25338.4432934904,,77.4731707317073,10203008.0
1998,Great Britain,GBR,0,0,1,1,Winter,United Kingdom,GBR,1998.0,66267603579.3676,,1653694932096.72,28274.5045119699,,77.190243902439,58487141.0
2002,Norway,NOR,13,5,7,25,Winter,Norway,NOR,2002.0,13449545629.9005,3890.0,195914852576.467,43170.557174499,,78.9878048780488,4538159.0
2002,Germany,GER,12,16,8,36,Winter,Germany,GER,2002.0,84351151916.2194,2567.50292969,2102350798305.89,25486.5942008748,,78.2292682926829,82488495.0
2002,United States,USA,10,13,11,34,Winter,United States,USA,2002.0,526395064794.538,5304.52001953,10929108000000.0,37997.7424300242,,76.9365853658537,287625193.0
2002,Canada,CAN,7,3,7,17,Winter,Canada,CAN,2002.0,36790541800.8557,2149.37939453,760649334098.005,24256.0192337185,,79.5307317073171,31359199.0
2002,Russian Federation,RUS,5,4,4,13,Winter,Russian Federation,RUS,2002.0,12022471504.7473,140.0,345470494417.863,2377.52954101563,,65.1287804878049,145306497.0
2002,France,FRA,4,5,2,11,Winter,France,FRA,2002.0,74487021509.0573,2449.75830078,1492427756382.43,24144.5727019529,,79.2609756097561,61812142.0
2002,Italy,ITA,4,4,5,13,Winter,Italy,ITA,2002.0,53003788024.4156,1763.0,1281746271196.04,22463.5222129968,,80.2292682926829,57059007.0
2002,Finland,FIN,4,2,1,7,Winter,Finland,FIN,2002.0,7816063245.06824,2059.0,140360963811.765,26989.389260959,,78.119512195122,5200598.0
2002,Netherlands,NED,3,5,0,8,Winter,Netherlands,NED,2002.0,19756886934.5896,2545.0,475529972122.746,29446.5330872868,,78.2926829268293,16148929.0
2002,Austria,AUT,3,4,10,17,Winter,Austria,AUT,2002.0,11403555350.464,2498.0,212837224022.813,26334.862215032,,78.6780487804878,8081957.0
2002,Switzerland,SUI,3,2,6,11,Winter,Switzerland,SUI,2002.0,14959726938.8554,4211.72949219,309301422430.386,42458.7384679187,,80.3853658536585,7284753.0
2002,Croatia,CRO,3,1,0,4,Winter,Croatia,CRO,2002.0,929282589.187521,386.0,26757722428.6781,6219.58164143945,,74.7173170731707,4302174.0
2002,People's Republic of China,CHN,2,2,4,8,Winter,China,CHN,2002.0,26055327118.6101,50.15548325,1470557654799.95,1148.51425710711,,72.985,1280400000.0
2002,Republic of Korea,KOR,2,2,0,4,Winter,"Korea, Rep.",KOR,2002.0,19060002397.909,531.89007568,627246933729.618,13165.08362497,,76.7658536585366,47644736.0
2002,Australia,AUS,2,0,0,2,Winter,Australia,AUS,2002.0,18696157377.5639,1763.69567871,395788696012.059,20301.8431713256,,79.9365853658537,19495210.0
2002,Czechia,CZE,1,2,0,3,Winter,Czechia,CZE,2002.0,2931875859.07766,497.74203491,82607869609.574,8101.26018588111,,75.2219512195122,10196916.0
2002,Estonia,EST,1,1,1,3,Winter,Estonia,EST,2002.0,344751884.336441,250.48020935,7370119619.4782,5343.18310760735,,70.9048780487805,1379350.0
2002,Great Britain,GBR,1,0,1,2,Winter,United Kingdom,GBR,2002.0,76895719681.257,2306.12841797,1785729916067.15,30077.741432188,,78.1439024390244,59370479.0
2002,Sweden,SWE,0,2,5,7,Winter,Sweden,SWE,2002.0,17305758102.0655,2459.0,267373345246.531,29957.9387652616,,79.8463414634146,8924958.0
2002,Bulgaria,BUL,0,1,2,3,Winter,Bulgaria,BUL,2002.0,534208450.577756,148.0,16403043849.8297,2092.98288625558,,71.8658536585366,7837161.0
2002,Japan,JPN,0,1,1,2,Winter,Japan,JPN,2002.0,127178204170.214,2416.0,4182846045873.61,32820.7936433254,,81.6907317073171,127445000.0
2002,Poland,POL,0,1,1,2,Winter,Poland,POL,2002.0,9960430539.21568,316.0,199694463255.567,5223.45178967082,,74.4975609756098,38230364.0
2002,Belarus,BLR,0,0,1,1,Winter,Belarus,BLR,2002.0,788698685.736781,84.0,14594900944.7658,1479.38066337175,,68.0560975609756,9865548.0
2002,Slovenia,SLO,0,0,1,1,Winter,Slovenia,SLO,2002.0,1219744753.8266,945.0,23214593516.2095,11639.1297780477,,76.0073170731707,1994530.0
2006,Germany,GER,11,12,6,29,Winter,Germany,GER,2006.0,125468553610.194,3698.04370117,3046308753670.58,36980.3349948954,,79.1317073170732,82376451.0
2006,United States,USA,9,9,7,25,Winter,United States,USA,2006.0,659490049890.913,6779.22753906,13815583000000.0,46301.9876485519,,77.6878048780488,298379912.0
2006,Austria,AUT,9,7,7,23,Winter,Austria,AUT,2006.0,17089221061.747,3883.0,333905979332.481,40382.2078298575,,79.8804878048781,8268641.0
2006,Russian Federation,RUS,8,6,8,22,Winter,Russian Federation,RUS,2006.0,34128798066.213,353.0,989932071352.543,6920.19970703125,,66.7275609756098,143049637.0
2006,Canada,CAN,7,10,7,24,Winter,Canada,CAN,2006.0,60046231488.0112,3788.68603516,1319264809590.97,40504.0370977806,,80.5436585365854,32571193.0
2006,Sweden,SWE,7,2,5,14,Winter,Sweden,SWE,2006.0,25870828277.8998,3765.0,422530427475.536,46531.6001120572,,80.7487804878049,9080505.0
2006,Republic of Korea,KOR,6,3,2,11,Winter,"Korea, Rep.",KOR,2006.0,39170261235.318,1062.19836426,1053216909887.56,21743.4774514254,,78.6682926829268,48438292.0
2006,Switzerland,SUI,5,4,5,14,Winter,Switzerland,SUI,2006.0,20290363195.8048,5671.98144531,441634672196.523,59011.0324592016,,81.490243902439,7483934.0
2006,Italy,ITA,5,0,6,11,Winter,Italy,ITA,2006.0,83967572942.7978,2833.0,1958563654385.64,33684.7200358552,,81.2829268292683,58143979.0
2006,France,FRA,3,2,4,9,Winter,France,FRA,2006.0,115034474651.514,3811.55175781,2317861544690.82,36431.5658906555,,80.8121951219512,63622342.0
2006,Netherlands,NED,3,2,4,9,Winter,Netherlands,NED,2006.0,31974339661.4787,4080.0,737593995289.411,45123.5432406426,,79.6975609756098,16346101.0
2006,Estonia,EST,3,0,0,3,Winter,Estonia,EST,2006.0,710028320.223311,627.18377686,17025671810.3124,12641.4800976473,,72.6914634146341,1346810.0
2006,Norway,NOR,2,8,9,19,Winter,Norway,NOR,2006.0,20301067282.0545,5893.0,346915160681.708,74434.4996835671,,80.3439024390244,4660677.0
2006,People's Republic of China,CHN,2,4,5,11,Winter,China,CHN,2006.0,49171110627.4558,82.79460144,2752118657184.02,2099.2194300499,,74.504,1311020000.0
2006,Czechia,CZE,1,2,1,4,Winter,Czechia,CZE,2006.0,5876209235.42637,942.11804199,156236258386.589,15259.0788162004,,76.5243902439024,10238905.0
2006,Croatia,CRO,1,2,0,3,Winter,Croatia,CRO,2006.0,1873581483.15679,816.0,49590197656.5482,11502.753124287,,75.8368292682927,4311159.0
2006,Australia,AUS,1,0,1,2,Winter,Australia,AUS,2006.0,34432769392.0335,3194.03076172,748417562769.636,36595.7071548423,,81.0414634146342,20450966.0
2006,Japan,JPN,1,0,0,1,Winter,Japan,JPN,2006.0,136517306309.453,2766.0,4601663122649.92,35991.546002862,,82.3219512195122,127854000.0
2006,Finland,FIN,0,6,3,9,Winter,Finland,FIN,2006.0,11982818672.7423,3415.0,217044068234.117,41214.0187765069,,79.2146341463415,5266268.0
2006,Poland,POL,0,1,1,2,Winter,Poland,POL,2006.0,16751715583.9134,524.0,345897630736.173,9068.85528307627,,75.1439024390244,38141267.0
2006,Belarus,BLR,0,1,0,1,Winter,Belarus,BLR,2006.0,2103539190.11655,216.0,36961894281.3444,3848.22350300163,,69.4048780487805,9604924.0
2006,Bulgaria,BUL,0,1,0,1,Winter,Bulgaria,BUL,2006.0,1277445060.41173,294.0,34380536495.6739,4523.1465578805,,72.6121951219512,7601022.0
2006,Great Britain,GBR,0,1,0,1,Winter,United Kingdom,GBR,2006.0,126589011039.558,3857.4855957,2708441582336.71,44512.4590296865,,79.2487804878049,60846820.0
2006,Slovakia,SVK,0,1,0,1,Winter,Slovak Republic,SVK,2006.0,2470066862.59073,729.0,70751813442.9881,13167.8954730379,,74.2048780487805,5373054.0
2006,Ukraine,UKR,0,0,2,2,Winter,Ukraine,UKR,2006.0,6213445029.70298,148.0,111884752475.248,2366.494140625,,68.0775609756098,47278694.0
2006,Latvia,LAT,0,0,1,1,Winter,Latvia,LAT,2006.0,883997986.692818,552.0,20434922247.3037,9211.7374468148,,70.8658536585366,2218357.0
2010,Canada,CAN,14,7,5,26,Winter,Canada,CAN,2010.0,79268993782.5595,5083.98193359,1617343367486.26,47560.6666009406,0.774103760719299,81.3221951219512,34005902.0
2010,Germany,GER,10,13,7,30,Winter,Germany,GER,2010.0,162295973673.6,4611.421875,3468154343000.01,42409.9356994694,0.760740280151367,79.9878048780488,81776930.0
2010,United States,USA,9,15,13,37,Winter,United States,USA,2010.0,734474938308.894,7833.04492188,15048971000000.0,48650.6643227232,0.691508173942566,78.5414634146342,309327143.0
2010,Norway,NOR,9,8,6,23,Winter,Norway,NOR,2010.0,26437876023.7143,7860.0,431052143940.438,88163.2085931423,0.770567059516907,80.9975609756098,4889252.0
2010,Republic of Korea,KOR,6,6,2,14,Winter,"Korea, Rep.",KOR,2010.0,46317733244.2943,1363.56091309,1143672241149.72,23079.2601257735,0.82462739944458,80.1170731707317,49554112.0
2010,Switzerland,SUI,6,0,3,9,Winter,Switzerland,SUI,2010.0,27367251654.7991,7640.44921875,598851028906.58,76531.3729407691,0.768143713474274,82.2463414634147,7824909.0
2010,People's Republic of China,CHN,5,2,4,11,Winter,China,CHN,2010.0,108493546394.082,189.34370422,6087191746679.49,4550.47394356715,,75.599,1337705000.0
2010,Sweden,SWE,5,2,4,11,Winter,Sweden,SWE,2010.0,31117085078.5678,4416.0,492753255885.718,52542.8274141037,0.762113332748413,81.4512195121951,9378126.0
2010,Austria,AUT,4,6,6,16,Winter,Austria,AUT,2010.0,21360049278.66,4801.0,389827789217.634,46611.1393420232,0.737782120704651,80.5804878048781,8363404.0
2010,Netherlands,NED,4,1,3,8,Winter,Netherlands,NED,2010.0,40987317417.932,5192.0,852464982433.335,51305.7338533973,0.797099113464355,80.7024390243902,16615394.0
2010,Russian Federation,RUS,3,5,7,15,Winter,Russian Federation,RUS,2010.0,52524403990.4128,567.0,1524916715223.95,10674.990234375,0.600548565387726,68.8412195121951,142849468.0
2010,France,FRA,2,3,6,11,Winter,France,FRA,2010.0,138027356647.8,4592.38330078,2646230027988.34,40694.8211697025,0.756891846656799,81.6634146341463,65026211.0
2010,Australia,AUS,2,1,0,3,Winter,Australia,AUS,2010.0,56087531401.3915,4975.47070313,1148838233480.72,52144.6654705468,0.754843771457672,81.6951219512195,22031750.0
2010,Czechia,CZE,2,0,4,6,Winter,Czechia,CZE,2010.0,7601332917.93753,1516.04858398,211168667286.27,20160.4355077059,0.726969122886658,77.4243902439025,10474410.0
2010,Poland,POL,1,3,2,6,Winter,Poland,POL,2010.0,22948141677.445,809.0,478111630683.514,12567.7317676382,0.701440930366516,76.2463414634146,38042794.0
2010,Italy,ITA,1,1,3,5,Winter,Italy,ITA,2010.0,87820852553.6636,3218.0,2144936254535.0,36184.7118698678,0.750265836715698,82.0365853658537,59277417.0
2010,Belarus,BLR,1,1,1,3,Winter,Belarus,BLR,2010.0,2774972143.50453,333.0,57231904542.8755,6034.67885177216,,70.4048780487805,9483836.0
2010,Slovakia,SVK,1,1,1,3,Winter,Slovak Republic,SVK,2010.0,3311782011.96968,1297.0,91112160800.7668,16899.448680529,0.678357720375061,75.1121951219512,5391428.0
2010,Great Britain,GBR,1,0,0,1,Winter,United Kingdom,GBR,2010.0,137083631621.789,3956.38891602,2485482596184.71,39598.957119545,0.765453696250916,80.4024390243902,62766365.0
2010,Japan,JPN,0,3,2,5,Winter,Japan,JPN,2010.0,179792193417.353,4074.0,5759071769013.11,44968.1562349739,0.816187500953674,82.8426829268293,128070000.0
2010,Croatia,CRO,0,2,1,3,Winter,Croatia,CRO,2010.0,2392275791.32972,1126.0,58981738868.753,13731.2865213989,0.693299353122711,76.4756097560976,4295427.0
2010,Slovenia,SLO,0,2,1,3,Winter,Slovenia,SLO,2010.0,2502162568.33267,2017.0,47793117240.9001,23329.8417691156,0.752130031585693,79.4219512195122,2048583.0
2010,Latvia,LAT,0,2,0,2,Winter,Latvia,LAT,2010.0,1054060487.79506,689.0,23468324572.3343,11188.4191700977,0.676458120346069,73.4829268292683,2097555.0
2010,Finland,FIN,0,1,4,5,Winter,Finland,FIN,2010.0,15335922084.6284,4252.0,249429613683.334,46506.2919016566,0.81736147403717,79.8707317073171,5363352.0
2010,Estonia,EST,0,1,0,1,Winter,Estonia,EST,2010.0,1003123784.88718,966.19024658,19524355419.038,14663.7041018705,0.725663781166077,75.4292682926829,1331475.0
2010,Kazakhstan,KAZ,0,1,0,1,Winter,Kazakhstan,KAZ,2010.0,4644204409.85703,244.0,148047348240.643,8793.07589980782,0.594029784202576,68.45,16836810.0
2014,Norway,NOR,11,6,9,26,Winter,Norway,NOR,2014.0,34231022794.434,9118.0,501736471832.848,97666.6951838749,,82.1,5137232.0
2014,Russian Federation,RUS,10,10,9,29,Winter,Russian Federation,RUS,2014.0,74693325848.0098,740.0,2059241589895.01,14055.47265625,,70.7436585365854,144237223.0
2014,Canada,CAN,10,10,5,25,Winter,Canada,CAN,2014.0,80726951226.6161,5231.73632813,1805749878439.94,50960.8431174661,,81.7843902439025,35434066.0
2014,United States,USA,9,9,10,28,Winter,United States,USA,2014.0,983316300824.071,8828.4765625,17608138000000.0,55304.3155317137,,78.8414634146341,318386329.0
2014,Netherlands,NED,8,7,9,24,Winter,Netherlands,NED,2014.0,42832852657.8448,5602.0,901556501756.467,53457.2234864322,,81.7073170731707,16865008.0
2014,Germany,GER,8,6,5,19,Winter,Germany,GER,2014.0,177782813657.86,5309.15478516,3965800686309.79,48971.0824722599,,81.090243902439,80982500.0
2014,Switzerland,SUI,7,2,2,11,Winter,Switzerland,SUI,2014.0,31909309374.7939,9307.96875,726537808338.0,88724.9909402638,,83.1975609756098,8188649.0
2014,Belarus,BLR,5,0,1,6,Winter,Belarus,BLR,2014.0,3585480109.60485,438.0,78812805039.0743,8341.29014337961,,72.9707317073171,9448515.0
2014,Austria,AUT,4,8,5,17,Winter,Austria,AUT,2014.0,22909351944.0208,5394.0,438556021078.034,51314.9722616322,,81.490243902439,8546356.0
2014,France,FRA,4,4,7,15,Winter,France,FRA,2014.0,144592294968.361,4980.81494141,2861236112552.42,43148.0459288416,,82.719512195122,66312067.0
2014,Poland,POL,4,1,1,6,Winter,Poland,POL,2014.0,24671255338.7108,911.0,542134167178.627,14262.2841914116,,77.6024390243903,38011735.0
2014,People's Republic of China,CHN,3,4,2,9,Winter,China,CHN,2014.0,187752787044.079,363.00939941,10475624944355.2,7636.07434020616,,76.717,1371860000.0
2014,Republic of Korea,KOR,3,3,2,8,Winter,"Korea, Rep.",KOR,2014.0,68545995169.6272,1880.4420166,1484488526271.8,29252.9312377352,,81.7219512195122,50746659.0
2014,Sweden,SWE,2,7,6,15,Winter,Sweden,SWE,2014.0,41824719235.7562,6606.0,577730245154.162,59583.7140001673,,82.2536585365854,9696110.0
2014,Czechia,CZE,2,4,3,9,Winter,Czechia,CZE,2014.0,7376706630.42704,1516.05627441,210911285077.683,20038.4163180257,,78.8243902439024,10525347.0
2014,Slovenia,SLO,2,2,4,8,Winter,Slovenia,SLO,2014.0,2312378706.19284,2062.0,49514466379.6057,24013.0682060959,,81.0780487804878,2061980.0
2014,Japan,JPN,1,4,3,8,Winter,Japan,JPN,2014.0,149749216216.096,4122.0,4896994405353.29,38475.3952461838,,83.5878048780488,127276000.0
2014,Finland,FIN,1,3,1,5,Winter,Finland,FIN,2014.0,18290512624.7152,4923.0,273478528954.901,50073.7760815871,,81.1804878048781,5461512.0
2014,Great Britain,GBR,1,1,3,5,Winter,United Kingdom,GBR,2014.0,165940507723.336,4697.76025391,3064708247921.43,47439.6165895125,,81.3048780487805,64602298.0
2014,Latvia,LAT,1,1,3,5,Winter,Latvia,LAT,2014.0,1360141892.67723,857.0,30277203767.4058,15185.814581236,,74.1243902439024,1993782.0
2014,Ukraine,UKR,1,0,1,2,Winter,Ukraine,UKR,2014.0,7669334578.5373,213.0,133503871861.723,3054.908203125,,71.1865853658537,45972380.0
2014,Slovakia,SVK,1,0,0,1,Winter,Slovak Republic,SVK,2014.0,3984235652.3943,1289.0,101713075598.862,18770.9289896545,,76.8121951219512,5418649.0
2014,Italy,ITA,0,2,6,8,Winter,Italy,ITA,2014.0,83557152992.8803,3154.0,2173255507985.84,35750.7197500382,,83.090243902439,60789140.0
2014,Australia,AUS,0,2,1,3,Winter,Australia,AUS,2014.0,69449484926.8878,6130.99853516,1468265356427.76,62544.0873773726,,82.3,23475686.0
2014,Croatia,CRO,0,1,0,1,Winter,Croatia,CRO,2014.0,2781627379.06416,909.0,59612144078.4133,14187.9694531493,,77.4780487804878,4201598.0
2014,Kazakhstan,KAZ,0,0,1,1,Winter,Kazakhstan,KAZ,2014.0,7168876505.45215,374.0,221415613595.469,12427.7094576939,,71.44,17816285.0
2018,Norway,NOR,14,14,11,39,Winter,Norway,NOR,2018.0,29135946831.6093,8272.0,439788625883.8,82792.8427113304,0.76853483915329,82.7585365853659,5311916.0
2018,Germany,GER,14,10,7,31,Winter,Germany,GER,2018.0,182896971900.984,5511.21435547,4052008447223.53,48874.8595028454,0.763772785663605,80.8926829268293,82905782.0
2018,Canada,CAN,11,8,10,29,Winter,Canada,CAN,2018.0,77027754104.1718,5080.32324219,1725329192783.02,46539.1761570405,0.800089955329895,81.8439024390244,37072620.0
2018,United States,USA,9,8,6,23,Winter,United States,USA,2018.0,914080707783.834,10280.52636719,20656516000000.0,63201.0458483771,0.713683247566223,78.6390243902439,326838199.0
2018,Netherlands,NED,8,6,6,20,Winter,Netherlands,NED,2018.0,43771287086.8955,5331.0,929733599796.862,53955.0770024266,0.803038597106934,81.8121951219512,17231624.0
2018,Sweden,SWE,7,6,1,14,Winter,Sweden,SWE,2018.0,40241823238.3687,6005.0,551312498430.164,54181.9069780904,0.802509963512421,82.5585365853659,10175214.0
2018,Republic of Korea,KOR,5,8,4,17,Winter,"Korea, Rep.",KOR,2018.0,65166495357.348,2501.13964844,1725373496825.43,33447.1562836166,0.834545075893402,82.6268292682927,51585058.0
2018,Switzerland,SUI,5,6,4,15,Winter,Switzerland,SUI,2018.0,30886662018.3137,9212.43261719,725568717468.001,85217.3691512274,0.766107618808746,83.7536585365854,8514329.0
2018,France,FRA,5,4,6,15,Winter,France,FRA,2018.0,139071469163.08,4666.97998047,2781576320884.39,41418.1766484844,0.755960285663605,82.6756097560976,67158348.0
2018,Austria,AUT,5,3,6,14,Winter,Austria,AUT,2018.0,22081658341.9491,5337.0,452582294972.775,51194.0749841299,0.768673121929169,81.6926829268293,8840521.0
2018,Japan,JPN,4,5,4,13,Winter,Japan,JPN,2018.0,138896999884.292,4288.0,5040880939324.86,39751.1330982711,0.840709209442139,84.2109756097561,126811000.0
2018,Italy,ITA,3,2,5,10,Winter,Italy,ITA,2018.0,86559839428.448,3003.0,2099435266458.67,34746.3441392416,0.752880394458771,83.3463414634146,60421760.0
2018,ROC,ROC,2,6,9,17,Winter,,,,,,,,,,
2018,Czechia,CZE,2,2,3,7,Winter,Czechia,CZE,2018.0,9284683310.95176,1753.19897461,251992360762.236,23705.9329811299,0.764516711235046,79.0292682926829,10629928.0
2018,Belarus,BLR,2,1,0,3,Winter,Belarus,BLR,2018.0,2732988939.19364,342.0,60031173807.7196,6360.05310087258,,74.1756097560976,9438785.0
2018,People's Republic of China,CHN,1,6,2,9,Winter,China,CHN,2018.0,247624815977.905,504.79974365,13894907857880.6,9905.40638304527,0.64709883928299,77.744,1402760000.0
2018,Slovakia,SVK,1,2,0,3,Winter,Slovak Republic,SVK,2018.0,3964281832.94915,1300.0,106611673364.837,19573.3717031314,0.680050134658813,77.2658536585366,5446771.0
2018,Finland,FIN,1,1,4,6,Winter,Finland,FIN,2018.0,15826818215.3172,4522.0,273869255596.078,49654.2497035329,0.814484000205994,81.7341463414634,5515525.0
2018,Great Britain,GBR,1,0,4,5,Winter,United Kingdom,GBR,2018.0,145299350654.271,4226.20507813,2871340347581.79,43203.8141057739,0.776982247829437,81.2560975609756,66460344.0
2018,Poland,POL,1,0,1,2,Winter,Poland,POL,2018.0,24844640859.4247,979.0,594616687350.017,15658.2120316794,0.760222196578979,77.6024390243903,37974750.0
2018,Hungary,HUN,1,0,0,1,Winter,Hungary,HUN,2018.0,6420006122.88558,1080.0,160565642983.587,16425.2050299693,0.705064594745636,76.0658536585366,9775564.0
2018,Ukraine,UKR,1,0,0,1,Winter,Ukraine,UKR,2018.0,6502967190.89905,221.0,130891088293.55,3059.0517578125,0.642378509044647,71.5826829268293,45208907.0
2018,Australia,AUS,0,2,1,3,Winter,Australia,AUS,2018.0,69322524330.2439,5857.28808594,1427809041019.44,57196.4220783778,0.780833959579468,82.7487804878049,24963258.0
2018,Slovenia,SLO,0,1,1,2,Winter,Slovenia,SLO,2018.0,2451471135.13292,2170.0,53689067639.9176,25888.0481065655,0.7886883020401,81.3780487804878,2073894.0
2018,Belgium,BEL,0,1,0,1,Winter,Belgium,BEL,2018.0,32780707843.6024,5176.98388672,542638913427.921,47487.2100392561,0.762759745121002,81.5951219512195,11427054.0
2018,New Zealand,NZL,0,0,2,2,Winter,New Zealand,NZL,2018.0,15057048832.1004,3957.86083984,211846555690.736,43228.6976473771,0.771214008331299,81.7073170731707,4900600.0
2018,Spain,ESP,0,0,2,2,Winter,Spain,ESP,2018.0,56418111387.3811,2741.38256836,1431642809327.06,30592.1264795541,0.736156404018402,83.4317073170732,46797754.0
2018,Kazakhstan,KAZ,0,0,1,1,Winter,Kazakhstan,KAZ,2018.0,4478032372.45502,273.0,179339977690.485,9472.48527327758,0.777060389518738,73.15,18932727.0
2018,Latvia,LAT,0,0,1,1,Winter,Latvia,LAT,2018.0,1235090745.025,1101.0,33247935477.3576,17252.1710428626,0.738353431224823,74.7829268292683,1927174.0
2018,Liechtenstein,LIE,0,0,1,1,Winter,Liechtenstein,LIE,2018.0,211828078.613184,,6692620691.84146,174988.775083446,,83.0414634146342,38246.0
2022,Norway,NOR,16,8,13,37,Winter,Norway,NOR,2022.0,,8693.0,593726965415.619,108798.451165901,,82.5609756097561,5457127.0
2022,Germany,GER,12,10,5,27,Winter,Germany,GER,2022.0,,6191.03515625,4163596357879.39,49686.1154582583,,80.7056097560976,83797985.0
2022,People's Republic of China,CHN,9,4,2,15,Winter,China,CHN,2022.0,,,17881782683707.3,12662.5826712038,,78.587,1412175000.0
2022,United States,USA,8,10,7,25,Winter,United States,USA,2022.0,,12473.79101563,26006893000000.0,78035.1753604212,,77.4341463414634,333271411.0
2022,Sweden,SWE,8,5,5,18,Winter,Sweden,SWE,2022.0,,5980.0,579895717343.956,55296.9371472535,,83.109756097561,10486941.0
2022,Netherlands,NED,8,5,4,17,Winter,Netherlands,NED,2022.0,,,1046540797548.64,59123.318556487,,81.7146341463415,17700982.0
2022,Austria,AUT,7,7,4,18,Winter,Austria,AUT,2022.0,,,471773629830.381,52176.6649141178,,81.0926829268293,9041851.0
2022,Switzerland,SUI,7,2,6,15,Winter,Switzerland,SUI,2022.0,,,818426550206.45,93245.7952120851,,83.4536585365854,8777088.0
2022,ROC,ROC,6,12,14,32,Winter,,,,,,,,,,
2022,France,FRA,5,7,2,14,Winter,France,FRA,2022.0,,,2796302210398.84,41082.8119320747,,82.2292682926829,68065015.0
2022,Canada,CAN,4,8,14,26,Winter,Canada,CAN,2022.0,,6207.18164063,2161483369422.01,55509.393176404,,81.2956097560976,38939056.0
2022,Japan,JPN,3,6,9,18,Winter,Japan,JPN,2022.0,,,4256410760723.75,34017.2718075024,,83.9963414634146,125124989.0
2022,Italy,ITA,2,7,8,17,Winter,Italy,ITA,2022.0,,3066.0,2102995942720.44,35635.7442204098,,82.9,59013667.0
2022,Republic of Korea,KOR,2,5,2,9,Winter,"Korea, Rep.",KOR,2022.0,,3123.94702148,1673916511799.71,32394.6833725203,,82.6804878048781,51672569.0
2022,Slovenia,SLO,2,3,2,7,Winter,Slovenia,SLO,2022.0,,2608.0,59927702746.2843,28373.8382265999,,81.2829268292683,2112076.0
2022,Finland,FIN,2,2,4,8,Winter,Finland,FIN,2022.0,,,280241515774.32,50438.4753952355,,81.1878048780488,5556106.0
2022,New Zealand,NZL,2,1,0,3,Winter,New Zealand,NZL,2022.0,,,246733522841.353,48216.5095836302,,82.7609756097561,5117200.0
2022,Australia,AUS,1,2,1,4,Winter,Australia,AUS,2022.0,,,1690858246994.43,64997.0136536475,,83.2,26014399.0
2022,Great Britain,GBR,1,1,0,2,Winter,United Kingdom,GBR,2022.0,,5138.63623047,3114042471144.39,45935.9276473925,,82.0585365853659,67791000.0
2022,Hungary,HUN,1,0,2,3,Winter,Hungary,HUN,2022.0,,,177006128624.627,18353.298364905,,76.0170731707317,9644377.0
2022,Belgium,BEL,1,0,1,2,Winter,Belgium,BEL,2022.0,,,593438820508.173,50807.2047084918,,81.6975609756098,11680210.0
2022,Czechia,CZE,1,0,1,2,Winter,Czechia,CZE,2022.0,,,301831228325.556,28282.2236715857,,79.0292682926829,10672118.0
2022,Slovakia,SVK,1,0,1,2,Winter,Slovak Republic,SVK,2022.0,,,115928615553.286,21342.7666714692,,77.0658536585366,5431752.0
2022,Belarus,BLR,0,2,0,2,Winter,Belarus,BLR,2022.0,,,73775179924.603,7994.64806074889,,73.1114634146342,9228071.0
2022,Spain,ESP,0,1,0,1,Winter,Spain,ESP,2022.0,,,1446498147749.03,30287.3657583614,,83.0829268292683,47759127.0
2022,Ukraine,UKR,0,1,0,1,Winter,Ukraine,UKR,2022.0,,,161989520721.19,4199.6708984375,,68.5879268292683,41048766.0
2022,Estonia,EST,0,0,1,1,Winter,Estonia,EST,2022.0,,1986.31225586,38376046174.971,28451.1477825175,,77.9439024390244,1348840.0
2022,Latvia,LAT,0,0,1,1,Winter,Latvia,LAT,2022.0,,,38018905782.397,20229.4613617326,,74.580487804878,1879383.0
2022,Poland,POL,0,0,1,1,Winter,Poland,POL,2022.0,,1225.0,695607470875.276,18891.2121169279,,77.3048780487805,36821749.0
1956,Sweden,SWE,3,0,0,3,Equestrian,,,,,,,,,,
1956,Germany,GER,2,3,1,6,Equestrian,,,,,,,,,,
1956,Great Britain,GBR,1,0,2,3,Equestrian,,,,,,,,,,
1956,Italy,ITA,0,2,1,3,Equestrian,,,,,,,,,,
1956,Denmark,DEN,0,1,0,1,Equestrian,,,,,,,,,,
1956,Canada,CAN,0,0,1,1,Equestrian,,,,,,,,,,
1956,Switzerland,SUI,0,0,1,1,Equestrian,,,,,,,,,,
1906,France,FRA,15,9,16,40,Intercalated,,,,,,,,,,
1906,United States,USA,12,6,6,24,Intercalated,,,,,,,,,,
1906,Greece,GRE,8,14,13,35,Intercalated,,,,,,,,,,
1906,Great Britain,GBR,8,11,5,24,Intercalated,,,,,,,,,,
1906,Italy,ITA,7,6,3,16,Intercalated,,,,,,,,,,
1906,Germany,GER,4,6,5,15,Intercalated,,,,,,,,,,
1906,Switzerland,SUI,4,3,1,8,Intercalated,,,,,,,,,,
1906,Austria,AUT,3,3,3,9,Intercalated,,,,,,,,,,
1906,Denmark,DEN,3,2,1,6,Intercalated,,,,,,,,,,
1906,Sweden,SWE,2,5,7,14,Intercalated,,,,,,,,,,
1906,Hungary,HUN,2,5,3,10,Intercalated,,,,,,,,,,
1906,Belgium,BEL,2,2,3,7,Intercalated,,,,,,,,,,
1906,Finland,FIN,2,1,1,4,Intercalated,,,,,,,,,,
1906,Canada,CAN,1,1,0,2,Intercalated,,,,,,,,,,
1906,Norway,NOR,1,1,0,2,Intercalated,,,,,,,,,,
1906,Netherlands,NED,0,1,2,3,Intercalated,,,,,,,,,,
1906,Australia,AUS,0,0,3,3,Intercalated,,,,,,,,,,
1906,Bohemia,BOH,0,0,2,2,Intercalated,,,,,,,,,,
