edition_id,year,country,country_noc,gold,silver,bronze,total,season,Country Code,Year,Adjusted savings: education expenditure (current US$),Current health expenditure per capita (current US$),GDP (current US$),GDP per capita (current US$),Human capital index (HCI) (scale 0-1),"Life expectancy at birth, total (years)","Population, total"
1,1896,United States,USA,11,7,2,20,Summer,,,,,,,,,
1,1896,Greece,GRE,10,18,19,47,Summer,,,,,,,,,
1,1896,Germany,GER,6,5,2,13,Summer,,,,,,,,,
1,1896,France,FRA,5,4,2,11,Summer,,,,,,,,,
1,1896,Great Britain,GBR,2,3,2,7,Summer,,,,,,,,,
1,1896,Hungary,HUN,2,1,3,6,Summer,,,,,,,,,
1,1896,Austria,AUT,2,1,2,5,Summer,,,,,,,,,
1,1896,Australia,AUS,2,0,0,2,Summer,,,,,,,,,
1,1896,Denmark,DEN,1,2,3,6,Summer,,,,,,,,,
1,1896,Switzerland,SUI,1,2,0,3,Summer,,,,,,,,,
1,1896,Mixed team,MIX,1,0,1,2,Summer,,,,,,,,,
2,1900,France,FRA,31,41,40,112,Summer,,,,,,,,,
2,1900,United States,USA,20,13,15,48,Summer,,,,,,,,,
2,1900,Great Britain,GBR,20,8,9,37,Summer,,,,,,,,,
2,1900,Belgium,BEL,6,6,6,18,Summer,,,,,,,,,
2,1900,Switzerland,SUI,6,3,1,10,Summer,,,,,,,,,
2,1900,Germany,GER,4,3,2,9,Summer,,,,,,,,,
2,1900,Italy,ITA,3,2,0,5,Summer,,,,,,,,,
2,1900,Denmark,DEN,1,3,2,6,Summer,,,,,,,,,
2,1900,Mixed team,MIX,1,2,3,6,Summer,,,,,,,,,
2,1900,Netherlands,NED,1,2,3,6,Summer,,,,,,,,,
2,1900,Hungary,HUN,1,2,2,5,Summer,,,,,,,,,
2,1900,Cuba,CUB,1,1,0,2,Summer,,,,,,,,,
2,1900,Spain,ESP,1,0,0,1,Summer,,,,,,,,,
2,1900,Austria,AUT,0,3,3,6,Summer,,,,,,,,,
2,1900,Norway,NOR,0,2,3,5,Summer,,,,,,,,,
2,1900,India,IND,0,2,0,2,Summer,,,,,,,,,
2,1900,Bohemia,BOH,0,1,1,2,Summer,,,,,,,,,
2,1900,Australia,AUS,0,0,3,3,Summer,,,,,,,,,
2,1900,Sweden,SWE,0,0,1,1,Summer,,,,,,,,,
3,1904,United States,USA,80,85,83,248,Summer,,,,,,,,,
3,1904,Germany,GER,5,4,5,14,Summer,,,,,,,,,
3,1904,Canada,CAN,4,1,1,6,Summer,,,,,,,,,
3,1904,Cuba,CUB,3,0,0,3,Summer,,,,,,,,,
3,1904,Hungary,HUN,2,1,1,4,Summer,,,,,,,,,
3,1904,Great Britain,GBR,1,1,0,2,Summer,,,,,,,,,
3,1904,Greece,GRE,1,0,1,2,Summer,,,,,,,,,
3,1904,Mixed team,MIX,1,0,0,1,Summer,,,,,,,,,
5,1908,Great Britain,GBR,56,51,39,146,Summer,,,,,,,,,
5,1908,United States,USA,23,12,12,47,Summer,,,,,,,,,
5,1908,Sweden,SWE,8,6,11,25,Summer,,,,,,,,,
5,1908,France,FRA,5,5,9,19,Summer,,,,,,,,,
5,1908,Germany,GER,3,5,5,13,Summer,,,,,,,,,
5,1908,Hungary,HUN,3,4,2,9,Summer,,,,,,,,,
5,1908,Canada,CAN,3,3,10,16,Summer,,,,,,,,,
5,1908,Norway,NOR,2,3,3,8,Summer,,,,,,,,,
5,1908,Italy,ITA,2,2,0,4,Summer,,,,,,,,,
5,1908,Belgium,BEL,1,5,2,8,Summer,,,,,,,,,
5,1908,Australasia,ANZ,1,2,2,5,Summer,,,,,,,,,
5,1908,Russian Federation,RUS,1,2,0,3,Summer,,,,,,,,,
5,1908,Finland,FIN,1,1,3,5,Summer,,,,,,,,,
5,1908,South Africa,RSA,1,1,0,2,Summer,,,,,,,,,
5,1908,Greece,GRE,0,3,1,4,Summer,,,,,,,,,
5,1908,Denmark,DEN,0,2,3,5,Summer,,,,,,,,,
5,1908,Bohemia,BOH,0,0,2,2,Summer,,,,,,,,,
5,1908,Netherlands,NED,0,0,2,2,Summer,,,,,,,,,
5,1908,Austria,AUT,0,0,1,1,Summer,,,,,,,,,
6,1912,United States,USA,26,19,19,64,Summer,,,,,,,,,
6,1912,Sweden,SWE,23,25,17,65,Summer,,,,,,,,,
6,1912,Great Britain,GBR,10,15,16,41,Summer,,,,,,,,,
6,1912,Finland,FIN,9,8,9,26,Summer,,,,,,,,,
6,1912,France,FRA,7,5,3,15,Summer,,,,,,,,,
6,1912,Germany,GER,6,13,7,26,Summer,,,,,,,,,
6,1912,Italy,ITA,5,1,2,8,Summer,,,,,,,,,
6,1912,South Africa,RSA,4,2,0,6,Summer,,,,,,,,,
6,1912,Norway,NOR,3,2,5,10,Summer,,,,,,,,,
6,1912,Canada,CAN,3,2,3,8,Summer,,,,,,,,,
6,1912,Hungary,HUN,3,2,3,8,Summer,,,,,,,,,
6,1912,Australasia,ANZ,2,2,3,7,Summer,,,,,,,,,
6,1912,Belgium,BEL,2,1,3,6,Summer,,,,,,,,,
6,1912,Denmark,DEN,1,6,5,12,Summer,,,,,,,,,
6,1912,Greece,GRE,1,0,1,2,Summer,,,,,,,,,
6,1912,Switzerland,SUI,1,0,0,1,Summer,,,,,,,,,
6,1912,Russian Federation,RUS,0,2,3,5,Summer,,,,,,,,,
6,1912,Austria,AUT,0,2,2,4,Summer,,,,,,,,,
6,1912,Netherlands,NED,0,0,3,3,Summer,,,,,,,,,
7,1920,United States,USA,41,27,27,95,Summer,,,,,,,,,
7,1920,Sweden,SWE,19,20,25,64,Summer,,,,,,,,,
7,1920,Belgium,BEL,16,12,14,42,Summer,,,,,,,,,
7,1920,Finland,FIN,15,10,9,34,Summer,,,,,,,,,
7,1920,Great Britain,GBR,14,16,13,43,Summer,,,,,,,,,
7,1920,Italy,ITA,14,6,5,25,Summer,,,,,,,,,
7,1920,Norway,NOR,13,10,9,32,Summer,,,,,,,,,
7,1920,France,FRA,9,20,13,42,Summer,,,,,,,,,
7,1920,Netherlands,NED,4,2,5,11,Summer,,,,,,,,,
7,1920,Denmark,DEN,3,9,1,13,Summer,,,,,,,,,
7,1920,South Africa,RSA,3,4,3,10,Summer,,,,,,,,,
7,1920,Canada,CAN,3,3,3,9,Summer,,,,,,,,,
7,1920,Switzerland,SUI,2,2,7,11,Summer,,,,,,,,,
7,1920,Estonia,EST,1,2,0,3,Summer,,,,,,,,,
7,1920,Brazil,BRA,1,1,1,3,Summer,,,,,,,,,
7,1920,Australia,AUS,0,2,1,3,Summer,,,,,,,,,
7,1920,Japan,JPN,0,2,0,2,Summer,,,,,,,,,
7,1920,Spain,ESP,0,2,0,2,Summer,,,,,,,,,
7,1920,Greece,GRE,0,1,0,1,Summer,,,,,,,,,
7,1920,Luxembourg,LUX,0,1,0,1,Summer,,,,,,,,,
7,1920,Czechoslovakia,TCH,0,0,2,2,Summer,,,,,,,,,
7,1920,New Zealand,NZL,0,0,1,1,Summer,,,,,,,,,
8,1924,United States,USA,45,27,27,99,Summer,,,,,,,,,
8,1924,France,FRA,14,15,12,41,Summer,,,,,,,,,
8,1924,Finland,FIN,14,13,10,37,Summer,,,,,,,,,
8,1924,Great Britain,GBR,9,14,12,35,Summer,,,,,,,,,
8,1924,Italy,ITA,8,3,5,16,Summer,,,,,,,,,
8,1924,Switzerland,SUI,7,8,10,25,Summer,,,,,,,,,
8,1924,Norway,NOR,5,2,3,10,Summer,,,,,,,,,
8,1924,Sweden,SWE,4,13,12,29,Summer,,,,,,,,,
8,1924,Netherlands,NED,4,1,6,11,Summer,,,,,,,,,
8,1924,Belgium,BEL,3,7,3,13,Summer,,,,,,,,,
8,1924,Australia,AUS,3,1,2,6,Summer,,,,,,,,,
8,1924,Denmark,DEN,2,6,3,11,Summer,,,,,,,,,
8,1924,Hungary,HUN,2,4,4,10,Summer,,,,,,,,,
8,1924,Yugoslavia,YUG,2,0,0,2,Summer,,,,,,,,,
8,1924,Czechoslovakia,TCH,1,4,5,10,Summer,,,,,,,,,
8,1924,Argentina,ARG,1,3,2,6,Summer,,,,,,,,,
8,1924,Estonia,EST,1,1,4,6,Summer,,,,,,,,,
8,1924,South Africa,RSA,1,1,1,3,Summer,,,,,,,,,
8,1924,Luxembourg,LUX,1,1,0,2,Summer,,,,,,,,,
8,1924,Greece,GRE,1,0,0,1,Summer,,,,,,,,,
8,1924,Uruguay,URU,1,0,0,1,Summer,,,,,,,,,
8,1924,Austria,AUT,0,3,1,4,Summer,,,,,,,,,
8,1924,Canada,CAN,0,3,1,4,Summer,,,,,,,,,
8,1924,Ireland,IRL,0,1,1,2,Summer,,,,,,,,,
8,1924,Poland,POL,0,1,1,2,Summer,,,,,,,,,
8,1924,Haiti,HAI,0,0,1,1,Summer,,,,,,,,,
8,1924,Japan,JPN,0,0,1,1,Summer,,,,,,,,,
8,1924,Monaco,MON,0,0,1,1,Summer,,,,,,,,,
8,1924,New Zealand,NZL,0,0,1,1,Summer,,,,,,,,,
8,1924,Portugal,POR,0,0,1,1,Summer,,,,,,,,,
8,1924,Romania,ROU,0,0,1,1,Summer,,,,,,,,,
9,1928,United States,USA,22,18,16,56,Summer,,,,,,,,,
9,1928,Germany,GER,11,9,19,39,Summer,,,,,,,,,
9,1928,Netherlands,NED,8,10,5,23,Summer,,,,,,,,,
9,1928,Finland,FIN,8,8,9,25,Summer,,,,,,,,,
9,1928,France,FRA,7,12,6,25,Summer,,,,,,,,,
9,1928,Sweden,SWE,7,6,12,25,Summer,,,,,,,,,
9,1928,Italy,ITA,7,6,7,20,Summer,,,,,,,,,
9,1928,Switzerland,SUI,7,6,4,17,Summer,,,,,,,,,
9,1928,Hungary,HUN,5,5,0,10,Summer,,,,,,,,,
9,1928,Great Britain,GBR,4,11,7,22,Summer,,,,,,,,,
9,1928,Canada,CAN,4,4,7,15,Summer,,,,,,,,,
9,1928,Argentina,ARG,3,3,1,7,Summer,,,,,,,,,
9,1928,Denmark,DEN,3,2,4,9,Summer,,,,,,,,,
9,1928,Austria,AUT,3,0,1,4,Summer,,,,,,,,,
9,1928,Czechoslovakia,TCH,2,5,2,9,Summer,,,,,,,,,
9,1928,Japan,JPN,2,2,1,5,Summer,,,,,,,,,
9,1928,Poland,POL,2,1,4,7,Summer,,,,,,,,,
9,1928,Estonia,EST,2,1,2,5,Summer,,,,,,,,,
9,1928,Egypt,EGY,2,1,1,4,Summer,,,,,,,,,
9,1928,Australia,AUS,1,2,1,4,Summer,,,,,,,,,
9,1928,Norway,NOR,1,2,1,4,Summer,,,,,,,,,
9,1928,Yugoslavia,YUG,1,1,3,5,Summer,,,,,,,,,
9,1928,South Africa,RSA,1,0,2,3,Summer,,,,,,,,,
9,1928,India,IND,1,0,0,1,Summer,,,,,,,,,
9,1928,Ireland,IRL,1,0,0,1,Summer,,,,,,,,,
9,1928,Luxembourg,LUX,1,0,0,1,Summer,,,,,,,,,
9,1928,New Zealand,NZL,1,0,0,1,Summer,,,,,,,,,
9,1928,Spain,ESP,1,0,0,1,Summer,,,,,,,,,
9,1928,Uruguay,URU,1,0,0,1,Summer,,,,,,,,,
9,1928,Belgium,BEL,0,1,2,3,Summer,,,,,,,,,
9,1928,Chile,CHI,0,1,0,1,Summer,,,,,,,,,
9,1928,Haiti,HAI,0,1,0,1,Summer,,,,,,,,,
9,1928,Philippines,PHI,0,0,1,1,Summer,,,,,,,,,
9,1928,Portugal,POR,0,0,1,1,Summer,,,,,,,,,
10,1932,United States,USA,44,36,30,110,Summer,,,,,,,,,
10,1932,Italy,ITA,12,12,12,36,Summer,,,,,,,,,
10,1932,France,FRA,11,5,4,20,Summer,,,,,,,,,
10,1932,Sweden,SWE,10,5,9,24,Summer,,,,,,,,,
10,1932,Japan,JPN,7,7,4,18,Summer,,,,,,,,,
10,1932,Hungary,HUN,6,5,5,16,Summer,,,,,,,,,
10,1932,Germany,GER,5,12,7,24,Summer,,,,,,,,,
10,1932,Finland,FIN,5,8,12,25,Summer,,,,,,,,,
10,1932,Great Britain,GBR,5,7,5,17,Summer,,,,,,,,,
10,1932,Poland,POL,3,2,4,9,Summer,,,,,,,,,
10,1932,Australia,AUS,3,1,1,5,Summer,,,,,,,,,
10,1932,Argentina,ARG,3,1,0,4,Summer,,,,,,,,,
10,1932,Canada,CAN,2,5,9,16,Summer,,,,,,,,,
10,1932,Netherlands,NED,2,5,1,8,Summer,,,,,,,,,
10,1932,South Africa,RSA,2,0,3,5,Summer,,,,,,,,,
10,1932,Ireland,IRL,2,0,0,2,Summer,,,,,,,,,
10,1932,Czechoslovakia,TCH,1,3,2,6,Summer,,,,,,,,,
10,1932,Austria,AUT,1,1,3,5,Summer,,,,,,,,,
10,1932,India,IND,1,0,0,1,Summer,,,,,,,,,
10,1932,Denmark,DEN,0,5,3,8,Summer,,,,,,,,,
10,1932,Mexico,MEX,0,2,0,2,Summer,,,,,,,,,
10,1932,Latvia,LAT,0,1,0,1,Summer,,,,,,,,,
10,1932,New Zealand,NZL,0,1,0,1,Summer,,,,,,,,,
10,1932,Switzerland,SUI,0,1,0,1,Summer,,,,,,,,,
10,1932,Philippines,PHI,0,0,3,3,Summer,,,,,,,,,
10,1932,Belgium,BEL,0,0,1,1,Summer,,,,,,,,,
10,1932,Spain,ESP,0,0,1,1,Summer,,,,,,,,,
10,1932,Uruguay,URU,0,0,1,1,Summer,,,,,,,,,
11,1936,Germany,GER,38,31,32,101,Summer,,,,,,,,,
11,1936,United States,USA,24,21,12,57,Summer,,,,,,,,,
11,1936,Hungary,HUN,10,1,5,16,Summer,,,,,,,,,
11,1936,Italy,ITA,9,13,5,27,Summer,,,,,,,,,
11,1936,Finland,FIN,8,6,6,20,Summer,,,,,,,,,
11,1936,France,FRA,7,6,6,19,Summer,,,,,,,,,
11,1936,Sweden,SWE,6,5,10,21,Summer,,,,,,,,,
11,1936,Japan,JPN,6,4,10,20,Summer,,,,,,,,,
11,1936,Netherlands,NED,6,4,7,17,Summer,,,,,,,,,
11,1936,Austria,AUT,5,7,5,17,Summer,,,,,,,,,
11,1936,Switzerland,SUI,4,9,5,18,Summer,,,,,,,,,
11,1936,Great Britain,GBR,4,7,3,14,Summer,,,,,,,,,
11,1936,Czechoslovakia,TCH,3,5,1,9,Summer,,,,,,,,,
11,1936,Argentina,ARG,2,2,3,7,Summer,,,,,,,,,
11,1936,Estonia,EST,2,2,3,7,Summer,,,,,,,,,
11,1936,Egypt,EGY,2,1,2,5,Summer,,,,,,,,,
11,1936,Canada,CAN,1,3,5,9,Summer,,,,,,,,,
11,1936,Norway,NOR,1,3,2,6,Summer,,,,,,,,,
11,1936,Türkiye,TUR,1,0,1,2,Summer,,,,,,,,,
11,1936,India,IND,1,0,0,1,Summer,,,,,,,,,
11,1936,New Zealand,NZL,1,0,0,1,Summer,,,,,,,,,
11,1936,Poland,POL,0,4,5,9,Summer,,,,,,,,,
11,1936,Denmark,DEN,0,2,3,5,Summer,,,,,,,,,
11,1936,Latvia,LAT,0,1,1,2,Summer,,,,,,,,,
11,1936,Romania,ROU,0,1,0,1,Summer,,,,,,,,,
11,1936,South Africa,RSA,0,1,0,1,Summer,,,,,,,,,
11,1936,Yugoslavia,YUG,0,1,0,1,Summer,,,,,,,,,
11,1936,Belgium,BEL,0,0,3,3,Summer,,,,,,,,,
11,1936,Mexico,MEX,0,0,3,3,Summer,,,,,,,,,
11,1936,Australia,AUS,0,0,1,1,Summer,,,,,,,,,
11,1936,Philippines,PHI,0,0,1,1,Summer,,,,,,,,,
11,1936,Portugal,POR,0,0,1,1,Summer,,,,,,,,,
12,1948,United States,USA,38,27,19,84,Summer,,,,,,,,,
12,1948,Sweden,SWE,17,11,18,46,Summer,,,,,,,,,
12,1948,France,FRA,11,6,15,32,Summer,,,,,,,,,
12,1948,Finland,FIN,10,8,6,24,Summer,,,,,,,,,
12,1948,Hungary,HUN,10,5,13,28,Summer,,,,,,,,,
12,1948,Italy,ITA,9,12,10,31,Summer,,,,,,,,,
12,1948,Türkiye,TUR,6,4,2,12,Summer,,,,,,,,,
12,1948,Czechoslovakia,TCH,6,2,3,11,Summer,,,,,,,,,
12,1948,Switzerland,SUI,5,12,6,23,Summer,,,,,,,,,
12,1948,Denmark,DEN,5,8,9,22,Summer,,,,,,,,,
12,1948,Netherlands,NED,5,2,9,16,Summer,,,,,,,,,
12,1948,Great Britain,GBR,4,16,7,27,Summer,,,,,,,,,
12,1948,Argentina,ARG,3,3,1,7,Summer,,,,,,,,,
12,1948,Australia,AUS,2,6,5,13,Summer,,,,,,,,,
12,1948,Austria,AUT,2,2,4,8,Summer,,,,,,,,,
12,1948,Belgium,BEL,2,2,3,7,Summer,,,,,,,,,
12,1948,South Africa,RSA,2,2,2,6,Summer,,,,,,,,,
12,1948,Egypt,EGY,2,2,1,5,Summer,,,,,,,,,
12,1948,Mexico,MEX,2,1,2,5,Summer,,,,,,,,,
12,1948,Norway,NOR,1,3,3,7,Summer,,,,,,,,,
12,1948,Jamaica,JAM,1,2,0,3,Summer,,,,,,,,,
12,1948,Poland,POL,1,0,1,2,Summer,,,,,,,,,
12,1948,India,IND,1,0,0,1,Summer,,,,,,,,,
12,1948,Peru,PER,1,0,0,1,Summer,,,,,,,,,
12,1948,Canada,CAN,0,2,2,4,Summer,,,,,,,,,
12,1948,Yugoslavia,YUG,0,2,0,2,Summer,,,,,,,,,
12,1948,Portugal,POR,0,1,1,2,Summer,,,,,,,,,
12,1948,Uruguay,URU,0,1,1,2,Summer,,,,,,,,,
12,1948,Cuba,CUB,0,1,0,1,Summer,,,,,,,,,
12,1948,Spain,ESP,0,1,0,1,Summer,,,,,,,,,
12,1948,Sri Lanka,SRI,0,1,0,1,Summer,,,,,,,,,
12,1948,Trinidad and Tobago,TTO,0,1,0,1,Summer,,,,,,,,,
12,1948,Panama,PAN,0,0,2,2,Summer,,,,,,,,,
12,1948,Republic of Korea,KOR,0,0,2,2,Summer,,,,,,,,,
12,1948,Brazil,BRA,0,0,1,1,Summer,,,,,,,,,
12,1948,Ireland,IRL,0,0,1,1,Summer,,,,,,,,,
12,1948,Islamic Republic of Iran,IRI,0,0,1,1,Summer,,,,,,,,,
12,1948,Puerto Rico,PUR,0,0,1,1,Summer,,,,,,,,,
13,1952,United States,USA,40,19,17,76,Summer,,,,,,,,,
13,1952,Soviet Union,URS,22,30,19,71,Summer,,,,,,,,,
13,1952,Hungary,HUN,16,10,16,42,Summer,,,,,,,,,
13,1952,Sweden,SWE,12,13,10,35,Summer,,,,,,,,,
13,1952,Italy,ITA,8,9,4,21,Summer,,,,,,,,,
13,1952,Czechoslovakia,TCH,7,3,3,13,Summer,,,,,,,,,
13,1952,France,FRA,6,6,6,18,Summer,,,,,,,,,
13,1952,Finland,FIN,6,3,13,22,Summer,,,,,,,,,
13,1952,Australia,AUS,6,2,3,11,Summer,,,,,,,,,
13,1952,Norway,NOR,3,2,0,5,Summer,,,,,,,,,
13,1952,Switzerland,SUI,2,6,6,14,Summer,,,,,,,,,
13,1952,South Africa,RSA,2,4,4,10,Summer,,,,,,,,,
13,1952,Jamaica,JAM,2,3,0,5,Summer,,,,,,,,,
13,1952,Belgium,BEL,2,2,0,4,Summer,,,,,,,,,
13,1952,Denmark,DEN,2,1,3,6,Summer,,,,,,,,,
13,1952,Türkiye,TUR,2,0,1,3,Summer,,,,,,,,,
13,1952,Japan,JPN,1,6,2,9,Summer,,,,,,,,,
13,1952,Great Britain,GBR,1,2,8,11,Summer,,,,,,,,,
13,1952,Argentina,ARG,1,2,2,5,Summer,,,,,,,,,
13,1952,Poland,POL,1,2,1,4,Summer,,,,,,,,,
13,1952,Canada,CAN,1,2,0,3,Summer,,,,,,,,,
13,1952,Yugoslavia,YUG,1,2,0,3,Summer,,,,,,,,,
13,1952,Romania,ROU,1,1,2,4,Summer,,,,,,,,,
13,1952,Brazil,BRA,1,0,2,3,Summer,,,,,,,,,
13,1952,New Zealand,NZL,1,0,2,3,Summer,,,,,,,,,
13,1952,India,IND,1,0,1,2,Summer,,,,,,,,,
13,1952,Luxembourg,LUX,1,0,0,1,Summer,,,,,,,,,
13,1952,Germany,GER,0,7,17,24,Summer,,,,,,,,,
13,1952,Netherlands,NED,0,5,0,5,Summer,,,,,,,,,
13,1952,Islamic Republic of Iran,IRI,0,3,4,7,Summer,,,,,,,,,
13,1952,Chile,CHI,0,2,0,2,Summer,,,,,,,,,
13,1952,Austria,AUT,0,1,1,2,Summer,,,,,,,,,
13,1952,Lebanon,LBN,0,1,1,2,Summer,,,,,,,,,
13,1952,Ireland,IRL,0,1,0,1,Summer,,,,,,,,,
13,1952,Mexico,MEX,0,1,0,1,Summer,,,,,,,,,
13,1952,Spain,ESP,0,1,0,1,Summer,,,,,,,,,
13,1952,Republic of Korea,KOR,0,0,2,2,Summer,,,,,,,,,
13,1952,Trinidad and Tobago,TTO,0,0,2,2,Summer,,,,,,,,,
13,1952,Uruguay,URU,0,0,2,2,Summer,,,,,,,,,
13,1952,Bulgaria,BUL,0,0,1,1,Summer,,,,,,,,,
13,1952,Egypt,EGY,0,0,1,1,Summer,,,,,,,,,
13,1952,Portugal,POR,0,0,1,1,Summer,,,,,,,,,
13,1952,Venezuela,VEN,0,0,1,1,Summer,,,,,,,,,
14,1956,Soviet Union,URS,37,29,32,98,Summer,,,,,,,,,
14,1956,United States,USA,32,25,17,74,Summer,,,,,,,,,
14,1956,Australia,AUS,13,8,14,35,Summer,,,,,,,,,
14,1956,Hungary,HUN,9,10,7,26,Summer,,,,,,,,,
14,1956,Italy,ITA,8,6,8,22,Summer,,,,,,,,,
14,1956,Great Britain,GBR,5,7,9,21,Summer,,,,,,,,,
14,1956,Sweden,SWE,5,5,6,16,Summer,,,,,,,,,
14,1956,Romania,ROU,5,3,5,13,Summer,,,,,,,,,
14,1956,Germany,GER,4,10,6,20,Summer,,,,,,,,,
14,1956,Japan,JPN,4,10,5,19,Summer,,,,,,,,,
14,1956,France,FRA,4,4,6,14,Summer,,,,,,,,,
14,1956,Türkiye,TUR,3,2,2,7,Summer,,,,,,,,,
14,1956,Finland,FIN,3,1,11,15,Summer,,,,,,,,,
14,1956,Islamic Republic of Iran,IRI,2,2,1,5,Summer,,,,,,,,,
14,1956,Canada,CAN,2,1,2,5,Summer,,,,,,,,,
14,1956,New Zealand,NZL,2,0,0,2,Summer,,,,,,,,,
14,1956,Poland,POL,1,4,4,9,Summer,,,,,,,,,
14,1956,Czechoslovakia,TCH,1,4,1,6,Summer,,,,,,,,,
14,1956,Bulgaria,BUL,1,3,1,5,Summer,,,,,,,,,
14,1956,Ireland,IRL,1,1,3,5,Summer,,,,,,,,,
14,1956,Denmark,DEN,1,1,1,3,Summer,,,,,,,,,
14,1956,Norway,NOR,1,0,2,3,Summer,,,,,,,,,
14,1956,Mexico,MEX,1,0,1,2,Summer,,,,,,,,,
14,1956,Brazil,BRA,1,0,0,1,Summer,,,,,,,,,
14,1956,India,IND,1,0,0,1,Summer,,,,,,,,,
14,1956,Yugoslavia,YUG,0,3,0,3,Summer,,,,,,,,,
14,1956,Chile,CHI,0,2,2,4,Summer,,,,,,,,,
14,1956,Belgium,BEL,0,2,0,2,Summer,,,,,,,,,
14,1956,Argentina,ARG,0,1,1,2,Summer,,,,,,,,,
14,1956,Republic of Korea,KOR,0,1,1,2,Summer,,,,,,,,,
14,1956,Iceland,ISL,0,1,0,1,Summer,,,,,,,,,
14,1956,Pakistan,PAK,0,1,0,1,Summer,,,,,,,,,
14,1956,South Africa,RSA,0,0,4,4,Summer,,,,,,,,,
14,1956,Austria,AUT,0,0,2,2,Summer,,,,,,,,,
14,1956,Greece,GRE,0,0,1,1,Summer,,,,,,,,,
14,1956,The Bahamas,BAH,0,0,1,1,Summer,,,,,,,,,
14,1956,Uruguay,URU,0,0,1,1,Summer,,,,,,,,,
15,1960,Soviet Union,URS,43,29,31,103,Summer,URS,1960.0,,,,,,67.4652195121951,119897000.0
15,1960,United States,USA,34,21,16,71,Summer,,,,,,,,,
15,1960,Italy,ITA,13,10,13,36,Summer,,,,,,,,,
15,1960,Germany,GER,12,19,11,42,Summer,GER,1960.0,,,84619845881.2608,1162.12266831735,,69.0640731707317,72814900.0
15,1960,Australia,AUS,8,8,6,22,Summer,,,,,,,,,
15,1960,Türkiye,TUR,7,2,0,9,Summer,,,,,,,,,
15,1960,Hungary,HUN,6,8,7,21,Summer,,,,,,,,,
15,1960,Japan,JPN,4,7,7,18,Summer,,,,,,,,,
15,1960,Poland,POL,4,6,11,21,Summer,,,,,,,,,
15,1960,Czechoslovakia,TCH,3,2,3,8,Summer,,,,,,,,,
15,1960,Romania,ROU,3,1,6,10,Summer,,,,,,,,,
15,1960,Great Britain,GBR,2,6,12,20,Summer,,,,,,,,,
15,1960,Denmark,DEN,2,3,1,6,Summer,DEN,1960.0,,,6361166544.50349,1389.0213943225,,72.1765853658537,4579603.0
15,1960,New Zealand,NZL,2,0,1,3,Summer,,,,,,,,,
15,1960,Bulgaria,BUL,1,3,3,7,Summer,BUL,1960.0,,,,,,69.2475609756098,7867374.0
15,1960,Sweden,SWE,1,2,3,6,Summer,,,,,,,,,
15,1960,Finland,FIN,1,1,3,5,Summer,,,,,,,,,
15,1960,Austria,AUT,1,1,0,2,Summer,,,,,,,,,
15,1960,Yugoslavia,YUG,1,1,0,2,Summer,,,,,,,,,
15,1960,Pakistan,PAK,1,0,1,2,Summer,,,,,,,,,
15,1960,Ethiopia,ETH,1,0,0,1,Summer,,,,,,,,,
15,1960,Greece,GRE,1,0,0,1,Summer,GRE,1960.0,,,4274890306.82895,513.085862390915,,69.3,8331725.0
15,1960,Norway,NOR,1,0,0,1,Summer,,,,,,,,,
15,1960,Switzerland,SUI,0,3,3,6,Summer,,,,,,,,,
15,1960,France,FRA,0,2,3,5,Summer,,,,,,,,,
15,1960,Belgium,BEL,0,2,2,4,Summer,,,,,,,,,
15,1960,Islamic Republic of Iran,IRI,0,1,3,4,Summer,IRI,1960.0,,,4199134389.90099,195.577527212584,,43.957,21470434.0
15,1960,Netherlands,NED,0,1,2,3,Summer,NED,1960.0,,,13282979014.563,1156.38597727767,,73.3926829268293,11486631.0
15,1960,South Africa,RSA,0,1,2,3,Summer,RSA,1960.0,,,8748596500.5614,532.147504330332,,52.669,16440172.0
15,1960,Argentina,ARG,0,1,1,2,Summer,,,,,,,,,
15,1960,United Arab Republic,UAR,0,1,1,2,Summer,,,,,,,,,
15,1960,Canada,CAN,0,1,0,1,Summer,,,,,,,,,
15,1960,Chinese Taipei,TPE,0,1,0,1,Summer,,,,,,,,,
15,1960,Ghana,GHA,0,1,0,1,Summer,,,,,,,,,
15,1960,India,IND,0,1,0,1,Summer,,,,,,,,,
15,1960,Morocco,MAR,0,1,0,1,Summer,,,,,,,,,
15,1960,Portugal,POR,0,1,0,1,Summer,POR,1960.0,,,3339150157.85605,376.976430250874,,64.0074634146342,8857716.0
15,1960,Singapore,SGP,0,1,0,1,Summer,,,,,,,,,
15,1960,Brazil,BRA,0,0,2,2,Summer,,,,,,,,,
15,1960,West Indies Federation,WIF,0,0,2,2,Summer,,,,,,,,,
15,1960,Iraq,IRQ,0,0,1,1,Summer,,,,,,,,,
15,1960,Mexico,MEX,0,0,1,1,Summer,,,,,,,,,
15,1960,Spain,ESP,0,0,1,1,Summer,,,,,,,,,
15,1960,Venezuela,VEN,0,0,1,1,Summer,,,,,,,,,
16,1964,United States,USA,36,26,28,90,Summer,,,,,,,,,
16,1964,Soviet Union,URS,30,31,35,96,Summer,URS,1964.0,,,,,,68.3671707317073,125345000.0
16,1964,Japan,JPN,16,5,8,29,Summer,,,,,,,,,
16,1964,Germany,GER,10,22,18,50,Summer,GER,1964.0,,,123330404665.086,1637.45522773672,,70.4355609756098,75318337.0
16,1964,Italy,ITA,10,10,7,27,Summer,,,,,,,,,
16,1964,Hungary,HUN,10,7,5,22,Summer,,,,,,,,,
16,1964,Poland,POL,7,6,10,23,Summer,,,,,,,,,
16,1964,Australia,AUS,6,2,10,18,Summer,,,,,,,,,
16,1964,Czechoslovakia,TCH,5,6,3,14,Summer,,,,,,,,,
16,1964,Great Britain,GBR,4,12,2,18,Summer,,,,,,,,,
16,1964,Bulgaria,BUL,3,5,2,10,Summer,BUL,1964.0,,,,,,71.1212195121951,8144340.0
16,1964,Finland,FIN,3,0,2,5,Summer,,,,,,,,,
16,1964,New Zealand,NZL,3,0,2,5,Summer,,,,,,,,,
16,1964,Romania,ROU,2,4,6,12,Summer,,,,,,,,,
16,1964,Netherlands,NED,2,4,4,10,Summer,NED,1964.0,,,20232048552.8327,1668.33086114697,,73.7041463414634,12127120.0
16,1964,Türkiye,TUR,2,3,1,6,Summer,,,,,,,,,
16,1964,Sweden,SWE,2,2,4,8,Summer,,,,,,,,,
16,1964,Denmark,DEN,2,1,3,6,Summer,DEN,1964.0,,,9677401337.17309,2049.39724281483,,72.4851219512195,4722072.0
16,1964,Yugoslavia,YUG,2,1,2,5,Summer,,,,,,,,,
16,1964,Belgium,BEL,2,0,1,3,Summer,,,,,,,,,
16,1964,France,FRA,1,8,6,15,Summer,,,,,,,,,
16,1964,Canada,CAN,1,2,1,4,Summer,,,,,,,,,
16,1964,Switzerland,SUI,1,2,1,4,Summer,,,,,,,,,
16,1964,Ethiopia,ETH,1,0,0,1,Summer,,,,,,,,,
16,1964,India,IND,1,0,0,1,Summer,,,,,,,,,
16,1964,The Bahamas,BAH,1,0,0,1,Summer,BAH,1964.0,,,266559990.40384,1883.44349106778,,64.05,141528.0
16,1964,Republic of Korea,KOR,0,2,1,3,Summer,,,,,,,,,
16,1964,Trinidad and Tobago,TTO,0,1,2,3,Summer,,,,,,,,,
16,1964,Tunisia,TUN,0,1,1,2,Summer,,,,,,,,,
16,1964,Argentina,ARG,0,1,0,1,Summer,,,,,,,,,
16,1964,Cuba,CUB,0,1,0,1,Summer,,,,,,,,,
16,1964,Pakistan,PAK,0,1,0,1,Summer,,,,,,,,,
16,1964,Philippines,PHI,0,1,0,1,Summer,PHI,1964.0,,,5953756194.80988,188.153783582113,,60.541,31643032.0
16,1964,Islamic Republic of Iran,IRI,0,0,2,2,Summer,IRI,1964.0,,,5379845647.69637,221.731727810658,,46.196,24262859.0
16,1964,Brazil,BRA,0,0,1,1,Summer,,,,,,,,,
16,1964,Ghana,GHA,0,0,1,1,Summer,,,,,,,,,
16,1964,Ireland,IRL,0,0,1,1,Summer,,,,,,,,,
16,1964,Kenya,KEN,0,0,1,1,Summer,,,,,,,,,
16,1964,Mexico,MEX,0,0,1,1,Summer,,,,,,,,,
16,1964,Nigeria,NGR,0,0,1,1,Summer,NGR,1964.0,,,5552931318.82747,113.297345671875,,38.415,49012016.0
16,1964,Uruguay,URU,0,0,1,1,Summer,URU,1964.0,,,1975701816.46615,744.654270146069,,68.179,2653180.0
17,1968,United States,USA,45,28,34,107,Summer,,,,,,,,,
17,1968,Soviet Union,URS,29,32,30,91,Summer,URS,1968.0,,,,,,67.4893658536586,128928000.0
17,1968,Japan,JPN,11,7,7,25,Summer,,,,,,,,,
17,1968,Hungary,HUN,10,10,12,32,Summer,,,,,,,,,
17,1968,East Germany,GDR,9,9,7,25,Summer,,,,,,,,,
17,1968,France,FRA,7,3,5,15,Summer,,,,,,,,,
17,1968,Czechoslovakia,TCH,7,2,4,13,Summer,,,,,,,,,
17,1968,West Germany,FRG,5,11,10,26,Summer,,,,,,,,,
17,1968,Australia,AUS,5,7,5,17,Summer,,,,,,,,,
17,1968,Great Britain,GBR,5,5,3,13,Summer,,,,,,,,,
17,1968,Poland,POL,5,2,11,18,Summer,,,,,,,,,
17,1968,Romania,ROU,4,6,5,15,Summer,,,,,,,,,
17,1968,Italy,ITA,3,4,9,16,Summer,,,,,,,,,
17,1968,Kenya,KEN,3,4,2,9,Summer,,,,,,,,,
17,1968,Mexico,MEX,3,3,3,9,Summer,,,,,,,,,
17,1968,Yugoslavia,YUG,3,3,2,8,Summer,,,,,,,,,
17,1968,Netherlands,NED,3,3,1,7,Summer,NED,1968.0,,,30097635750.982,2364.3594192663,,73.6126829268293,12729721.0
17,1968,Bulgaria,BUL,2,4,3,9,Summer,BUL,1968.0,,,,,,71.2251219512195,8369603.0
17,1968,Islamic Republic of Iran,IRI,2,1,2,5,Summer,IRI,1968.0,,,8623172959.89439,314.285456656371,,48.136,27437391.0
17,1968,Sweden,SWE,2,1,1,4,Summer,,,,,,,,,
17,1968,Türkiye,TUR,2,0,0,2,Summer,,,,,,,,,
17,1968,Denmark,DEN,1,4,3,8,Summer,DEN,1968.0,,,13505574133.3333,2776.13544525805,,73.1214634146341,4864883.0
17,1968,Canada,CAN,1,3,1,5,Summer,,,,,,,,,
17,1968,Finland,FIN,1,2,1,4,Summer,,,,,,,,,
17,1968,Ethiopia,ETH,1,1,0,2,Summer,,,,,,,,,
17,1968,Norway,NOR,1,1,0,2,Summer,,,,,,,,,
17,1968,New Zealand,NZL,1,0,2,3,Summer,,,,,,,,,
17,1968,Tunisia,TUN,1,0,1,2,Summer,,,,,,,,,
17,1968,Pakistan,PAK,1,0,0,1,Summer,,,,,,,,,
17,1968,Venezuela,VEN,1,0,0,1,Summer,,,,,,,,,
17,1968,Cuba,CUB,0,4,0,4,Summer,,,,,,,,,
17,1968,Austria,AUT,0,2,2,4,Summer,,,,,,,,,
17,1968,Switzerland,SUI,0,1,4,5,Summer,,,,,,,,,
17,1968,Mongolia,MGL,0,1,3,4,Summer,MGL,1968.0,,,,,,51.457,1229930.0
17,1968,Brazil,BRA,0,1,2,3,Summer,,,,,,,,,
17,1968,Belgium,BEL,0,1,1,2,Summer,,,,,,,,,
17,1968,Republic of Korea,KOR,0,1,1,2,Summer,,,,,,,,,
17,1968,Uganda,UGA,0,1,1,2,Summer,,,,,,,,,
17,1968,Cameroon,CMR,0,1,0,1,Summer,,,,,,,,,
17,1968,Jamaica,JAM,0,1,0,1,Summer,,,,,,,,,
17,1968,Argentina,ARG,0,0,2,2,Summer,,,,,,,,,
17,1968,Chinese Taipei,TPE,0,0,1,1,Summer,,,,,,,,,
17,1968,Greece,GRE,0,0,1,1,Summer,GRE,1968.0,,,9950331205.83108,1138.38219032671,,71.4301951219512,8740765.0
17,1968,India,IND,0,0,1,1,Summer,,,,,,,,,
18,1972,Soviet Union,URS,50,27,22,99,Summer,URS,1972.0,,,,,,68.3085365853659,131909000.0
18,1972,United States,USA,33,31,30,94,Summer,,,,,,,,,
18,1972,East Germany,GDR,20,23,23,66,Summer,,,,,,,,,
18,1972,West Germany,FRG,13,11,16,40,Summer,,,,,,,,,
18,1972,Japan,JPN,13,8,8,29,Summer,,,,,,,,,
18,1972,Australia,AUS,8,7,2,17,Summer,,,,,,,,,
18,1972,Poland,POL,7,5,9,21,Summer,,,,,,,,,
18,1972,Hungary,HUN,6,13,16,35,Summer,,,,,,,,,
18,1972,Bulgaria,BUL,6,10,5,21,Summer,BUL,1972.0,,,,,,70.899512195122,8576200.0
18,1972,Italy,ITA,5,3,10,18,Summer,,,,,,,,,
18,1972,Sweden,SWE,4,6,6,16,Summer,,,,,,,,,
18,1972,Great Britain,GBR,4,5,9,18,Summer,,,,,,,,,
18,1972,Romania,ROU,3,6,7,16,Summer,,,,,,,,,
18,1972,Cuba,CUB,3,1,4,8,Summer,,,,,,,,,
18,1972,Finland,FIN,3,1,4,8,Summer,,,,,,,,,
18,1972,Netherlands,NED,3,1,1,5,Summer,NED,1972.0,3157787419.66493,,54787070173.0294,4110.49164551948,,73.7270731707317,13328593.0
18,1972,France,FRA,2,4,7,13,Summer,,,,,,,,,
18,1972,Czechoslovakia,TCH,2,4,2,8,Summer,,,,,,,,,
18,1972,Kenya,KEN,2,3,4,9,Summer,,,,,,,,,
18,1972,Yugoslavia,YUG,2,1,2,5,Summer,,,,,,,,,
18,1972,Norway,NOR,2,1,1,4,Summer,,,,,,,,,
18,1972,Democratic People's Republic of Korea,PRK,1,1,3,5,Summer,,,,,,,,,
18,1972,New Zealand,NZL,1,1,1,3,Summer,,,,,,,,,
18,1972,Uganda,UGA,1,1,0,2,Summer,,,,,,,,,
18,1972,Denmark,DEN,1,0,0,1,Summer,DEN,1972.0,1210904673.85205,,23230667549.2496,4653.95587889115,,73.4390243902439,4991596.0
18,1972,Switzerland,SUI,0,3,0,3,Summer,,,,,,,,,
18,1972,Canada,CAN,0,2,3,5,Summer,,,,,,,,,
18,1972,Islamic Republic of Iran,IRI,0,2,1,3,Summer,IRI,1972.0,398925483.310106,,17153463263.1023,554.748034125811,,51.659,30921179.0
18,1972,Belgium,BEL,0,2,0,2,Summer,,,,,,,,,
18,1972,Greece,GRE,0,2,0,2,Summer,GRE,1972.0,,,16650659090.9091,1873.25412773592,,72.7826829268293,8888628.0
18,1972,Austria,AUT,0,1,2,3,Summer,,,,,,,,,
18,1972,Colombia,COL,0,1,2,3,Summer,,,,,,,,,
18,1972,Argentina,ARG,0,1,0,1,Summer,,,,,,,,,
18,1972,Lebanon,LBN,0,1,0,1,Summer,,,,,,,,,
18,1972,Mexico,MEX,0,1,0,1,Summer,,,,,,,,,
18,1972,Mongolia,MGL,0,1,0,1,Summer,MGL,1972.0,,,,,,54.016,1366821.0
18,1972,Pakistan,PAK,0,1,0,1,Summer,,,,,,,,,
18,1972,Republic of Korea,KOR,0,1,0,1,Summer,,,,,,,,,
18,1972,Tunisia,TUN,0,1,0,1,Summer,,,,,,,,,
18,1972,Türkiye,TUR,0,1,0,1,Summer,,,,,,,,,
18,1972,Brazil,BRA,0,0,2,2,Summer,,,,,,,,,
18,1972,Ethiopia,ETH,0,0,2,2,Summer,,,,,,,,,
18,1972,Ghana,GHA,0,0,1,1,Summer,,,,,,,,,
18,1972,India,IND,0,0,1,1,Summer,,,,,,,,,
18,1972,Jamaica,JAM,0,0,1,1,Summer,,,,,,,,,
18,1972,Niger,NIG,0,0,1,1,Summer,NIG,1972.0,14743918.3836932,,742779660.818693,151.437947747318,,35.632,4904845.0
18,1972,Nigeria,NGR,0,0,1,1,Summer,NGR,1972.0,376129960.61446,,12274416017.7976,209.454776294345,,41.273,58601748.0
18,1972,Spain,ESP,0,0,1,1,Summer,,,,,,,,,
19,1976,Soviet Union,URS,49,41,35,125,Summer,URS,1976.0,,,,,,67.4875609756098,135147000.0
19,1976,East Germany,GDR,40,25,25,90,Summer,,,,,,,,,
19,1976,United States,USA,34,35,25,94,Summer,,,,,,,,,
19,1976,West Germany,FRG,10,12,17,39,Summer,,,,,,,,,
19,1976,Japan,JPN,9,6,10,25,Summer,,,,,,,,,
19,1976,Poland,POL,7,6,13,26,Summer,,,,,,,,,
19,1976,Bulgaria,BUL,6,9,7,22,Summer,BUL,1976.0,,,,,,71.3948780487805,8758599.0
19,1976,Cuba,CUB,6,4,3,13,Summer,,,,,,,,,
19,1976,Romania,ROU,4,9,14,27,Summer,,,,,,,,,
19,1976,Hungary,HUN,4,5,13,22,Summer,,,,,,,,,
19,1976,Finland,FIN,4,2,0,6,Summer,,,,,,,,,
19,1976,Sweden,SWE,4,1,0,5,Summer,,,,,,,,,
19,1976,Great Britain,GBR,3,5,5,13,Summer,,,,,,,,,
19,1976,Italy,ITA,2,7,4,13,Summer,,,,,,,,,
19,1976,France,FRA,2,3,4,9,Summer,,,,,,,,,
19,1976,Yugoslavia,YUG,2,3,3,8,Summer,,,,,,,,,
19,1976,Czechoslovakia,TCH,2,2,4,8,Summer,,,,,,,,,
19,1976,New Zealand,NZL,2,1,1,4,Summer,,,,,,,,,
19,1976,Republic of Korea,KOR,1,1,4,6,Summer,,,,,,,,,
19,1976,Switzerland,SUI,1,1,2,4,Summer,,,,,,,,,
19,1976,Democratic People's Republic of Korea,PRK,1,1,0,2,Summer,,,,,,,,,
19,1976,Jamaica,JAM,1,1,0,2,Summer,,,,,,,,,
19,1976,Norway,NOR,1,1,0,2,Summer,,,,,,,,,
19,1976,Denmark,DEN,1,0,2,3,Summer,DEN,1976.0,2785774782.28351,,44503607444.1687,8773.3396162771,,73.739756097561,5072596.0
19,1976,Mexico,MEX,1,0,1,2,Summer,,,,,,,,,
19,1976,Trinidad and Tobago,TTO,1,0,0,1,Summer,,,,,,,,,
19,1976,Canada,CAN,0,5,6,11,Summer,,,,,,,,,
19,1976,Belgium,BEL,0,3,3,6,Summer,,,,,,,,,
19,1976,Netherlands,NED,0,2,3,5,Summer,NED,1976.0,6514831655.27586,,109329386564.427,7937.35246713998,,74.6470731707317,13774037.0
19,1976,Portugal,POR,0,2,0,2,Summer,POR,1976.0,586845961.538462,,20332831564.9867,2173.28393425975,,68.8609756097561,9355810.0
19,1976,Spain,ESP,0,2,0,2,Summer,,,,,,,,,
19,1976,Australia,AUS,0,1,4,5,Summer,,,,,,,,,
19,1976,Islamic Republic of Iran,IRI,0,1,1,2,Summer,IRI,1976.0,4457468407.0951,,68055295080.7542,1953.5196967855,,55.7,34837271.0
19,1976,Mongolia,MGL,0,1,0,1,Summer,MGL,1976.0,,,,,,55.432,1531945.0
19,1976,Venezuela,VEN,0,1,0,1,Summer,,,,,,,,,
19,1976,Brazil,BRA,0,0,2,2,Summer,,,,,,,,,
19,1976,Austria,AUT,0,0,1,1,Summer,,,,,,,,,
19,1976,Bermuda,BER,0,0,1,1,Summer,BER,1976.0,,,386300000.0,7259.91355008457,,71.862,53210.0
19,1976,Pakistan,PAK,0,0,1,1,Summer,,,,,,,,,
19,1976,Puerto Rico,PUR,0,0,1,1,Summer,PUR,1976.0,621814224.938578,,8968600000.0,2946.46195251152,,72.262,3043854.0
19,1976,Thailand,THA,0,0,1,1,Summer,,,,,,,,,
20,1980,Soviet Union,URS,80,69,46,195,Summer,URS,1980.0,,,,,,67.0339024390244,139010000.0
20,1980,East Germany,GDR,47,37,42,126,Summer,,,,,,,,,
20,1980,Bulgaria,BUL,8,16,17,41,Summer,BUL,1980.0,663860461.538462,,19839230769.2308,2238.80295786574,,71.1575609756098,8861535.0
20,1980,Cuba,CUB,8,7,5,20,Summer,,,,,,,,,
20,1980,Italy,ITA,8,3,4,15,Summer,,,,,,,,,
20,1980,Hungary,HUN,7,10,15,32,Summer,,,,,,,,,
20,1980,Romania,ROU,6,6,13,25,Summer,,,,,,,,,
20,1980,France,FRA,6,5,3,14,Summer,,,,,,,,,
20,1980,Great Britain,GBR,5,7,9,21,Summer,,,,,,,,,
20,1980,Poland,POL,3,14,15,32,Summer,,,,,,,,,
20,1980,Sweden,SWE,3,3,6,12,Summer,,,,,,,,,
20,1980,Finland,FIN,3,1,4,8,Summer,,,,,,,,,
20,1980,Czechoslovakia,TCH,2,3,9,14,Summer,,,,,,,,,
20,1980,Yugoslavia,YUG,2,3,4,9,Summer,,,,,,,,,
20,1980,Australia,AUS,2,2,5,9,Summer,,,,,,,,,
20,1980,Denmark,DEN,2,1,2,5,Summer,DEN,1980.0,3708096461.2573,,70811287815.6106,13822.1578405912,,74.1017073170732,5123027.0
20,1980,Brazil,BRA,2,0,2,4,Summer,,,,,,,,,
20,1980,Ethiopia,ETH,2,0,2,4,Summer,,,,,,,,,
20,1980,Switzerland,SUI,2,0,0,2,Summer,,,,,,,,,
20,1980,Spain,ESP,1,3,2,6,Summer,,,,,,,,,
20,1980,Austria,AUT,1,2,1,4,Summer,,,,,,,,,
20,1980,Greece,GRE,1,0,2,3,Summer,GRE,1980.0,,,56039256594.7242,5811.69069600941,,74.5462682926829,9642505.0
20,1980,Belgium,BEL,1,0,0,1,Summer,,,,,,,,,
20,1980,India,IND,1,0,0,1,Summer,,,,,,,,,
20,1980,Zimbabwe,ZIM,1,0,0,1,Summer,ZIM,1980.0,142978236.458279,,6678868200.0,948.527310925265,,58.674,7041303.0
20,1980,Democratic People's Republic of Korea,PRK,0,3,2,5,Summer,,,,,,,,,
20,1980,Mongolia,MGL,0,2,2,4,Summer,MGL,1980.0,,,2101394100.0,1235.14422497627,,55.64,1701335.0
20,1980,United Republic of Tanzania,TAN,0,2,0,2,Summer,TAN,1980.0,,,11409228086.7463,611.211791992188,,51.201,19189769.0
20,1980,Mexico,MEX,0,1,3,4,Summer,,,,,,,,,
20,1980,Netherlands,NED,0,1,2,3,Summer,NED,1980.0,11181154883.6178,,195439301706.939,13812.1600098191,,75.7431707317073,14149800.0
20,1980,Ireland,IRL,0,1,1,2,Summer,,,,,,,,,
20,1980,Uganda,UGA,0,1,0,1,Summer,,,,,,,,,
20,1980,Venezuela,VEN,0,1,0,1,Summer,,,,,,,,,
20,1980,Jamaica,JAM,0,0,3,3,Summer,,,,,,,,,
20,1980,Guyana,GUY,0,0,1,1,Summer,,,,,,,,,
20,1980,Lebanon,LBN,0,0,1,1,Summer,,,,,,,,,
21,1984,United States,USA,83,61,30,174,Summer,,,,,,,,,
21,1984,Romania,ROU,20,16,17,53,Summer,,,,,,,,,
21,1984,West Germany,FRG,17,19,23,59,Summer,,,,,,,,,
21,1984,People's Republic of China,CHN,15,8,9,32,Summer,,,,,,,,,
21,1984,Italy,ITA,14,6,12,32,Summer,,,,,,,,,
21,1984,Canada,CAN,10,18,16,44,Summer,,,,,,,,,
21,1984,Japan,JPN,10,8,14,32,Summer,,,,,,,,,
21,1984,New Zealand,NZL,8,1,2,11,Summer,,,,,,,,,
21,1984,Yugoslavia,YUG,7,4,7,18,Summer,,,,,,,,,
21,1984,Republic of Korea,KOR,6,6,7,19,Summer,,,,,,,,,
21,1984,Great Britain,GBR,5,11,21,37,Summer,,,,,,,,,
21,1984,France,FRA,5,7,16,28,Summer,,,,,,,,,
21,1984,Netherlands,NED,5,2,6,13,Summer,NED,1984.0,7254736619.50551,,144124462912.088,9991.84377655651,,76.2331707317073,14424211.0
21,1984,Australia,AUS,4,8,12,24,Summer,,,,,,,,,
21,1984,Finland,FIN,4,2,6,12,Summer,,,,,,,,,
21,1984,Sweden,SWE,2,11,6,19,Summer,,,,,,,,,
21,1984,Mexico,MEX,2,3,1,6,Summer,,,,,,,,,
21,1984,Morocco,MAR,2,0,0,2,Summer,,,,,,,,,
21,1984,Brazil,BRA,1,5,2,8,Summer,,,,,,,,,
21,1984,Spain,ESP,1,2,2,5,Summer,,,,,,,,,
21,1984,Belgium,BEL,1,1,2,4,Summer,,,,,,,,,
21,1984,Austria,AUT,1,1,1,3,Summer,,,,,,,,,
21,1984,Kenya,KEN,1,0,2,3,Summer,,,,,,,,,
21,1984,Portugal,POR,1,0,2,3,Summer,POR,1984.0,712627567.789647,,25217969049.5755,2522.74747620658,,72.5146341463415,9996232.0
21,1984,Pakistan,PAK,1,0,0,1,Summer,,,,,,,,,
21,1984,Switzerland,SUI,0,4,4,8,Summer,,,,,,,,,
21,1984,Denmark,DEN,0,3,3,6,Summer,DEN,1984.0,3523325069.73123,,58868891334.9941,11516.6821578436,,74.5621951219512,5111619.0
21,1984,Jamaica,JAM,0,1,2,3,Summer,,,,,,,,,
21,1984,Norway,NOR,0,1,2,3,Summer,,,,,,,,,
21,1984,Greece,GRE,0,1,1,2,Summer,GRE,1984.0,,,47352146311.971,4785.07463033775,,75.7743902439024,9895801.0
21,1984,Nigeria,NGR,0,1,1,2,Summer,NGR,1984.0,2964549854.50111,,73484359521.4887,890.434106332302,,46.55,82526443.0
21,1984,Puerto Rico,PUR,0,1,1,2,Summer,PUR,1984.0,1189004610.08188,,19162600000.0,5730.11700890201,,73.531,3344190.0
21,1984,Colombia,COL,0,1,0,1,Summer,,,,,,,,,
21,1984,Côte d'Ivoire,CIV,0,1,0,1,Summer,,,,,,,,,
21,1984,Egypt,EGY,0,1,0,1,Summer,,,,,,,,,
21,1984,Ireland,IRL,0,1,0,1,Summer,,,,,,,,,
21,1984,Peru,PER,0,1,0,1,Summer,,,,,,,,,
21,1984,Syrian Arab Republic,SYR,0,1,0,1,Summer,,,,,,,,,
21,1984,Thailand,THA,0,1,0,1,Summer,,,,,,,,,
21,1984,Türkiye,TUR,0,0,3,3,Summer,,,,,,,,,
21,1984,Venezuela,VEN,0,0,3,3,Summer,,,,,,,,,
21,1984,Algeria,ALG,0,0,2,2,Summer,ALG,1984.0,2573010477.38454,,53698548293.0745,2524.38071403143,,61.658,21271969.0
21,1984,Cameroon,CMR,0,0,1,1,Summer,,,,,,,,,
21,1984,Chinese Taipei,TPE,0,0,1,1,Summer,,,,,,,,,
21,1984,Dominican Republic,DOM,0,0,1,1,Summer,,,,,,,,,
21,1984,Iceland,ISL,0,0,1,1,Summer,,,,,,,,,
21,1984,Zambia,ZAM,0,0,1,1,Summer,ZAM,1984.0,127951777.777778,,2719518932.99541,413.269974271735,,52.755,6580490.0
22,1988,Soviet Union,URS,55,31,46,132,Summer,URS,1988.0,21702657807.309,,554828660436.137,3778.01977539063,,69.4643902439024,146857000.0
22,1988,East Germany,GDR,37,35,30,102,Summer,,,,,,,,,
22,1988,United States,USA,36,31,27,94,Summer,,,,,,,,,
22,1988,Republic of Korea,KOR,12,10,11,33,Summer,,,,,,,,,
22,1988,West Germany,FRG,11,14,15,40,Summer,,,,,,,,,
22,1988,Hungary,HUN,11,6,6,23,Summer,,,,,,,,,
22,1988,Bulgaria,BUL,10,12,13,35,Summer,BUL,1988.0,841127764.705883,,22555941176.4706,2511.39306259489,,71.6043902439024,8981446.0
22,1988,Romania,ROU,7,11,6,24,Summer,,,,,,,,,
22,1988,France,FRA,6,4,6,16,Summer,,,,,,,,,
22,1988,Italy,ITA,6,4,4,14,Summer,,,,,,,,,
22,1988,People's Republic of China,CHN,5,11,12,28,Summer,,,,,,,,,
22,1988,Great Britain,GBR,5,10,9,24,Summer,,,,,,,,,
22,1988,Kenya,KEN,5,2,2,9,Summer,,,,,,,,,
22,1988,Japan,JPN,4,3,7,14,Summer,,,,,,,,,
22,1988,Australia,AUS,3,6,5,14,Summer,,,,,,,,,
22,1988,Yugoslavia,YUG,3,4,5,12,Summer,,,,,,,,,
22,1988,Czechoslovakia,TCH,3,3,2,8,Summer,,,,,,,,,
22,1988,New Zealand,NZL,3,2,8,13,Summer,,,,,,,,,
22,1988,Canada,CAN,3,2,5,10,Summer,,,,,,,,,
22,1988,Poland,POL,2,5,9,16,Summer,,,,,,,,,
22,1988,Norway,NOR,2,3,0,5,Summer,,,,,,,,,
22,1988,Netherlands,NED,2,2,5,9,Summer,NED,1988.0,13664293595.7186,,262295966105.474,17770.6162376388,,76.890243902439,14760094.0
22,1988,Denmark,DEN,2,1,1,4,Summer,DEN,1988.0,7051480864.88895,,115540189705.118,22524.5792595476,,74.7717073170732,5129516.0
22,1988,Brazil,BRA,1,2,3,6,Summer,,,,,,,,,
22,1988,Finland,FIN,1,1,2,4,Summer,,,,,,,,,
22,1988,Spain,ESP,1,1,2,4,Summer,,,,,,,,,
22,1988,Türkiye,TUR,1,1,0,2,Summer,,,,,,,,,
22,1988,Morocco,MAR,1,0,2,3,Summer,,,,,,,,,
22,1988,Austria,AUT,1,0,0,1,Summer,,,,,,,,,
22,1988,Portugal,POR,1,0,0,1,Summer,POR,1988.0,1780953760.44568,,56347250696.3788,5623.69699982123,,73.7146341463415,10019610.0
22,1988,Suriname,SUR,1,0,0,1,Summer,,,,,,,,,
22,1988,Sweden,SWE,0,4,7,11,Summer,,,,,,,,,
22,1988,Switzerland,SUI,0,2,2,4,Summer,,,,,,,,,
22,1988,Jamaica,JAM,0,2,0,2,Summer,,,,,,,,,
22,1988,Argentina,ARG,0,1,1,2,Summer,,,,,,,,,
22,1988,Chile,CHI,0,1,0,1,Summer,,,,,,,,,
22,1988,Costa Rica,CRC,0,1,0,1,Summer,CRC,1988.0,132612726.850508,,4614629898.40348,1554.74048522018,,76.106,2968103.0
22,1988,Indonesia,INA,0,1,0,1,Summer,INA,1988.0,615364283.13275,,84300174485.7973,476.662483405818,,62.211,176855065.0
22,1988,Islamic Republic of Iran,IRI,0,1,0,1,Summer,IRI,1988.0,4304091298.9598,,123057861333.91,2234.46235141339,,63.446,55072694.0
22,1988,Netherlands Antilles,AHO,0,1,0,1,Summer,,,,,,,,,
22,1988,Peru,PER,0,1,0,1,Summer,,,,,,,,,
22,1988,Senegal,SEN,0,1,0,1,Summer,,,,,,,,,
22,1988,United States Virgin Islands,ISV,0,1,0,1,Summer,ISV,1988.0,,,,,,70.7632682926829,100952.0
22,1988,Belgium,BEL,0,0,2,2,Summer,,,,,,,,,
22,1988,Mexico,MEX,0,0,2,2,Summer,,,,,,,,,
22,1988,Colombia,COL,0,0,1,1,Summer,,,,,,,,,
22,1988,Djibouti,DJI,0,0,1,1,Summer,,,,,,,,,
22,1988,Greece,GRE,0,0,1,1,Summer,GRE,1988.0,,,75200610136.9205,7492.35204811251,,76.980756097561,10036983.0
22,1988,Mongolia,MGL,0,0,1,1,Summer,MGL,1988.0,293705585.525415,,3204461566.66667,1543.33555521093,,57.87,2076322.0
22,1988,Pakistan,PAK,0,0,1,1,Summer,,,,,,,,,
22,1988,Philippines,PHI,0,0,1,1,Summer,PHI,1988.0,838801584.985802,,43152128958.6116,722.343718454247,,64.898,59739052.0
22,1988,Thailand,THA,0,0,1,1,Summer,,,,,,,,,
23,1992,Unified Team,EUN,45,38,29,112,Summer,,,,,,,,,
23,1992,United States,USA,37,34,37,108,Summer,,,,,,,,,
23,1992,Germany,GER,33,21,28,82,Summer,GER,1992.0,87655717863.494,,2141377582968.07,26559.8543879632,,75.819512195122,80624598.0
23,1992,People's Republic of China,CHN,16,22,16,54,Summer,,,,,,,,,
23,1992,Cuba,CUB,14,6,11,31,Summer,,,,,,,,,
23,1992,Spain,ESP,13,7,2,22,Summer,,,,,,,,,
23,1992,Republic of Korea,KOR,12,5,12,29,Summer,,,,,,,,,
23,1992,Hungary,HUN,11,12,7,30,Summer,,,,,,,,,
23,1992,France,FRA,8,5,16,29,Summer,,,,,,,,,
23,1992,Australia,AUS,7,9,11,27,Summer,,,,,,,,,
23,1992,Canada,CAN,7,4,7,18,Summer,,,,,,,,,
23,1992,Italy,ITA,6,5,8,19,Summer,,,,,,,,,
23,1992,Great Britain,GBR,5,3,12,20,Summer,,,,,,,,,
23,1992,Romania,ROU,4,6,8,18,Summer,,,,,,,,,
23,1992,Czechoslovakia,TCH,4,2,1,7,Summer,,,,,,,,,
23,1992,Democratic People's Republic of Korea,PRK,4,0,5,9,Summer,,,,,,,,,
23,1992,Japan,JPN,3,8,11,22,Summer,,,,,,,,,
23,1992,Bulgaria,BUL,3,7,6,16,Summer,BUL,1992.0,519219432.989691,,10350515463.9175,1211.98087810931,,71.4943902439024,8540164.0
23,1992,Poland,POL,3,6,10,19,Summer,,,,,,,,,
23,1992,Netherlands,NED,2,6,7,15,Summer,NED,1992.0,18974011623.2521,,363497050125.313,23939.2173482108,,77.2170731707317,15184166.0
23,1992,Kenya,KEN,2,4,2,8,Summer,,,,,,,,,
23,1992,Norway,NOR,2,4,1,7,Summer,,,,,,,,,
23,1992,Türkiye,TUR,2,2,2,6,Summer,,,,,,,,,
23,1992,Indonesia,INA,2,2,1,5,Summer,INA,1992.0,763385627.464036,,128026966579.964,673.67103954742,,64.126,190043744.0
23,1992,Brazil,BRA,2,1,0,3,Summer,,,,,,,,,
23,1992,Greece,GRE,2,0,0,2,Summer,GRE,1992.0,,,114608178405.434,11021.012224607,,77.3829268292683,10399061.0
23,1992,Sweden,SWE,1,7,4,12,Summer,,,,,,,,,
23,1992,New Zealand,NZL,1,4,5,10,Summer,,,,,,,,,
23,1992,Finland,FIN,1,2,2,5,Summer,,,,,,,,,
23,1992,Denmark,DEN,1,1,4,6,Summer,DEN,1992.0,10526233339.0785,,152966494259.538,29579.4913648682,,75.1941463414634,5171370.0
23,1992,Morocco,MAR,1,1,1,3,Summer,,,,,,,,,
23,1992,Ireland,IRL,1,1,0,2,Summer,,,,,,,,,
23,1992,Ethiopia,ETH,1,0,2,3,Summer,,,,,,,,,
23,1992,Algeria,ALG,1,0,1,2,Summer,ALG,1992.0,2383840591.77234,,48003133346.9957,1802.69300801289,,67.757,26628568.0
23,1992,Estonia,EST,1,0,1,2,Summer,,,,,,,,,
23,1992,Lithuania,LTU,1,0,1,2,Summer,,,,,,,,,
23,1992,Switzerland,SUI,1,0,0,1,Summer,,,,,,,,,
23,1992,Jamaica,JAM,0,3,1,4,Summer,,,,,,,,,
23,1992,Nigeria,NGR,0,3,1,4,Summer,NGR,1992.0,381186339.900088,,52058181853.8055,508.515905682785,,45.668,102372770.0
23,1992,Latvia,LAT,0,2,1,3,Summer,LAT,1992.0,,,,,,68.3960975609756,2614338.0
23,1992,Austria,AUT,0,2,0,2,Summer,,,,,,,,,
23,1992,Namibia,NAM,0,2,0,2,Summer,,,,,,,,,
23,1992,South Africa,RSA,0,2,0,2,Summer,RSA,1992.0,9265905988.89198,,146956150986.636,3462.39400202835,,63.341,42443509.0
23,1992,Belgium,BEL,0,1,2,3,Summer,,,,,,,,,
23,1992,Croatia,CRO,0,1,2,3,Summer,CRO,1992.0,,,10621169290.9986,2321.15204123035,,71.2414634146342,4575818.0
23,1992,Independent Olympic Athletes,IOA,0,1,2,3,Summer,,,,,,,,,
23,1992,Islamic Republic of Iran,IRI,0,1,2,3,Summer,IRI,1992.0,,,119768691216.667,1957.48507794252,,66.776,61184983.0
23,1992,Israel,ISR,0,1,1,2,Summer,,,,,,,,,
23,1992,Chinese Taipei,TPE,0,1,0,1,Summer,,,,,,,,,
23,1992,Mexico,MEX,0,1,0,1,Summer,,,,,,,,,
23,1992,Peru,PER,0,1,0,1,Summer,,,,,,,,,
23,1992,Mongolia,MGL,0,0,2,2,Summer,MGL,1992.0,64535593.1924885,,1317611863.84977,607.813424662797,,59.641,2167790.0
23,1992,Slovenia,SLO,0,0,2,2,Summer,SLO,1992.0,,,14277261540.7456,7151.15243829224,,73.3048780487805,1996498.0
23,1992,Argentina,ARG,0,0,1,1,Summer,,,,,,,,,
23,1992,Colombia,COL,0,0,1,1,Summer,,,,,,,,,
23,1992,Ghana,GHA,0,0,1,1,Summer,,,,,,,,,
23,1992,Malaysia,MAS,0,0,1,1,Summer,MAS,1992.0,2577098205.52087,,59167550162.956,3141.43321987651,,71.526,18834572.0
23,1992,Pakistan,PAK,0,0,1,1,Summer,,,,,,,,,
23,1992,Philippines,PHI,0,0,1,1,Summer,PHI,1992.0,1373204913.69407,,60422328242.1803,916.515694532029,,67.088,65926125.0
23,1992,Puerto Rico,PUR,0,0,1,1,Summer,PUR,1992.0,2039181509.85454,,34630430000.0,9659.33889995916,,73.939,3585176.0
23,1992,Qatar,QAT,0,0,1,1,Summer,,,,,,,,,
23,1992,Suriname,SUR,0,0,1,1,Summer,,,,,,,,,
23,1992,Thailand,THA,0,0,1,1,Summer,,,,,,,,,
23,1992,The Bahamas,BAH,0,0,1,1,Summer,BAH,1992.0,116080598.4,,3109000000.0,10873.4047501635,,70.668,285927.0
24,1996,United States,USA,44,32,25,101,Summer,,,,,,,,,
24,1996,Russian Federation,RUS,26,21,16,63,Summer,,,,,,,,,
24,1996,Germany,GER,20,18,27,65,Summer,GER,1996.0,104899339745.256,,2506576553158.31,30599.7891048363,,76.6731707317073,81914831.0
24,1996,People's Republic of China,CHN,16,22,12,50,Summer,,,,,,,,,
24,1996,France,FRA,15,7,15,37,Summer,,,,,,,,,
24,1996,Italy,ITA,13,10,12,35,Summer,,,,,,,,,
24,1996,Australia,AUS,9,9,23,41,Summer,,,,,,,,,
24,1996,Cuba,CUB,9,8,8,25,Summer,,,,,,,,,
24,1996,Ukraine,UKR,9,2,12,23,Summer,,,,,,,,,
24,1996,Republic of Korea,KOR,7,15,5,27,Summer,,,,,,,,,
24,1996,Poland,POL,7,5,5,17,Summer,,,,,,,,,
24,1996,Hungary,HUN,7,4,10,21,Summer,,,,,,,,,
24,1996,Spain,ESP,5,6,6,17,Summer,,,,,,,,,
24,1996,Romania,ROU,4,7,9,20,Summer,,,,,,,,,
24,1996,Netherlands,NED,4,5,10,19,Summer,NED,1996.0,20719422222.2222,,451372549019.608,29063.6236532536,,77.4356097560976,15530498.0
24,1996,Greece,GRE,4,4,0,8,Summer,GRE,1996.0,,,142502984144.96,13432.5262183244,,77.6853658536585,10608800.0
24,1996,Czechia,CZE,4,3,4,11,Summer,,,,,,,,,
24,1996,Switzerland,SUI,4,3,0,7,Summer,,,,,,,,,
24,1996,Denmark,DEN,4,1,1,6,Summer,DEN,1996.0,13980739131.1846,,187481157845.724,35621.9878051732,,75.5914634146342,5263074.0
24,1996,Türkiye,TUR,4,1,1,6,Summer,,,,,,,,,
24,1996,Canada,CAN,3,11,8,22,Summer,,,,,,,,,
24,1996,Bulgaria,BUL,3,7,5,15,Summer,BUL,1996.0,368842792.017987,,12294964837.6235,1470.19259250682,,70.8973170731707,8362826.0
24,1996,Japan,JPN,3,6,5,14,Summer,,,,,,,,,
24,1996,Kazakhstan,KAZ,3,4,4,11,Summer,,,,,,,,,
24,1996,Brazil,BRA,3,3,9,15,Summer,,,,,,,,,
24,1996,New Zealand,NZL,3,2,1,6,Summer,,,,,,,,,
24,1996,South Africa,RSA,3,1,1,5,Summer,RSA,1996.0,8806855819.78461,,163234925380.563,3617.55336002932,,61.459,45123018.0
24,1996,Ireland,IRL,3,0,1,4,Summer,,,,,,,,,
24,1996,Sweden,SWE,2,4,2,8,Summer,,,,,,,,,
24,1996,Norway,NOR,2,2,3,7,Summer,,,,,,,,,
24,1996,Belgium,BEL,2,2,2,6,Summer,,,,,,,,,
24,1996,Nigeria,NGR,2,1,3,6,Summer,NGR,1996.0,415182203.28625,,185730236700.0,1632.72469370276,,45.567,113754779.0
24,1996,Democratic People's Republic of Korea,PRK,2,1,2,5,Summer,,,,,,,,,
24,1996,Algeria,ALG,2,0,1,3,Summer,ALG,1996.0,1952789428.41226,,46941554225.3581,1616.83198721285,,68.749,29033044.0
24,1996,Ethiopia,ETH,2,0,1,3,Summer,,,,,,,,,
24,1996,Great Britain,GBR,1,8,6,15,Summer,,,,,,,,,
24,1996,Belarus,BLR,1,6,8,15,Summer,,,,,,,,,
24,1996,Kenya,KEN,1,4,3,8,Summer,,,,,,,,,
24,1996,Jamaica,JAM,1,3,2,6,Summer,,,,,,,,,
24,1996,Finland,FIN,1,2,1,4,Summer,,,,,,,,,
24,1996,Indonesia,INA,1,1,2,4,Summer,INA,1996.0,1327658626.13671,,227369679374.973,1118.92133024129,,65.355,203204348.0
24,1996,Serbia and Montenegro,SCG,1,1,2,4,Summer,,,,,,,,,
24,1996,Islamic Republic of Iran,IRI,1,1,1,3,Summer,IRI,1996.0,3835326801.02867,,120403931883.348,1914.78121290985,,68.07,62881300.0
24,1996,Slovakia,SVK,1,1,1,3,Summer,,,,,,,,,
24,1996,Armenia,ARM,1,1,0,2,Summer,,,,,,,,,
24,1996,Croatia,CRO,1,1,0,2,Summer,CRO,1996.0,834163463.75353,,24150978346.5253,5299.6410536193,,72.3653658536585,4557097.0
24,1996,Portugal,POR,1,0,1,2,Summer,POR,1996.0,5920808983.6236,,122630089680.27,12185.0914010629,,75.2609756097561,10063945.0
24,1996,Thailand,THA,1,0,1,2,Summer,,,,,,,,,
24,1996,Burundi,BDI,1,0,0,1,Summer,,,,,,,,,
24,1996,Costa Rica,CRC,1,0,0,1,Summer,CRC,1996.0,439970351.768332,,11678424507.2457,3226.96395598625,,76.804,3619013.0
24,1996,Ecuador,ECU,1,0,0,1,Summer,,,,,,,,,
24,1996,"Hong Kong, China",HKG,1,0,0,1,Summer,,,,,,,,,
24,1996,Syrian Arab Republic,SYR,1,0,0,1,Summer,,,,,,,,,
24,1996,Argentina,ARG,0,2,1,3,Summer,,,,,,,,,
24,1996,Namibia,NAM,0,2,0,2,Summer,,,,,,,,,
24,1996,Slovenia,SLO,0,2,0,2,Summer,SLO,1996.0,1154037375.19153,,21470699362.6062,10796.7399446283,,74.4585365853658,1988628.0
24,1996,Austria,AUT,0,1,2,3,Summer,,,,,,,,,
24,1996,Malaysia,MAS,0,1,1,2,Summer,MAS,1996.0,4038914858.09683,,100855393910.486,4837.16897250768,,72.327,20850087.0
24,1996,Republic of Moldova,MDA,0,1,1,2,Summer,,,,,,,,,
24,1996,Uzbekistan,UZB,0,1,1,2,Summer,,,,,,,,,
24,1996,Azerbaijan,AZE,0,1,0,1,Summer,,,,,,,,,
24,1996,Chinese Taipei,TPE,0,1,0,1,Summer,,,,,,,,,
24,1996,Latvia,LAT,0,1,0,1,Summer,LAT,1996.0,324725099.540582,,5799465288.41246,2360.1714816213,,68.7765853658537,2457222.0
24,1996,Philippines,PHI,0,1,0,1,Summer,PHI,1996.0,2742040896.8382,,94648084429.0341,1311.09249403865,,68.614,72190242.0
24,1996,The Bahamas,BAH,0,1,0,1,Summer,BAH,1996.0,169582446.9136,,3609000000.0,11783.797197226,,70.71,306268.0
24,1996,Tonga,TGA,0,1,0,1,Summer,TGA,1996.0,10608622.5633692,,222100545.630873,2214.91444159434,,68.323,100275.0
24,1996,Zambia,ZAM,0,1,0,1,Summer,ZAM,1996.0,68662810.4511129,,3597220962.00017,399.511304742449,,45.233,9004053.0
24,1996,Georgia,GEO,0,0,2,2,Summer,,,,,,,,,
24,1996,Morocco,MAR,0,0,2,2,Summer,,,,,,,,,
24,1996,Trinidad and Tobago,TTO,0,0,2,2,Summer,,,,,,,,,
24,1996,India,IND,0,0,1,1,Summer,,,,,,,,,
24,1996,Israel,ISR,0,0,1,1,Summer,,,,,,,,,
24,1996,Lithuania,LTU,0,0,1,1,Summer,,,,,,,,,
24,1996,Mexico,MEX,0,0,1,1,Summer,,,,,,,,,
24,1996,Mongolia,MGL,0,0,1,1,Summer,MGL,1996.0,55917116.823212,,1345719472.35883,595.5810149554,,60.305,2259507.0
24,1996,Mozambique,MOZ,0,0,1,1,Summer,,,,,,,,,
24,1996,Puerto Rico,PUR,0,0,1,1,Summer,PUR,1996.0,2646062529.03758,,45340835000.0,12173.163688986,,74.585,3724655.0
24,1996,Tunisia,TUN,0,0,1,1,Summer,,,,,,,,,
24,1996,Uganda,UGA,0,0,1,1,Summer,,,,,,,,,
25,2000,United States,USA,37,24,32,93,Summer,,,,,,,,,
25,2000,Russian Federation,RUS,32,28,29,89,Summer,,,,,,,,,
25,2000,People's Republic of China,CHN,28,16,14,58,Summer,,,,,,,,,
25,2000,Australia,AUS,16,25,17,58,Summer,,,,,,,,,
25,2000,Germany,GER,13,17,26,56,Summer,GER,2000.0,79277035282.1621,2344.41088867,1966980701145.1,23925.8559901991,,77.9268292682927,82211508.0
25,2000,France,FRA,13,14,11,38,Summer,,,,,,,,,
25,2000,Italy,ITA,13,8,13,34,Summer,,,,,,,,,
25,2000,Netherlands,NED,12,9,4,25,Summer,NED,2000.0,16930940877.0617,2028.0,417649282153.726,26225.1697734149,,77.9878048780488,15925513.0
25,2000,Cuba,CUB,11,11,7,29,Summer,,,,,,,,,
25,2000,Great Britain,GBR,11,10,7,28,Summer,,,,,,,,,
25,2000,Romania,ROU,11,6,9,26,Summer,,,,,,,,,
25,2000,Republic of Korea,KOR,8,10,10,28,Summer,,,,,,,,,
25,2000,Hungary,HUN,8,6,3,17,Summer,,,,,,,,,
25,2000,Poland,POL,6,5,3,14,Summer,,,,,,,,,
25,2000,Japan,JPN,5,8,5,18,Summer,,,,,,,,,
25,2000,Bulgaria,BUL,5,6,2,13,Summer,BUL,2000.0,414379167.453178,95.0,13245990274.4581,1621.26210738992,,71.6634146341463,8170172.0
25,2000,Greece,GRE,4,6,3,13,Summer,GRE,2000.0,,885.41052246,125760166224.805,11638.2010697215,,77.8878048780488,10805808.0
25,2000,Sweden,SWE,4,5,3,12,Summer,,,,,,,,,
25,2000,Norway,NOR,4,3,3,10,Summer,,,,,,,,,
25,2000,Ethiopia,ETH,4,1,3,8,Summer,,,,,,,,,
25,2000,Ukraine,UKR,3,10,10,23,Summer,,,,,,,,,
25,2000,Kazakhstan,KAZ,3,4,0,7,Summer,,,,,,,,,
25,2000,Belarus,BLR,3,3,11,17,Summer,,,,,,,,,
25,2000,Canada,CAN,3,3,8,14,Summer,,,,,,,,,
25,2000,Spain,ESP,3,3,5,11,Summer,,,,,,,,,
25,2000,Türkiye,TUR,3,0,2,5,Summer,,,,,,,,,
25,2000,Islamic Republic of Iran,IRI,3,0,1,4,Summer,IRI,2000.0,4402561063.41552,80.95653534,109591707801.431,1650.01385832603,,69.691,66418659.0
25,2000,Czechia,CZE,2,3,3,8,Summer,,,,,,,,,
25,2000,Kenya,KEN,2,3,2,7,Summer,,,,,,,,,
25,2000,Denmark,DEN,2,3,1,6,Summer,DEN,2000.0,12225778238.0516,2496.0,164043817223.59,30722.0251837567,,76.5926829268293,5339616.0
25,2000,Finland,FIN,2,1,1,4,Summer,,,,,,,,,
25,2000,Austria,AUT,2,1,0,3,Summer,,,,,,,,,
25,2000,Lithuania,LTU,2,0,3,5,Summer,,,,,,,,,
25,2000,Azerbaijan,AZE,2,0,1,3,Summer,,,,,,,,,
25,2000,The Bahamas,BAH,2,0,1,3,Summer,BAH,2000.0,304403572.12,945.44030762,8076470000.0,24940.0775086078,,72.041,323835.0
25,2000,Slovenia,SLO,2,0,0,2,Summer,SLO,2000.0,1071741046.23991,797.0,20159190701.6789,10135.7219109212,,75.4121951219512,1988925.0
25,2000,Switzerland,SUI,1,6,2,9,Summer,,,,,,,,,
25,2000,Indonesia,INA,1,3,2,6,Summer,INA,2000.0,2352916662.2592,15.53566933,165021012077.81,763.711124950924,,66.433,216077790.0
25,2000,Slovakia,SVK,1,3,1,5,Summer,,,,,,,,,
25,2000,Mexico,MEX,1,2,3,6,Summer,,,,,,,,,
25,2000,Nigeria,NGR,1,2,0,3,Summer,NGR,2000.0,538055760.119,17.65198708,69171451627.2465,547.318298903379,,47.193,126382494.0
25,2000,Algeria,ALG,1,1,3,5,Summer,ALG,2000.0,2326532097.93582,62.11769485,54790398570.3282,1772.92869122761,,70.478,30903893.0
25,2000,Uzbekistan,UZB,1,1,2,4,Summer,,,,,,,,,
25,2000,Latvia,LAT,1,1,1,3,Summer,LAT,2000.0,395296075.492453,182.0,7761252607.18424,3278.17896440803,,70.3146341463415,2367550.0
25,2000,Serbia and Montenegro,SCG,1,1,1,3,Summer,,,,,,,,,
25,2000,New Zealand,NZL,1,0,3,4,Summer,,,,,,,,,
25,2000,Estonia,EST,1,0,2,3,Summer,,,,,,,,,
25,2000,Thailand,THA,1,0,2,3,Summer,,,,,,,,,
25,2000,Croatia,CRO,1,0,1,2,Summer,CRO,2000.0,747017741.433164,371.0,22134411297.473,4953.65158789022,,72.8078048780488,4468302.0
25,2000,Cameroon,CMR,1,0,0,1,Summer,,,,,,,,,
25,2000,Colombia,COL,1,0,0,1,Summer,,,,,,,,,
25,2000,Mozambique,MOZ,1,0,0,1,Summer,,,,,,,,,
25,2000,Brazil,BRA,0,6,6,12,Summer,,,,,,,,,
25,2000,Jamaica,JAM,0,6,3,9,Summer,,,,,,,,,
25,2000,Belgium,BEL,0,2,3,5,Summer,,,,,,,,,
25,2000,South Africa,RSA,0,2,3,5,Summer,RSA,2000.0,7800439027.63771,237.82832336,151752757215.309,3217.84693448467,,58.47,47159719.0
25,2000,Argentina,ARG,0,2,2,4,Summer,,,,,,,,,
25,2000,Chinese Taipei,TPE,0,1,4,5,Summer,,,,,,,,,
25,2000,Morocco,MAR,0,1,4,5,Summer,,,,,,,,,
25,2000,Democratic People's Republic of Korea,PRK,0,1,3,4,Summer,,,,,,,,,
25,2000,Kingdom of Saudi Arabia,KSA,0,1,1,2,Summer,KSA,2000.0,13682998165.5796,370.42074585,189514933333.333,11714.5623675159,,72.467,16177722.0
25,2000,Republic of Moldova,MDA,0,1,1,2,Summer,,,,,,,,,
25,2000,Trinidad and Tobago,TTO,0,1,1,2,Summer,,,,,,,,,
25,2000,Ireland,IRL,0,1,0,1,Summer,,,,,,,,,
25,2000,Sri Lanka,SRI,0,1,0,1,Summer,SRI,2000.0,391375979.487904,44.0,16330814179.9766,846.460813304966,,70.355,19293054.0
25,2000,Uruguay,URU,0,1,0,1,Summer,URU,2000.0,523412022.868523,693.67926025,22823270892.1094,6987.70098766257,,75.025,3266206.0
25,2000,Vietnam,VIE,0,1,0,1,Summer,VIE,2000.0,919447519.88442,20.57923889,31172518403.3162,404.029784055118,,72.462,77154011.0
25,2000,Georgia,GEO,0,0,6,6,Summer,,,,,,,,,
25,2000,Costa Rica,CRC,0,0,2,2,Summer,CRC,2000.0,680431088.651975,247.70188904,15013629661.8969,3812.75388284924,,77.586,3937739.0
25,2000,Portugal,POR,0,0,2,2,Summer,POR,2000.0,5789900298.08422,995.0,118605192877.388,11526.3720667968,,76.3146341463415,10289898.0
25,2000,Armenia,ARM,0,0,1,1,Summer,,,,,,,,,
25,2000,Barbados,BAR,0,0,1,1,Summer,BAR,2000.0,128949225.0,616.37762451,3059500000.0,11674.6736471764,,74.089,262063.0
25,2000,Chile,CHI,0,0,1,1,Summer,,,,,,,,,
25,2000,Iceland,ISL,0,0,1,1,Summer,,,,,,,,,
25,2000,India,IND,0,0,1,1,Summer,,,,,,,,,
25,2000,Israel,ISR,0,0,1,1,Summer,,,,,,,,,
25,2000,Kuwait,KUW,0,0,1,1,Summer,KUW,2000.0,2303671794.69915,429.56253052,37718743480.0751,19296.3471698729,,76.722,1954709.0
25,2000,Kyrgyzstan,KGZ,0,0,1,1,Summer,,,,,,,,,
25,2000,North Macedonia,MKD,0,0,1,1,Summer,,,,,,,,,
25,2000,Qatar,QAT,0,0,1,1,Summer,,,,,,,,,
26,2004,United States,USA,36,39,26,101,Summer,,,,,,,,,
26,2004,People's Republic of China,CHN,32,17,14,63,Summer,,,,,,,,,
26,2004,Russian Federation,RUS,28,26,36,90,Summer,,,,,,,,,
26,2004,Australia,AUS,17,16,17,50,Summer,,,,,,,,,
26,2004,Japan,JPN,16,9,12,37,Summer,,,,,,,,,
26,2004,Germany,GER,13,16,20,49,Summer,GER,2004.0,116394359393.176,3459.82495117,2852317768061.78,34566.7359143735,,78.6804878048781,82516260.0
26,2004,France,FRA,11,9,13,33,Summer,,,,,,,,,
26,2004,Italy,ITA,10,11,11,32,Summer,,,,,,,,,
26,2004,Republic of Korea,KOR,9,12,9,30,Summer,,,,,,,,,
26,2004,Great Britain,GBR,9,9,12,30,Summer,,,,,,,,,
26,2004,Cuba,CUB,9,7,11,27,Summer,,,,,,,,,
26,2004,Hungary,HUN,8,6,3,17,Summer,,,,,,,,,
26,2004,Ukraine,UKR,8,5,9,22,Summer,,,,,,,,,
26,2004,Romania,ROU,8,5,6,19,Summer,,,,,,,,,
26,2004,Greece,GRE,6,6,4,16,Summer,GRE,2004.0,,1782.69592285,234979615898.225,21449.2552764245,,79.0390243902439,10955141.0
26,2004,Brazil,BRA,5,2,3,10,Summer,,,,,,,,,
26,2004,Norway,NOR,5,0,1,6,Summer,,,,,,,,,
26,2004,Netherlands,NED,4,9,9,22,Summer,NED,2004.0,29109991593.0153,3689.0,661224886143.245,40611.3414353091,,79.0951219512195,16281779.0
26,2004,Sweden,SWE,4,2,1,7,Summer,,,,,,,,,
26,2004,Spain,ESP,3,11,6,20,Summer,,,,,,,,,
26,2004,Canada,CAN,3,6,3,12,Summer,,,,,,,,,
26,2004,Türkiye,TUR,3,3,4,10,Summer,,,,,,,,,
26,2004,Poland,POL,3,2,5,10,Summer,,,,,,,,,
26,2004,New Zealand,NZL,3,2,0,5,Summer,,,,,,,,,
26,2004,Thailand,THA,3,1,4,8,Summer,,,,,,,,,
26,2004,Belarus,BLR,2,5,6,13,Summer,,,,,,,,,
26,2004,Austria,AUT,2,4,1,7,Summer,,,,,,,,,
26,2004,Ethiopia,ETH,2,3,2,7,Summer,,,,,,,,,
26,2004,Islamic Republic of Iran,IRI,2,2,2,6,Summer,IRI,2004.0,8613974478.53822,142.1769104,187754571246.703,2672.42266512669,,71.37,70256316.0
26,2004,Slovakia,SVK,2,2,2,6,Summer,,,,,,,,,
26,2004,Chinese Taipei,TPE,2,2,1,5,Summer,,,,,,,,,
26,2004,Georgia,GEO,2,2,0,4,Summer,,,,,,,,,
26,2004,Bulgaria,BUL,2,1,9,12,Summer,BUL,2004.0,587487497.758872,233.0,26157743368.8716,3389.68743360274,,72.5634146341463,7716860.0
26,2004,Denmark,DEN,2,1,5,8,Summer,DEN,2004.0,19505354609.3371,4195.0,251986155630.852,46625.050098011,,77.4926829268293,5404523.0
26,2004,Jamaica,JAM,2,1,2,5,Summer,,,,,,,,,
26,2004,Uzbekistan,UZB,2,1,2,5,Summer,,,,,,,,,
26,2004,Morocco,MAR,2,1,0,3,Summer,,,,,,,,,
26,2004,Argentina,ARG,2,0,4,6,Summer,,,,,,,,,
26,2004,Chile,CHI,2,0,1,3,Summer,,,,,,,,,
26,2004,Kazakhstan,KAZ,1,4,3,8,Summer,,,,,,,,,
26,2004,Kenya,KEN,1,4,2,7,Summer,,,,,,,,,
26,2004,Czechia,CZE,1,3,5,9,Summer,,,,,,,,,
26,2004,South Africa,RSA,1,3,2,6,Summer,RSA,2004.0,12549614754.6047,365.53488159,255806908594.573,5221.46333731721,,54.043,48991421.0
26,2004,Croatia,CRO,1,2,2,5,Summer,CRO,2004.0,1523555324.13628,635.0,41836292157.3335,9718.97322801967,,75.520243902439,4304600.0
26,2004,Lithuania,LTU,1,2,0,3,Summer,,,,,,,,,
26,2004,Egypt,EGY,1,1,3,5,Summer,,,,,,,,,
26,2004,Switzerland,SUI,1,1,3,5,Summer,,,,,,,,,
26,2004,Indonesia,INA,1,1,2,4,Summer,INA,2004.0,5608624479.76985,26.21132469,256836875295.452,1126.84004447173,,65.75,227926649.0
26,2004,Zimbabwe,ZIM,1,1,1,3,Summer,ZIM,2004.0,174604287.963953,,5805598400.0,469.484653598898,,44.502,12365896.0
26,2004,Azerbaijan,AZE,1,0,4,5,Summer,,,,,,,,,
26,2004,Belgium,BEL,1,0,2,3,Summer,,,,,,,,,
26,2004,Israel,ISR,1,0,1,2,Summer,,,,,,,,,
26,2004,The Bahamas,BAH,1,0,1,2,Summer,BAH,2004.0,341904233.32,1067.91625977,9055290000.0,26650.2934234303,,72.478,339782.0
26,2004,Cameroon,CMR,1,0,0,1,Summer,,,,,,,,,
26,2004,Dominican Republic,DOM,1,0,0,1,Summer,,,,,,,,,
26,2004,United Arab Emirates,UAE,1,0,0,1,Summer,UAE,2004.0,4216522112.81967,911.39276123,147824370319.946,33376.7152295209,,76.453,4428967.0
26,2004,Democratic People's Republic of Korea,PRK,0,4,1,5,Summer,,,,,,,,,
26,2004,Latvia,LAT,0,4,0,4,Summer,LAT,2004.0,639363007.568468,393.0,13827070378.5612,6109.73265186817,,72.0268292682927,2263122.0
26,2004,Mexico,MEX,0,3,1,4,Summer,,,,,,,,,
26,2004,Portugal,POR,0,2,1,3,Summer,POR,2004.0,9350130850.51285,1724.0,189382122532.169,18064.1580932987,,77.6707317073171,10483861.0
26,2004,Finland,FIN,0,2,0,2,Summer,,,,,,,,,
26,2004,Serbia and Montenegro,SCG,0,2,0,2,Summer,,,,,,,,,
26,2004,Slovenia,SLO,0,1,3,4,Summer,SLO,2004.0,1784928059.29248,1369.0,34156553313.4031,17103.8297783905,,77.2073170731707,1997012.0
26,2004,Estonia,EST,0,1,2,3,Summer,,,,,,,,,
26,2004,"Hong Kong, China",HKG,0,1,0,1,Summer,,,,,,,,,
26,2004,India,IND,0,1,0,1,Summer,,,,,,,,,
26,2004,Paraguay,PAR,0,1,0,1,Summer,PAR,2004.0,326185437.252259,87.64266968,9624440836.29309,1786.21533938543,,70.481,5388175.0
26,2004,Colombia,COL,0,0,2,2,Summer,,,,,,,,,
26,2004,Nigeria,NGR,0,0,2,2,Summer,NGR,2004.0,1070589615.87454,44.16435242,135764731645.611,962.48104194733,,48.767,141057045.0
26,2004,Venezuela,VEN,0,0,2,2,Summer,,,,,,,,,
26,2004,Eritrea,ERI,0,0,1,1,Summer,,,,,,,,,
26,2004,Mongolia,MGL,0,0,1,1,Summer,MGL,2004.0,81419503.1009552,32.62977219,1992066808.09598,794.154552001815,,64.796,2508412.0
26,2004,Syrian Arab Republic,SYR,0,0,1,1,Summer,,,,,,,,,
26,2004,Trinidad and Tobago,TTO,0,0,1,1,Summer,,,,,,,,,
53,2008,People's Republic of China,CHN,48,22,30,100,Summer,,,,,,,,,
53,2008,United States,USA,36,39,37,112,Summer,,,,,,,,,
53,2008,Russian Federation,RUS,24,13,23,60,Summer,,,,,,,,,
53,2008,Great Britain,GBR,19,13,19,51,Summer,,,,,,,,,
53,2008,Germany,GER,16,11,14,41,Summer,GER,2008.0,160684833300.654,4669.76025391,3808786022312.5,46386.3295924799,,79.7365853658537,82110097.0
53,2008,Australia,AUS,14,15,17,46,Summer,,,,,,,,,
53,2008,Republic of Korea,KOR,13,11,8,32,Summer,,,,,,,,,
53,2008,Japan,JPN,9,8,8,25,Summer,,,,,,,,,
53,2008,Italy,ITA,8,9,10,27,Summer,,,,,,,,,
53,2008,France,FRA,7,16,20,43,Summer,,,,,,,,,
53,2008,Netherlands,NED,7,5,4,16,Summer,NED,2008.0,41373615221.5797,5382.0,957901566041.406,58246.7026905874,,80.2512195121951,16445593.0
53,2008,Ukraine,UKR,7,4,11,22,Summer,,,,,,,,,
53,2008,Kenya,KEN,6,4,6,16,Summer,,,,,,,,,
53,2008,Spain,ESP,5,11,3,19,Summer,,,,,,,,,
53,2008,Jamaica,JAM,5,4,2,11,Summer,,,,,,,,,
53,2008,Poland,POL,4,5,2,11,Summer,,,,,,,,,
53,2008,Ethiopia,ETH,4,2,1,7,Summer,,,,,,,,,
53,2008,Romania,ROU,4,1,4,9,Summer,,,,,,,,,
53,2008,Cuba,CUB,3,10,17,30,Summer,,,,,,,,,
53,2008,Canada,CAN,3,9,8,20,Summer,,,,,,,,,
53,2008,Hungary,HUN,3,5,2,10,Summer,,,,,,,,,
53,2008,Norway,NOR,3,5,1,9,Summer,,,,,,,,,
53,2008,Brazil,BRA,3,4,10,17,Summer,,,,,,,,,
53,2008,Belarus,BLR,3,4,7,14,Summer,,,,,,,,,
53,2008,Czechia,CZE,3,3,1,7,Summer,,,,,,,,,
53,2008,Slovakia,SVK,3,3,0,6,Summer,,,,,,,,,
53,2008,New Zealand,NZL,3,2,4,9,Summer,,,,,,,,,
53,2008,Georgia,GEO,3,2,2,7,Summer,,,,,,,,,
53,2008,Kazakhstan,KAZ,2,3,4,9,Summer,,,,,,,,,
53,2008,Denmark,DEN,2,2,3,7,Summer,DEN,2008.0,25225516682.6857,6138.0,354979471960.142,64616.6657583663,,78.4463414634146,5493621.0
53,2008,Democratic People's Republic of Korea,PRK,2,2,2,6,Summer,,,,,,,,,
53,2008,Thailand,THA,2,2,2,6,Summer,,,,,,,,,
53,2008,Mongolia,MGL,2,2,0,4,Summer,MGL,2008.0,233605766.049771,97.28814697,5623216608.04288,2127.42678594737,,66.382,2643201.0
53,2008,Switzerland,SUI,2,1,4,7,Summer,,,,,,,,,
53,2008,Argentina,ARG,2,0,4,6,Summer,,,,,,,,,
53,2008,Mexico,MEX,2,0,2,4,Summer,,,,,,,,,
53,2008,Belgium,BEL,2,0,0,2,Summer,,,,,,,,,
53,2008,Zimbabwe,ZIM,1,3,0,4,Summer,ZIM,2008.0,42677619.0515497,,4415702800.0,340.740182862316,,46.723,12959149.0
53,2008,Slovenia,SLO,1,2,2,5,Summer,SLO,2008.0,2585603298.14196,2179.0,55509332322.3578,27461.9764165315,,78.7658536585366,2021316.0
53,2008,Azerbaijan,AZE,1,1,4,6,Summer,,,,,,,,,
53,2008,Indonesia,INA,1,1,4,6,Summer,INA,2008.0,13335808780.3573,59.79582214,510228634992.255,2124.55483920617,,68.226,240157903.0
53,2008,Bulgaria,BUL,1,1,3,5,Summer,BUL,2008.0,2073872027.52225,456.0,54480684188.4442,7271.30338858025,,72.9634146341463,7492561.0
53,2008,Türkiye,TUR,1,1,3,5,Summer,,,,,,,,,
53,2008,Chinese Taipei,TPE,1,1,2,4,Summer,,,,,,,,,
53,2008,Finland,FIN,1,1,2,4,Summer,,,,,,,,,
53,2008,Latvia,LAT,1,1,1,3,Summer,LAT,2008.0,1619748011.7632,914.0,34135200994.0067,15677.6080864506,,72.419512195122,2177322.0
53,2008,Dominican Republic,DOM,1,1,0,2,Summer,,,,,,,,,
53,2008,Estonia,EST,1,1,0,2,Summer,,,,,,,,,
53,2008,Portugal,POR,1,1,0,2,Summer,POR,2008.0,12118003247.4901,2392.0,263416394624.084,24949.0413566739,,78.5243902439025,10558177.0
53,2008,Trinidad and Tobago,TTO,1,1,0,2,Summer,,,,,,,,,
53,2008,India,IND,1,0,2,3,Summer,,,,,,,,,
53,2008,Islamic Republic of Iran,IRI,1,0,1,2,Summer,IRI,2008.0,15968514081.1034,297.50875854,406070949550.867,5377.41150725587,,72.624,75514204.0
53,2008,Cameroon,CMR,1,0,0,1,Summer,,,,,,,,,
53,2008,Panama,PAN,1,0,0,1,Summer,,,,,,,,,
53,2008,Tunisia,TUN,1,0,0,1,Summer,,,,,,,,,
53,2008,Sweden,SWE,0,4,1,5,Summer,,,,,,,,,
53,2008,Lithuania,LTU,0,3,2,5,Summer,,,,,,,,,
53,2008,Nigeria,NGR,0,3,2,5,Summer,NGR,2008.0,2755800669.26352,80.09986115,339476276257.793,2154.10543545364,,50.225,157595014.0
53,2008,Croatia,CRO,0,2,3,5,Summer,CRO,2008.0,2896937595.04987,1259.0,68478776205.9826,15889.4347074759,,75.9121951219512,4309705.0
53,2008,Colombia,COL,0,2,1,3,Summer,,,,,,,,,
53,2008,Greece,GRE,0,2,1,3,Summer,GRE,2008.0,10745400711.98,2840.50854492,351121399546.485,31695.8331092209,,79.9390243902439,11077841.0
53,2008,Armenia,ARM,0,1,4,5,Summer,,,,,,,,,
53,2008,Uzbekistan,UZB,0,1,3,4,Summer,,,,,,,,,
53,2008,Austria,AUT,0,1,2,3,Summer,,,,,,,,,
53,2008,Ireland,IRL,0,1,2,3,Summer,,,,,,,,,
53,2008,Kyrgyzstan,KGZ,0,1,2,3,Summer,,,,,,,,,
53,2008,Serbia,SRB,0,1,2,3,Summer,,,,,,,,,
53,2008,Algeria,ALG,0,1,1,2,Summer,ALG,2008.0,7579291097.18222,207.84881592,180383848331.135,5180.91881514686,,72.941,34816961.0
53,2008,Morocco,MAR,0,1,1,2,Summer,,,,,,,,,
53,2008,Tajikistan,TJK,0,1,1,2,Summer,,,,,,,,,
53,2008,The Bahamas,BAH,0,1,1,2,Summer,BAH,2008.0,400751159.2,1410.8215332,10526000000.0,29392.3824416397,,72.667,358120.0
53,2008,Chile,CHI,0,1,0,1,Summer,,,,,,,,,
53,2008,Ecuador,ECU,0,1,0,1,Summer,,,,,,,,,
53,2008,Iceland,ISL,0,1,0,1,Summer,,,,,,,,,
53,2008,Malaysia,MAS,0,1,0,1,Summer,MAS,2008.0,9085247803.49996,262.77999878,230811614370.384,8371.82156086005,,74.25,27570059.0
53,2008,Samoa,SAM,0,1,0,1,Summer,SAM,2008.0,,,560000000.0,10030.8089130902,,,55828.0
53,2008,Singapore,SGP,0,1,0,1,Summer,,,,,,,,,
53,2008,South Africa,RSA,0,1,0,1,Summer,RSA,2008.0,14960140011.4862,446.90435791,316131258616.309,6184.75474328399,,56.022,51114599.0
53,2008,Sudan,SUD,0,1,0,1,Summer,SUD,2008.0,,,14586253383.0632,1654.21153546555,,53.538,8817647.0
53,2008,Vietnam,VIE,0,1,0,1,Summer,VIE,2008.0,3566543769.06529,64.11656189,99130304099.1274,1163.83195772873,,73.411,85175788.0
53,2008,Egypt,EGY,0,0,2,2,Summer,,,,,,,,,
53,2008,Afghanistan,AFG,0,0,1,1,Summer,,,,,,,,,
53,2008,Israel,ISR,0,0,1,1,Summer,,,,,,,,,
53,2008,Mauritius,MRI,0,0,1,1,Summer,,,,,,,,,
53,2008,Republic of Moldova,MDA,0,0,1,1,Summer,,,,,,,,,
53,2008,Togo,TOG,0,0,1,1,Summer,TOG,2008.0,124401218.595695,27.6753788,4578849657.99813,718.948786366771,,56.695,6368812.0
53,2008,Venezuela,VEN,0,0,1,1,Summer,,,,,,,,,
54,2012,United States,USA,48,26,30,104,Summer,,,,,,,,,
54,2012,People's Republic of China,CHN,39,31,22,92,Summer,,,,,,,,,
54,2012,Great Britain,GBR,29,18,18,65,Summer,,,,,,,,,
54,2012,Russian Federation,RUS,18,21,26,65,Summer,,,,,,,,,
54,2012,Republic of Korea,KOR,13,9,8,30,Summer,,,,,,,,,
54,2012,Germany,GER,11,20,13,44,Summer,GER,2012.0,168669762608.693,4765.67871094,3597896500945.31,44735.5882319701,,80.5390243902439,80425823.0
54,2012,France,FRA,11,11,13,35,Summer,,,,,,,,,
54,2012,Australia,AUS,8,15,12,35,Summer,,,,,,,,,
54,2012,Italy,ITA,8,9,11,28,Summer,,,,,,,,,
54,2012,Hungary,HUN,8,4,6,18,Summer,,,,,,,,,
54,2012,Japan,JPN,7,14,17,38,Summer,,,,,,,,,
54,2012,Islamic Republic of Iran,IRI,7,5,1,13,Summer,IRI,2012.0,20879309783.4203,513.45483398,644019315003.54,8114.08099831877,,74.186,79370580.0
54,2012,Netherlands,NED,6,6,8,20,Summer,NED,2012.0,45212268391.9875,5285.0,845689017065.625,50473.9442002689,,81.1048780487805,16754962.0
54,2012,New Zealand,NZL,6,2,5,13,Summer,,,,,,,,,
54,2012,Ukraine,UKR,5,4,10,19,Summer,,,,,,,,,
54,2012,Cuba,CUB,5,3,7,15,Summer,,,,,,,,,
54,2012,Spain,ESP,4,10,6,20,Summer,,,,,,,,,
54,2012,Jamaica,JAM,4,5,4,13,Summer,,,,,,,,,
54,2012,Czechia,CZE,4,4,3,11,Summer,,,,,,,,,
54,2012,South Africa,RSA,4,1,1,6,Summer,RSA,2012.0,26469795879.8219,654.25469971,434400545085.811,8076.97678479741,,61.846,53782567.0
54,2012,Democratic People's Republic of Korea,PRK,4,0,3,7,Summer,,,,,,,,,
54,2012,Brazil,BRA,3,5,9,17,Summer,,,,,,,,,
54,2012,Poland,POL,3,2,6,11,Summer,,,,,,,,,
54,2012,Ethiopia,ETH,3,2,3,8,Summer,,,,,,,,,
54,2012,Kazakhstan,KAZ,3,1,7,11,Summer,,,,,,,,,
54,2012,Croatia,CRO,3,1,2,6,Summer,CRO,2012.0,2392480710.66595,1030.0,57551963753.2104,13508.6836989693,,76.9243902439024,4260368.0
54,2012,Canada,CAN,2,6,10,18,Summer,,,,,,,,,
54,2012,Belarus,BLR,2,5,3,10,Summer,,,,,,,,,
54,2012,Kenya,KEN,2,4,7,13,Summer,,,,,,,,,
54,2012,Denmark,DEN,2,4,3,9,Summer,DEN,2012.0,21558468255.2945,6168.0,326792574244.963,58443.7747103968,,80.0512195121951,5591572.0
54,2012,Romania,ROU,2,4,1,7,Summer,,,,,,,,,
54,2012,Azerbaijan,AZE,2,2,5,9,Summer,,,,,,,,,
54,2012,Switzerland,SUI,2,2,0,4,Summer,,,,,,,,,
54,2012,Norway,NOR,2,1,1,4,Summer,,,,,,,,,
54,2012,Lithuania,LTU,2,0,3,5,Summer,,,,,,,,,
54,2012,Tunisia,TUN,2,0,1,3,Summer,,,,,,,,,
54,2012,Sweden,SWE,1,4,3,8,Summer,,,,,,,,,
54,2012,Colombia,COL,1,3,5,9,Summer,,,,,,,,,
54,2012,Mexico,MEX,1,3,4,8,Summer,,,,,,,,,
54,2012,Georgia,GEO,1,2,3,6,Summer,,,,,,,,,
54,2012,Ireland,IRL,1,1,4,6,Summer,,,,,,,,,
54,2012,Argentina,ARG,1,1,2,4,Summer,,,,,,,,,
54,2012,Serbia,SRB,1,1,2,4,Summer,,,,,,,,,
54,2012,Slovenia,SLO,1,1,2,4,Summer,SLO,2012.0,2457643131.97923,1975.0,46167053954.3367,22442.1417859955,,80.1243902439024,2057159.0
54,2012,Trinidad and Tobago,TTO,1,1,2,4,Summer,,,,,,,,,
54,2012,Türkiye,TUR,1,1,1,3,Summer,,,,,,,,,
54,2012,Dominican Republic,DOM,1,1,0,2,Summer,,,,,,,,,
54,2012,Chinese Taipei,TPE,1,0,1,2,Summer,,,,,,,,,
54,2012,Latvia,LAT,1,0,1,2,Summer,LAT,2012.0,1623660824.48733,746.0,27116149948.6683,13329.3499931271,,73.7780487804878,2034319.0
54,2012,Algeria,ALG,1,0,0,1,Summer,ALG,2012.0,9220803680.5866,336.67266846,227143746075.934,6033.64884689543,,74.202,37646166.0
54,2012,Bahrain,BRN,1,0,0,1,Summer,,,,,,,,,
54,2012,Grenada,GRN,1,0,0,1,Summer,GRN,2012.0,28709998.6111111,401.84506226,799881481.481481,7092.71985352677,,75.042,112775.0
54,2012,The Bahamas,BAH,1,0,0,1,Summer,BAH,2012.0,400931432.4,1492.44909668,10720400000.0,28552.0242683151,,72.753,375469.0
54,2012,Uganda,UGA,1,0,0,1,Summer,,,,,,,,,
54,2012,Venezuela,VEN,1,0,0,1,Summer,,,,,,,,,
54,2012,Egypt,EGY,0,3,1,4,Summer,,,,,,,,,
54,2012,India,IND,0,2,4,6,Summer,,,,,,,,,
54,2012,Mongolia,MGL,0,2,3,5,Summer,MGL,2012.0,732791136.063262,169.84095764,12292770631.565,4328.89001905655,,68.111,2839705.0
54,2012,Thailand,THA,0,2,2,4,Summer,,,,,,,,,
54,2012,Bulgaria,BUL,0,2,1,3,Summer,BUL,2012.0,1912759791.72142,559.0,54288135058.7926,7430.7373804242,,74.3146341463415,7305888.0
54,2012,Finland,FIN,0,2,1,3,Summer,,,,,,,,,
54,2012,Indonesia,INA,0,2,1,3,Summer,INA,2012.0,27204824728.5807,106.90163422,917869913364.917,3632.272540431,,68.973,252698525.0
54,2012,Slovakia,SVK,0,1,3,4,Summer,,,,,,,,,
54,2012,Belgium,BEL,0,1,2,3,Summer,,,,,,,,,
54,2012,Armenia,ARM,0,1,1,2,Summer,,,,,,,,,
54,2012,Estonia,EST,0,1,1,2,Summer,,,,,,,,,
54,2012,Malaysia,MAS,0,1,1,2,Summer,MAS,2012.0,16159985849.1441,371.79330444,314443047642.111,10600.5744240026,,74.944,29662831.0
54,2012,Puerto Rico,PUR,0,1,1,2,Summer,PUR,2012.0,6237158832.49844,,101564800000.0,27944.7338937424,,78.461,3634488.0
54,2012,Qatar,QAT,0,1,1,2,Summer,,,,,,,,,
54,2012,Botswana,BOT,0,1,0,1,Summer,BOT,2012.0,1342804984.51149,405.96008301,13907464500.1489,6595.53845015424,,60.8,2108617.0
54,2012,Cyprus,CYP,0,1,0,1,Summer,,,,,,,,,
54,2012,Gabon,GAB,0,1,0,1,Summer,,,,,,,,,
54,2012,Guatemala,GUA,0,1,0,1,Summer,,,,,,,,,
54,2012,Montenegro,MNE,0,1,0,1,Summer,,,,,,,,,
54,2012,Portugal,POR,0,1,0,1,Summer,POR,2012.0,9582819970.94201,1980.0,216536676771.973,20593.4274224109,,80.3731707317073,10514844.0
54,2012,Uzbekistan,UZB,0,0,3,3,Summer,,,,,,,,,
54,2012,Greece,GRE,0,0,2,2,Summer,GRE,2012.0,7633055141.52202,1948.24853516,238841140018.233,21624.346052551,,80.6341463414634,11045011.0
54,2012,Singapore,SGP,0,0,2,2,Summer,,,,,,,,,
54,2012,Afghanistan,AFG,0,0,1,1,Summer,,,,,,,,,
54,2012,Cameroon,CMR,0,0,1,1,Summer,,,,,,,,,
54,2012,"Hong Kong, China",HKG,0,0,1,1,Summer,,,,,,,,,
54,2012,Kingdom of Saudi Arabia,KSA,0,0,1,1,Summer,KSA,2012.0,53678188668.8235,959.83081055,741849866666.667,28348.5730107499,,76.461,26168861.0
54,2012,Kuwait,KUW,0,0,1,1,Summer,KUW,2012.0,5844720507.32405,1196.20715332,174047662555.419,52155.2225460479,,78.812,3337109.0
54,2012,Morocco,MAR,0,0,1,1,Summer,,,,,,,,,
54,2012,Tajikistan,TJK,0,0,1,1,Summer,,,,,,,,,
54,2012,Vietnam,VIE,0,0,1,1,Summer,VIE,2012.0,8626003104.04607,109.55066681,195590661129.249,2185.11767654291,,73.704,89510356.0
59,2016,United States,USA,46,37,38,121,Summer,,,,,,,,,
59,2016,Great Britain,GBR,27,23,17,67,Summer,,,,,,,,,
59,2016,People's Republic of China,CHN,26,18,26,70,Summer,,,,,,,,,
59,2016,Russian Federation,RUS,19,17,20,56,Summer,,,,,,,,,
59,2016,Germany,GER,17,10,15,42,Summer,GER,2016.0,156629619368.106,4746.87011719,3537784107980.55,42961.0356905775,,80.990243902439,82348669.0
59,2016,Japan,JPN,12,8,21,41,Summer,,,,,,,,,
59,2016,France,FRA,10,18,14,42,Summer,,,,,,,,,
59,2016,Republic of Korea,KOR,9,3,9,21,Summer,,,,,,,,,
59,2016,Italy,ITA,8,12,8,28,Summer,,,,,,,,,
59,2016,Australia,AUS,8,11,10,29,Summer,,,,,,,,,
59,2016,Netherlands,NED,8,7,4,19,Summer,NED,2016.0,38314617495.9422,4644.0,797163949289.885,46808.5291492503,,81.5609756097561,17030314.0
59,2016,Hungary,HUN,8,3,4,15,Summer,,,,,,,,,
59,2016,Brazil,BRA,7,6,6,19,Summer,,,,,,,,,
59,2016,Spain,ESP,7,4,6,17,Summer,,,,,,,,,
59,2016,Kenya,KEN,6,6,1,13,Summer,,,,,,,,,
59,2016,Jamaica,JAM,6,3,2,11,Summer,,,,,,,,,
59,2016,Croatia,CRO,5,3,2,10,Summer,CRO,2016.0,2160234580.11944,841.0,52654855638.1057,12821.1738140304,,78.0219512195122,4106867.0
59,2016,Cuba,CUB,5,2,4,11,Summer,,,,,,,,,
59,2016,New Zealand,NZL,4,9,5,18,Summer,,,,,,,,,
59,2016,Canada,CAN,4,3,15,22,Summer,,,,,,,,,
59,2016,Uzbekistan,UZB,4,2,7,13,Summer,,,,,,,,,
59,2016,Colombia,COL,3,2,3,8,Summer,,,,,,,,,
59,2016,Switzerland,SUI,3,2,2,7,Summer,,,,,,,,,
59,2016,Islamic Republic of Iran,IRI,3,1,4,8,Summer,IRI,2016.0,14780360544.1977,447.13925171,459042684192.698,5477.03712389913,,75.6,83812228.0
59,2016,Greece,GRE,3,1,2,6,Summer,GRE,2016.0,6756997762.92378,1513.25915527,193097239005.87,17919.2426377048,,81.3878048780488,10775971.0
59,2016,Argentina,ARG,3,1,0,4,Summer,,,,,,,,,
59,2016,Denmark,DEN,2,6,7,15,Summer,DEN,2016.0,21350966181.8508,5624.0,312181849372.233,54500.9260410217,,80.8536585365854,5728010.0
59,2016,Sweden,SWE,2,6,3,11,Summer,,,,,,,,,
59,2016,South Africa,RSA,2,6,2,10,Summer,RSA,2016.0,16675814454.5953,463.34463501,323585509674.481,5651.20585165749,,64.747,57259551.0
59,2016,Kazakhstan,KAZ,2,5,10,17,Summer,,,,,,,,,
59,2016,Ukraine,UKR,2,5,4,11,Summer,,,,,,,,,
59,2016,Serbia,SRB,2,4,2,8,Summer,,,,,,,,,
59,2016,Poland,POL,2,3,6,11,Summer,,,,,,,,,
59,2016,Democratic People's Republic of Korea,PRK,2,3,2,7,Summer,,,,,,,,,
59,2016,Belgium,BEL,2,2,2,6,Summer,,,,,,,,,
59,2016,Thailand,THA,2,2,2,6,Summer,,,,,,,,,
59,2016,Slovakia,SVK,2,2,0,4,Summer,,,,,,,,,
59,2016,Georgia,GEO,2,1,4,7,Summer,,,,,,,,,
59,2016,Azerbaijan,AZE,1,7,10,18,Summer,,,,,,,,,
59,2016,Belarus,BLR,1,4,4,9,Summer,,,,,,,,,
59,2016,Türkiye,TUR,1,3,4,8,Summer,,,,,,,,,
59,2016,Armenia,ARM,1,3,0,4,Summer,,,,,,,,,
59,2016,Czechia,CZE,1,2,7,10,Summer,,,,,,,,,
59,2016,Ethiopia,ETH,1,2,5,8,Summer,,,,,,,,,
59,2016,Slovenia,SLO,1,2,1,4,Summer,SLO,2016.0,1871879916.95199,1835.0,44290685824.0682,21447.8377796036,,81.1756097560976,2065042.0
59,2016,Indonesia,INA,1,2,0,3,Summer,INA,2016.0,29467341923.5804,107.52870941,931877364034.196,3521.46943456251,,69.798,264627418.0
59,2016,Romania,ROU,1,1,2,4,Summer,,,,,,,,,
59,2016,Bahrain,BRN,1,1,0,2,Summer,,,,,,,,,
59,2016,Vietnam,VIE,1,1,0,2,Summer,VIE,2016.0,11106764890.1756,134.44548035,257096001177.982,2735.0604380416,,73.938,94000117.0
59,2016,Chinese Taipei,TPE,1,0,2,3,Summer,,,,,,,,,
59,2016,Côte d'Ivoire,CIV,1,0,1,2,Summer,,,,,,,,,
59,2016,Independent Olympic Athletes,IOA,1,0,1,2,Summer,,,,,,,,,
59,2016,The Bahamas,BAH,1,0,1,2,Summer,BAH,2016.0,437055113.2,1698.39001465,11745100000.0,30266.5859220987,,73.537,388055.0
59,2016,Fiji,FIJ,1,0,0,1,Summer,FIJ,2016.0,184341901.862634,176.06861877,4930213634.35692,5363.79025590254,,67.24,919166.0
59,2016,Jordan,JOR,1,0,0,1,Summer,,,,,,,,,
59,2016,Kosovo,KOS,1,0,0,1,Summer,KOS,2016.0,,,6682677289.98994,3759.44959067104,,78.981,1777568.0
59,2016,Puerto Rico,PUR,1,0,0,1,Summer,PUR,2016.0,6036188695.10098,,104336700000.0,30627.1634017011,,80.27,3406672.0
59,2016,Singapore,SGP,1,0,0,1,Summer,,,,,,,,,
59,2016,Tajikistan,TJK,1,0,0,1,Summer,,,,,,,,,
59,2016,Malaysia,MAS,0,4,1,5,Summer,MAS,2016.0,13160047157.0346,353.64028931,301256033870.334,9476.53409809923,,75.289,31789685.0
59,2016,Mexico,MEX,0,3,2,5,Summer,,,,,,,,,
59,2016,Venezuela,VEN,0,2,1,3,Summer,,,,,,,,,
59,2016,Algeria,ALG,0,2,0,2,Summer,ALG,2016.0,7079343624.77869,261.40023804,180763839522.151,4424.98529027556,,75.732,40850721.0
59,2016,Ireland,IRL,0,2,0,2,Summer,,,,,,,,,
59,2016,Lithuania,LTU,0,1,3,4,Summer,,,,,,,,,
59,2016,Bulgaria,BUL,0,1,2,3,Summer,BUL,2016.0,2063851350.95668,562.0,53964253211.84,7570.93165511708,,74.8121951219512,7127822.0
59,2016,India,IND,0,1,1,2,Summer,,,,,,,,,
59,2016,Mongolia,MGL,0,1,1,2,Summer,MGL,2016.0,500245993.781665,169.03985596,11181350649.3573,3619.90026383792,,69.865,3088856.0
59,2016,Burundi,BDI,0,1,0,1,Summer,,,,,,,,,
59,2016,Grenada,GRN,0,1,0,1,Summer,GRN,2016.0,36173140.2777778,392.77981567,1061640740.74074,9221.23461079424,,74.762,115130.0
59,2016,Niger,NIG,0,1,0,1,Summer,NIG,2016.0,291694018.538744,22.42886543,10398861981.7583,502.706475406446,,61.629,20685753.0
59,2016,Philippines,PHI,0,1,0,1,Summer,PHI,2016.0,6513828318.88488,120.0,318627003012.52,2985.19564020101,,71.387,106735719.0
59,2016,Qatar,QAT,0,1,0,1,Summer,,,,,,,,,
59,2016,Norway,NOR,0,0,4,4,Summer,,,,,,,,,
59,2016,Egypt,EGY,0,0,3,3,Summer,,,,,,,,,
59,2016,Tunisia,TUN,0,0,3,3,Summer,,,,,,,,,
59,2016,Israel,ISR,0,0,2,2,Summer,,,,,,,,,
59,2016,Austria,AUT,0,0,1,1,Summer,,,,,,,,,
59,2016,Dominican Republic,DOM,0,0,1,1,Summer,,,,,,,,,
59,2016,Estonia,EST,0,0,1,1,Summer,,,,,,,,,
59,2016,Finland,FIN,0,0,1,1,Summer,,,,,,,,,
59,2016,Morocco,MAR,0,0,1,1,Summer,,,,,,,,,
59,2016,Nigeria,NGR,0,0,1,1,Summer,NGR,2016.0,3365576495.33793,78.23602295,404649125252.16,2070.4127339595,,52.043,195443700.0
59,2016,Portugal,POR,0,0,1,1,Summer,POR,2016.0,9795753270.92484,1875.0,206305431241.638,19980.2808866516,,81.1243902439025,10325452.0
59,2016,Trinidad and Tobago,TTO,0,0,1,1,Summer,,,,,,,,,
59,2016,United Arab Emirates,UAE,0,0,1,1,Summer,UAE,2016.0,10541905780.7869,1599.4029541,369255326235.771,41326.4018161834,,79.335,8935095.0
61,2020,United States,USA,39,41,33,113,Summer,,,,,,,,,
61,2020,People's Republic of China,CHN,38,32,19,89,Summer,,,,,,,,,
61,2020,Japan,JPN,27,14,17,58,Summer,,,,,,,,,
61,2020,Great Britain,GBR,22,20,22,64,Summer,,,,,,,,,
61,2020,ROC,ROC,20,28,23,71,Summer,,,,,,,,,
61,2020,Australia,AUS,17,7,22,46,Summer,,,,,,,,,
61,2020,Netherlands,NED,10,12,14,36,Summer,NED,2020.0,41361371896.197,5858.0,932560861701.17,53467.9277413737,0.789915025234222,81.3585365853659,17441500.0
61,2020,France,FRA,10,12,11,33,Summer,,,,,,,,,
61,2020,Germany,GER,10,11,16,37,Summer,GER,2020.0,181528284214.998,5936.25146484,3940142541354.1,47379.765194548,0.751162469387054,81.0414634146342,83160871.0
61,2020,Italy,ITA,10,10,20,40,Summer,,,,,,,,,
61,2020,Canada,CAN,7,7,10,24,Summer,,,,,,,,,
61,2020,Brazil,BRA,7,6,8,21,Summer,,,,,,,,,
61,2020,New Zealand,NZL,7,6,7,20,Summer,,,,,,,,,
61,2020,Cuba,CUB,7,3,5,15,Summer,,,,,,,,,
61,2020,Hungary,HUN,6,7,7,20,Summer,,,,,,,,,
61,2020,Republic of Korea,KOR,6,4,10,20,Summer,,,,,,,,,
61,2020,Poland,POL,4,5,5,14,Summer,,,,,,,,,
61,2020,Czechia,CZE,4,4,3,11,Summer,,,,,,,,,
61,2020,Kenya,KEN,4,4,2,10,Summer,,,,,,,,,
61,2020,Norway,NOR,4,2,2,8,Summer,,,,,,,,,
61,2020,Jamaica,JAM,4,1,4,9,Summer,,,,,,,,,
61,2020,Spain,ESP,3,8,6,17,Summer,,,,,,,,,
61,2020,Sweden,SWE,3,6,0,9,Summer,,,,,,,,,
61,2020,Switzerland,SUI,3,4,6,13,Summer,,,,,,,,,
61,2020,Denmark,DEN,3,4,4,11,Summer,DEN,2020.0,22885578118.0336,6442.0,355631021931.621,60985.4885601514,0.755094826221466,81.6024390243903,5831404.0
61,2020,Croatia,CRO,3,3,2,8,Summer,CRO,2020.0,2145631044.65084,1095.0,57963370885.0798,14808.4620188819,0.709693968296051,77.7243902439024,3914206.0
61,2020,Islamic Republic of Iran,IRI,3,2,2,7,Summer,IRI,2020.0,8000012360.41997,338.24972534,262186179355.944,2988.78122414716,0.593404471874237,74.832,87723443.0
61,2020,Serbia,SRB,3,1,5,9,Summer,,,,,,,,,
61,2020,Belgium,BEL,3,1,3,7,Summer,,,,,,,,,
61,2020,Bulgaria,BUL,3,1,2,6,Summer,BUL,2020.0,2754401226.86174,857.0,70716821234.5967,10198.5388313404,0.613898158073425,73.6585365853659,6934015.0
61,2020,Slovenia,SLO,3,1,1,5,Summer,SLO,2020.0,2472673066.21865,2417.0,53384760135.1581,25392.0651093612,0.774986982345581,80.5317073170732,2102419.0
61,2020,Uzbekistan,UZB,3,0,2,5,Summer,,,,,,,,,
61,2020,Georgia,GEO,2,5,1,8,Summer,,,,,,,,,
61,2020,Chinese Taipei,TPE,2,4,6,12,Summer,,,,,,,,,
61,2020,Türkiye,TUR,2,2,9,13,Summer,,,,,,,,,
61,2020,Greece,GRE,2,1,1,4,Summer,GRE,2020.0,5885864650.16207,1675.11706543,191362985554.861,17886.733165236,0.690006494522095,81.2878048780488,10698599.0
61,2020,Uganda,UGA,2,1,1,4,Summer,,,,,,,,,
61,2020,Ecuador,ECU,2,1,0,3,Summer,,,,,,,,,
61,2020,Ireland,IRL,2,0,2,4,Summer,,,,,,,,,
61,2020,Israel,ISR,2,0,2,4,Summer,,,,,,,,,
61,2020,Qatar,QAT,2,0,1,3,Summer,,,,,,,,,
61,2020,Kosovo,KOS,2,0,0,2,Summer,KOS,2020.0,,,7717145217.81247,4310.88824737367,0.567331731319427,76.567,1790152.0
61,2020,The Bahamas,BAH,2,0,0,2,Summer,BAH,2020.0,355176560.0,1824.87536621,9958200000.0,25155.6725432789,,72.677,395863.0
61,2020,Ukraine,UKR,1,6,12,19,Summer,,,,,,,,,
61,2020,Belarus,BLR,1,3,3,7,Summer,,,,,,,,,
61,2020,Romania,ROU,1,3,0,4,Summer,,,,,,,,,
61,2020,Venezuela,VEN,1,3,0,4,Summer,,,,,,,,,
61,2020,India,IND,1,2,4,7,Summer,,,,,,,,,
61,2020,"Hong Kong, China",HKG,1,2,3,6,Summer,,,,,,,,,
61,2020,Philippines,PHI,1,2,1,4,Summer,PHI,2020.0,7160649954.04333,166.0,361751145451.597,3227.57910235199,0.51596212387085,72.119,112081264.0
61,2020,Slovakia,SVK,1,2,1,4,Summer,,,,,,,,,
61,2020,South Africa,RSA,1,2,0,3,Summer,RSA,2020.0,20076912187.5333,492.20724487,337974655408.055,5580.60383075189,0.425453394651413,65.252,60562381.0
61,2020,Austria,AUT,1,1,5,7,Summer,,,,,,,,,
61,2020,Egypt,EGY,1,1,4,6,Summer,,,,,,,,,
61,2020,Indonesia,INA,1,1,3,5,Summer,INA,2020.0,33660668458.62,133.25634766,1059054842711.55,3853.70288778903,0.540038466453552,68.808,274814866.0
61,2020,Ethiopia,ETH,1,1,2,4,Summer,,,,,,,,,
61,2020,Portugal,POR,1,1,2,4,Summer,POR,2020.0,10343764359.6166,2346.0,229618773422.577,22299.4044062173,0.768949568271637,80.9756097560976,10297081.0
61,2020,Tunisia,TUN,1,1,0,2,Summer,,,,,,,,,
61,2020,Estonia,EST,1,0,1,2,Summer,,,,,,,,,
61,2020,Fiji,FIJ,1,0,1,2,Summer,FIJ,2020.0,165953532.358687,231.98277283,4432466237.09588,4844.42129036462,0.508573293685913,67.924,914963.0
61,2020,Latvia,LAT,1,0,1,2,Summer,LAT,2020.0,1318639253.96367,1313.0,33379927434.6149,17564.2321549354,0.70658141374588,75.1853658536585,1900449.0
61,2020,Thailand,THA,1,0,1,2,Summer,,,,,,,,,
61,2020,Bermuda,BER,1,0,0,1,Summer,BER,2020.0,101267131.965769,,6887147000.0,106973.175732348,,81.136,64382.0
61,2020,Morocco,MAR,1,0,0,1,Summer,,,,,,,,,
61,2020,Puerto Rico,PUR,1,0,0,1,Summer,PUR,2020.0,6081340309.75501,,103130900000.0,31427.4291136799,,78.041,3281557.0
61,2020,Colombia,COL,0,4,1,5,Summer,,,,,,,,,
61,2020,Azerbaijan,AZE,0,3,4,7,Summer,,,,,,,,,
61,2020,Dominican Republic,DOM,0,3,2,5,Summer,,,,,,,,,
61,2020,Armenia,ARM,0,2,2,4,Summer,,,,,,,,,
61,2020,Kyrgyzstan,KGZ,0,2,1,3,Summer,,,,,,,,,
61,2020,Mongolia,MGL,0,1,3,4,Summer,MGL,2020.0,551501645.879685,188.57124329,13312981429.0891,4001.25193077703,0.614397525787354,72.141,3327204.0
61,2020,Argentina,ARG,0,1,2,3,Summer,,,,,,,,,
61,2020,San Marino,SMR,0,1,2,3,Summer,,,,,,,,,
61,2020,Jordan,JOR,0,1,1,2,Summer,,,,,,,,,
61,2020,Malaysia,MAS,0,1,1,2,Summer,MAS,2020.0,12845603667.6934,414.96350098,337456163961.211,9957.52626697613,0.610976159572601,75.938,33889558.0
61,2020,Nigeria,NGR,0,1,1,2,Summer,NGR,2020.0,3539652396.23417,69.76184845,432198898467.795,2019.65706326224,0.360609829425812,52.887,213996181.0
61,2020,Bahrain,BRN,0,1,0,1,Summer,,,,,,,,,
61,2020,Kingdom of Saudi Arabia,KSA,0,1,0,1,Summer,KSA,2020.0,51539005238.603,1355.71655273,734271200000.0,23271.4037647084,0.576390504837036,76.239,31552510.0
61,2020,Lithuania,LTU,0,1,0,1,Summer,,,,,,,,,
61,2020,Namibia,NAM,0,1,0,1,Summer,,,,,,,,,
61,2020,North Macedonia,MKD,0,1,0,1,Summer,,,,,,,,,
61,2020,Turkmenistan,TKM,0,1,0,1,Summer,,,,,,,,,
61,2020,Kazakhstan,KAZ,0,0,8,8,Summer,,,,,,,,,
61,2020,Mexico,MEX,0,0,4,4,Summer,,,,,,,,,
61,2020,Finland,FIN,0,0,2,2,Summer,,,,,,,,,
61,2020,Botswana,BOT,0,0,1,1,Summer,BOT,2020.0,1391790503.1616,358.90551758,14960291105.9316,6323.31419156209,0.414028495550156,65.647,2365894.0
61,2020,Burkina Faso,BUR,0,0,1,1,Summer,,,,,,,,,
61,2020,Côte d'Ivoire,CIV,0,0,1,1,Summer,,,,,,,,,
61,2020,Ghana,GHA,0,0,1,1,Summer,,,,,,,,,
61,2020,Grenada,GRN,0,0,1,1,Summer,GRN,2020.0,36409136.1111111,469.00775146,1043411111.11111,8968.55890108484,0.565070509910584,74.924,116341.0
61,2020,Kuwait,KUW,0,0,1,1,Summer,KUW,2020.0,,1542.32263184,111045470461.207,25236.0755520534,0.562588036060333,76.92,4400267.0
61,2020,Republic of Moldova,MDA,0,0,1,1,Summer,,,,,,,,,
61,2020,Syrian Arab Republic,SYR,0,0,1,1,Summer,,,,,,,,,
29,1924,Norway,NOR,4,7,6,17,Winter,,,,,,,,,
29,1924,Finland,FIN,4,4,3,11,Winter,,,,,,,,,
29,1924,Austria,AUT,2,1,0,3,Winter,,,,,,,,,
29,1924,Switzerland,SUI,2,0,1,3,Winter,,,,,,,,,
29,1924,United States,USA,1,2,1,4,Winter,,,,,,,,,
29,1924,Great Britain,GBR,1,1,2,4,Winter,,,,,,,,,
29,1924,Sweden,SWE,1,1,0,2,Winter,,,,,,,,,
29,1924,Canada,CAN,1,0,0,1,Winter,,,,,,,,,
29,1924,Mixed team,MIX,1,0,0,1,Winter,,,,,,,,,
29,1924,France,FRA,0,0,3,3,Winter,,,,,,,,,
29,1924,Belgium,BEL,0,0,1,1,Winter,,,,,,,,,
30,1928,Norway,NOR,6,4,5,15,Winter,,,,,,,,,
30,1928,United States,USA,2,2,2,6,Winter,,,,,,,,,
30,1928,Sweden,SWE,2,2,1,5,Winter,,,,,,,,,
30,1928,Finland,FIN,2,1,1,4,Winter,,,,,,,,,
30,1928,Canada,CAN,1,0,0,1,Winter,,,,,,,,,
30,1928,France,FRA,1,0,0,1,Winter,,,,,,,,,
30,1928,Austria,AUT,0,3,1,4,Winter,,,,,,,,,
30,1928,Belgium,BEL,0,0,1,1,Winter,,,,,,,,,
30,1928,Czechoslovakia,TCH,0,0,1,1,Winter,,,,,,,,,
30,1928,Germany,GER,0,0,1,1,Winter,,,,,,,,,
30,1928,Great Britain,GBR,0,0,1,1,Winter,,,,,,,,,
30,1928,Switzerland,SUI,0,0,1,1,Winter,,,,,,,,,
31,1932,United States,USA,6,4,2,12,Winter,,,,,,,,,
31,1932,Norway,NOR,3,4,3,10,Winter,,,,,,,,,
31,1932,Sweden,SWE,1,2,0,3,Winter,,,,,,,,,
31,1932,Canada,CAN,1,1,5,7,Winter,,,,,,,,,
31,1932,Finland,FIN,1,1,1,3,Winter,,,,,,,,,
31,1932,Austria,AUT,1,1,0,2,Winter,,,,,,,,,
31,1932,France,FRA,1,0,0,1,Winter,,,,,,,,,
31,1932,Switzerland,SUI,0,1,0,1,Winter,,,,,,,,,
31,1932,Germany,GER,0,0,2,2,Winter,,,,,,,,,
31,1932,Hungary,HUN,0,0,1,1,Winter,,,,,,,,,
32,1936,Norway,NOR,7,5,3,15,Winter,,,,,,,,,
32,1936,Germany,GER,3,3,0,6,Winter,,,,,,,,,
32,1936,Sweden,SWE,2,2,3,7,Winter,,,,,,,,,
32,1936,Finland,FIN,1,2,3,6,Winter,,,,,,,,,
32,1936,Switzerland,SUI,1,2,0,3,Winter,,,,,,,,,
32,1936,Austria,AUT,1,1,2,4,Winter,,,,,,,,,
32,1936,Great Britain,GBR,1,1,1,3,Winter,,,,,,,,,
32,1936,United States,USA,1,0,3,4,Winter,,,,,,,,,
32,1936,Canada,CAN,0,1,0,1,Winter,,,,,,,,,
32,1936,France,FRA,0,0,1,1,Winter,,,,,,,,,
32,1936,Hungary,HUN,0,0,1,1,Winter,,,,,,,,,
33,1948,Norway,NOR,4,3,3,10,Winter,,,,,,,,,
33,1948,Sweden,SWE,4,3,3,10,Winter,,,,,,,,,
33,1948,Switzerland,SUI,3,4,3,10,Winter,,,,,,,,,
33,1948,United States,USA,3,4,2,9,Winter,,,,,,,,,
33,1948,France,FRA,2,1,2,5,Winter,,,,,,,,,
33,1948,Canada,CAN,2,0,1,3,Winter,,,,,,,,,
33,1948,Austria,AUT,1,3,4,8,Winter,,,,,,,,,
33,1948,Finland,FIN,1,3,2,6,Winter,,,,,,,,,
33,1948,Belgium,BEL,1,1,0,2,Winter,,,,,,,,,
33,1948,Italy,ITA,1,0,0,1,Winter,,,,,,,,,
33,1948,Czechoslovakia,TCH,0,1,0,1,Winter,,,,,,,,,
33,1948,Hungary,HUN,0,1,0,1,Winter,,,,,,,,,
33,1948,Great Britain,GBR,0,0,2,2,Winter,,,,,,,,,
34,1952,Norway,NOR,7,3,6,16,Winter,,,,,,,,,
34,1952,United States,USA,4,6,1,11,Winter,,,,,,,,,
34,1952,Finland,FIN,3,4,2,9,Winter,,,,,,,,,
34,1952,Germany,GER,3,2,2,7,Winter,,,,,,,,,
34,1952,Austria,AUT,2,4,2,8,Winter,,,,,,,,,
34,1952,Canada,CAN,1,0,1,2,Winter,,,,,,,,,
34,1952,Italy,ITA,1,0,1,2,Winter,,,,,,,,,
34,1952,Great Britain,GBR,1,0,0,1,Winter,,,,,,,,,
34,1952,Netherlands,NED,0,3,0,3,Winter,,,,,,,,,
34,1952,Sweden,SWE,0,0,4,4,Winter,,,,,,,,,
34,1952,Switzerland,SUI,0,0,2,2,Winter,,,,,,,,,
34,1952,France,FRA,0,0,1,1,Winter,,,,,,,,,
34,1952,Hungary,HUN,0,0,1,1,Winter,,,,,,,,,
35,1956,Soviet Union,URS,7,3,6,16,Winter,,,,,,,,,
35,1956,Austria,AUT,4,3,4,11,Winter,,,,,,,,,
35,1956,Finland,FIN,3,3,1,7,Winter,,,,,,,,,
35,1956,Switzerland,SUI,3,2,1,6,Winter,,,,,,,,,
35,1956,Sweden,SWE,2,4,4,10,Winter,,,,,,,,,
35,1956,United States,USA,2,3,2,7,Winter,,,,,,,,,
35,1956,Norway,NOR,2,1,1,4,Winter,,,,,,,,,
35,1956,Italy,ITA,1,2,0,3,Winter,,,,,,,,,
35,1956,Germany,GER,1,0,1,2,Winter,,,,,,,,,
35,1956,Canada,CAN,0,1,2,3,Winter,,,,,,,,,
35,1956,Japan,JPN,0,1,0,1,Winter,,,,,,,,,
35,1956,Hungary,HUN,0,0,1,1,Winter,,,,,,,,,
35,1956,Poland,POL,0,0,1,1,Winter,,,,,,,,,
36,1960,Soviet Union,URS,7,5,9,21,Winter,URS,1960.0,,,,,,67.4652195121951,119897000.0
36,1960,Germany,GER,4,3,1,8,Winter,GER,1960.0,,,84619845881.2608,1162.12266831735,,69.0640731707317,72814900.0
36,1960,United States,USA,3,4,3,10,Winter,,,,,,,,,
36,1960,Norway,NOR,3,3,0,6,Winter,,,,,,,,,
36,1960,Sweden,SWE,3,2,2,7,Winter,,,,,,,,,
36,1960,Finland,FIN,2,3,3,8,Winter,,,,,,,,,
36,1960,Canada,CAN,2,1,1,4,Winter,,,,,,,,,
36,1960,Switzerland,SUI,2,0,0,2,Winter,,,,,,,,,
36,1960,Austria,AUT,1,2,3,6,Winter,,,,,,,,,
36,1960,France,FRA,1,0,2,3,Winter,,,,,,,,,
36,1960,Netherlands,NED,0,1,1,2,Winter,NED,1960.0,,,13282979014.563,1156.38597727767,,73.3926829268293,11486631.0
36,1960,Poland,POL,0,1,1,2,Winter,,,,,,,,,
36,1960,Czechoslovakia,TCH,0,1,0,1,Winter,,,,,,,,,
36,1960,Italy,ITA,0,0,1,1,Winter,,,,,,,,,
37,1964,Soviet Union,URS,11,8,6,25,Winter,URS,1964.0,,,,,,68.3671707317073,125345000.0
37,1964,Austria,AUT,4,5,3,12,Winter,,,,,,,,,
37,1964,Norway,NOR,3,6,6,15,Winter,,,,,,,,,
37,1964,Finland,FIN,3,4,3,10,Winter,,,,,,,,,
37,1964,France,FRA,3,4,0,7,Winter,,,,,,,,,
37,1964,Germany,GER,3,3,3,9,Winter,GER,1964.0,,,123330404665.086,1637.45522773672,,70.4355609756098,75318337.0
37,1964,Sweden,SWE,3,3,1,7,Winter,,,,,,,,,
37,1964,United States,USA,1,2,4,7,Winter,,,,,,,,,
37,1964,Canada,CAN,1,1,1,3,Winter,,,,,,,,,
37,1964,Netherlands,NED,1,1,0,2,Winter,NED,1964.0,,,20232048552.8327,1668.33086114697,,73.7041463414634,12127120.0
37,1964,Great Britain,GBR,1,0,0,1,Winter,,,,,,,,,
37,1964,Italy,ITA,0,1,3,4,Winter,,,,,,,,,
37,1964,Democratic People's Republic of Korea,PRK,0,1,0,1,Winter,,,,,,,,,
37,1964,Czechoslovakia,TCH,0,0,1,1,Winter,,,,,,,,,
38,1968,Norway,NOR,6,6,2,14,Winter,,,,,,,,,
38,1968,Soviet Union,URS,5,5,3,13,Winter,URS,1968.0,,,,,,67.4893658536586,128928000.0
38,1968,France,FRA,4,3,2,9,Winter,,,,,,,,,
38,1968,Italy,ITA,4,0,0,4,Winter,,,,,,,,,
38,1968,Austria,AUT,3,4,4,11,Winter,,,,,,,,,
38,1968,Netherlands,NED,3,3,3,9,Winter,NED,1968.0,,,30097635750.982,2364.3594192663,,73.6126829268293,12729721.0
38,1968,Sweden,SWE,3,2,3,8,Winter,,,,,,,,,
38,1968,West Germany,FRG,2,2,3,7,Winter,,,,,,,,,
38,1968,United States,USA,1,5,1,7,Winter,,,,,,,,,
38,1968,East Germany,GDR,1,2,2,5,Winter,,,,,,,,,
38,1968,Finland,FIN,1,2,2,5,Winter,,,,,,,,,
38,1968,Czechoslovakia,TCH,1,2,1,4,Winter,,,,,,,,,
38,1968,Canada,CAN,1,1,1,3,Winter,,,,,,,,,
38,1968,Switzerland,SUI,0,2,4,6,Winter,,,,,,,,,
38,1968,Romania,ROU,0,0,1,1,Winter,,,,,,,,,
39,1972,Soviet Union,URS,8,5,3,16,Winter,URS,1972.0,,,,,,68.3085365853659,131909000.0
39,1972,East Germany,GDR,4,3,7,14,Winter,,,,,,,,,
39,1972,Switzerland,SUI,4,3,3,10,Winter,,,,,,,,,
39,1972,Netherlands,NED,4,3,2,9,Winter,NED,1972.0,3157787419.66493,,54787070173.0294,4110.49164551948,,73.7270731707317,13328593.0
39,1972,United States,USA,3,2,3,8,Winter,,,,,,,,,
39,1972,West Germany,FRG,3,1,1,5,Winter,,,,,,,,,
39,1972,Norway,NOR,2,5,5,12,Winter,,,,,,,,,
39,1972,Italy,ITA,2,2,1,5,Winter,,,,,,,,,
39,1972,Austria,AUT,1,2,2,5,Winter,,,,,,,,,
39,1972,Sweden,SWE,1,1,2,4,Winter,,,,,,,,,
39,1972,Japan,JPN,1,1,1,3,Winter,,,,,,,,,
39,1972,Czechoslovakia,TCH,1,0,2,3,Winter,,,,,,,,,
39,1972,Poland,POL,1,0,0,1,Winter,,,,,,,,,
39,1972,Spain,ESP,1,0,0,1,Winter,,,,,,,,,
39,1972,Finland,FIN,0,4,1,5,Winter,,,,,,,,,
39,1972,France,FRA,0,1,2,3,Winter,,,,,,,,,
39,1972,Canada,CAN,0,1,0,1,Winter,,,,,,,,,
40,1976,Soviet Union,URS,13,6,8,27,Winter,URS,1976.0,,,,,,67.4875609756098,135147000.0
40,1976,East Germany,GDR,7,5,7,19,Winter,,,,,,,,,
40,1976,United States,USA,3,3,4,10,Winter,,,,,,,,,
40,1976,Norway,NOR,3,3,1,7,Winter,,,,,,,,,
40,1976,West Germany,FRG,2,5,3,10,Winter,,,,,,,,,
40,1976,Finland,FIN,2,4,1,7,Winter,,,,,,,,,
40,1976,Austria,AUT,2,2,2,6,Winter,,,,,,,,,
40,1976,Switzerland,SUI,1,3,1,5,Winter,,,,,,,,,
40,1976,Netherlands,NED,1,2,3,6,Winter,NED,1976.0,6514831655.27586,,109329386564.427,7937.35246713998,,74.6470731707317,13774037.0
40,1976,Italy,ITA,1,2,1,4,Winter,,,,,,,,,
40,1976,Canada,CAN,1,1,1,3,Winter,,,,,,,,,
40,1976,Great Britain,GBR,1,0,0,1,Winter,,,,,,,,,
40,1976,Czechoslovakia,TCH,0,1,0,1,Winter,,,,,,,,,
40,1976,Liechtenstein,LIE,0,0,2,2,Winter,,,,,,,,,
40,1976,Sweden,SWE,0,0,2,2,Winter,,,,,,,,,
40,1976,France,FRA,0,0,1,1,Winter,,,,,,,,,
41,1980,Soviet Union,URS,10,6,6,22,Winter,URS,1980.0,,,,,,67.0339024390244,139010000.0
41,1980,East Germany,GDR,9,7,7,23,Winter,,,,,,,,,
41,1980,United States,USA,6,4,2,12,Winter,,,,,,,,,
41,1980,Austria,AUT,3,2,2,7,Winter,,,,,,,,,
41,1980,Sweden,SWE,3,0,1,4,Winter,,,,,,,,,
41,1980,Liechtenstein,LIE,2,2,0,4,Winter,,,,,,,,,
41,1980,Finland,FIN,1,5,3,9,Winter,,,,,,,,,
41,1980,Norway,NOR,1,3,6,10,Winter,,,,,,,,,
41,1980,Netherlands,NED,1,2,1,4,Winter,NED,1980.0,11181154883.6178,,195439301706.939,13812.1600098191,,75.7431707317073,14149800.0
41,1980,Switzerland,SUI,1,1,3,5,Winter,,,,,,,,,
41,1980,Great Britain,GBR,1,0,0,1,Winter,,,,,,,,,
41,1980,West Germany,FRG,0,2,3,5,Winter,,,,,,,,,
41,1980,Italy,ITA,0,2,0,2,Winter,,,,,,,,,
41,1980,Canada,CAN,0,1,1,2,Winter,,,,,,,,,
41,1980,Hungary,HUN,0,1,0,1,Winter,,,,,,,,,
41,1980,Japan,JPN,0,1,0,1,Winter,,,,,,,,,
41,1980,Bulgaria,BUL,0,0,1,1,Winter,BUL,1980.0,663860461.538462,,19839230769.2308,2238.80295786574,,71.1575609756098,8861535.0
41,1980,Czechoslovakia,TCH,0,0,1,1,Winter,,,,,,,,,
41,1980,France,FRA,0,0,1,1,Winter,,,,,,,,,
42,1984,East Germany,GDR,9,9,6,24,Winter,,,,,,,,,
42,1984,Soviet Union,URS,6,10,9,25,Winter,URS,1984.0,,,,,,67.2026829268293,142745000.0
42,1984,United States,USA,4,4,0,8,Winter,,,,,,,,,
42,1984,Finland,FIN,4,3,6,13,Winter,,,,,,,,,
42,1984,Sweden,SWE,4,2,2,8,Winter,,,,,,,,,
42,1984,Norway,NOR,3,2,4,9,Winter,,,,,,,,,
42,1984,Switzerland,SUI,2,2,1,5,Winter,,,,,,,,,
42,1984,Canada,CAN,2,1,1,4,Winter,,,,,,,,,
42,1984,West Germany,FRG,2,1,1,4,Winter,,,,,,,,,
42,1984,Italy,ITA,2,0,0,2,Winter,,,,,,,,,
42,1984,Great Britain,GBR,1,0,0,1,Winter,,,,,,,,,
42,1984,Czechoslovakia,TCH,0,2,4,6,Winter,,,,,,,,,
42,1984,France,FRA,0,1,2,3,Winter,,,,,,,,,
42,1984,Japan,JPN,0,1,0,1,Winter,,,,,,,,,
42,1984,Yugoslavia,YUG,0,1,0,1,Winter,,,,,,,,,
42,1984,Liechtenstein,LIE,0,0,2,2,Winter,,,,,,,,,
42,1984,Austria,AUT,0,0,1,1,Winter,,,,,,,,,
43,1988,Soviet Union,URS,11,9,9,29,Winter,URS,1988.0,21702657807.309,,554828660436.137,3778.01977539063,,69.4643902439024,146857000.0
43,1988,East Germany,GDR,9,10,6,25,Winter,,,,,,,,,
43,1988,Switzerland,SUI,5,5,5,15,Winter,,,,,,,,,
43,1988,Finland,FIN,4,1,2,7,Winter,,,,,,,,,
43,1988,Sweden,SWE,4,0,2,6,Winter,,,,,,,,,
43,1988,Austria,AUT,3,5,2,10,Winter,,,,,,,,,
43,1988,Netherlands,NED,3,2,2,7,Winter,NED,1988.0,13664293595.7186,,262295966105.474,17770.6162376388,,76.890243902439,14760094.0
43,1988,West Germany,FRG,2,4,2,8,Winter,,,,,,,,,
43,1988,United States,USA,2,1,3,6,Winter,,,,,,,,,
43,1988,Italy,ITA,2,1,2,5,Winter,,,,,,,,,
43,1988,France,FRA,1,0,1,2,Winter,,,,,,,,,
43,1988,Norway,NOR,0,3,2,5,Winter,,,,,,,,,
43,1988,Canada,CAN,0,2,3,5,Winter,,,,,,,,,
43,1988,Yugoslavia,YUG,0,2,1,3,Winter,,,,,,,,,
43,1988,Czechoslovakia,TCH,0,1,2,3,Winter,,,,,,,,,
43,1988,Japan,JPN,0,0,1,1,Winter,,,,,,,,,
43,1988,Liechtenstein,LIE,0,0,1,1,Winter,,,,,,,,,
44,1992,Germany,GER,10,10,6,26,Winter,GER,1992.0,87655717863.494,,2141377582968.07,26559.8543879632,,75.819512195122,80624598.0
44,1992,Unified Team,EUN,9,6,8,23,Winter,,,,,,,,,
44,1992,Norway,NOR,9,6,5,20,Winter,,,,,,,,,
44,1992,Austria,AUT,6,7,8,21,Winter,,,,,,,,,
44,1992,United States,USA,5,4,2,11,Winter,,,,,,,,,
44,1992,Italy,ITA,4,6,4,14,Winter,,,,,,,,,
44,1992,France,FRA,3,5,1,9,Winter,,,,,,,,,
44,1992,Finland,FIN,3,1,3,7,Winter,,,,,,,,,
44,1992,Canada,CAN,2,3,2,7,Winter,,,,,,,,,
44,1992,Republic of Korea,KOR,2,1,1,4,Winter,,,,,,,,,
44,1992,Japan,JPN,1,2,4,7,Winter,,,,,,,,,
44,1992,Netherlands,NED,1,1,2,4,Winter,NED,1992.0,18974011623.2521,,363497050125.313,23939.2173482108,,77.2170731707317,15184166.0
44,1992,Sweden,SWE,1,0,3,4,Winter,,,,,,,,,
44,1992,Switzerland,SUI,1,0,2,3,Winter,,,,,,,,,
44,1992,People's Republic of China,CHN,0,3,0,3,Winter,,,,,,,,,
44,1992,Luxembourg,LUX,0,2,0,2,Winter,,,,,,,,,
44,1992,New Zealand,NZL,0,1,0,1,Winter,,,,,,,,,
44,1992,Czechoslovakia,TCH,0,0,3,3,Winter,,,,,,,,,
44,1992,Democratic People's Republic of Korea,PRK,0,0,1,1,Winter,,,,,,,,,
44,1992,Spain,ESP,0,0,1,1,Winter,,,,,,,,,
45,1994,Russian Federation,RUS,11,8,4,23,Winter,,,,,,,,,
45,1994,Norway,NOR,10,11,5,26,Winter,,,,,,,,,
45,1994,Germany,GER,9,7,8,24,Winter,GER,1994.0,90385268953.8389,,2215282632276.73,27201.9593555204,,76.2707317073171,81438348.0
45,1994,Italy,ITA,7,5,8,20,Winter,,,,,,,,,
45,1994,United States,USA,6,5,2,13,Winter,,,,,,,,,
45,1994,Republic of Korea,KOR,4,1,1,6,Winter,,,,,,,,,
45,1994,Canada,CAN,3,6,4,13,Winter,,,,,,,,,
45,1994,Switzerland,SUI,3,4,2,9,Winter,,,,,,,,,
45,1994,Austria,AUT,2,3,4,9,Winter,,,,,,,,,
45,1994,Sweden,SWE,2,1,0,3,Winter,,,,,,,,,
45,1994,Japan,JPN,1,2,2,5,Winter,,,,,,,,,
45,1994,Kazakhstan,KAZ,1,2,0,3,Winter,,,,,,,,,
45,1994,Ukraine,UKR,1,0,1,2,Winter,,,,,,,,,
45,1994,Uzbekistan,UZB,1,0,0,1,Winter,,,,,,,,,
45,1994,Belarus,BLR,0,2,0,2,Winter,,,,,,,,,
45,1994,Finland,FIN,0,1,5,6,Winter,,,,,,,,,
45,1994,France,FRA,0,1,4,5,Winter,,,,,,,,,
45,1994,Netherlands,NED,0,1,3,4,Winter,NED,1994.0,17947520000.0,,379688232231.505,24682.5866742863,,77.3751219512195,15382838.0
45,1994,People's Republic of China,CHN,0,1,2,3,Winter,,,,,,,,,
45,1994,Slovenia,SLO,0,0,3,3,Winter,SLO,1994.0,,,16400767069.6294,8243.89895545106,,73.4048780487805,1989443.0
45,1994,Great Britain,GBR,0,0,2,2,Winter,,,,,,,,,
45,1994,Australia,AUS,0,0,1,1,Winter,,,,,,,,,
46,1998,Germany,GER,12,9,8,29,Winter,GER,1998.0,90909005203.5213,,2247760364565.97,27395.9440608051,,77.4756097560976,82047195.0
46,1998,Norway,NOR,10,10,5,25,Winter,,,,,,,,,
46,1998,Russian Federation,RUS,9,6,3,18,Winter,,,,,,,,,
46,1998,Canada,CAN,6,5,4,15,Winter,,,,,,,,,
46,1998,United States,USA,6,3,4,13,Winter,,,,,,,,,
46,1998,Netherlands,NED,5,4,2,11,Winter,NED,1998.0,18577148826.4027,,438612530548.767,27924.281808994,,77.8829268292683,15707209.0
46,1998,Japan,JPN,5,1,4,10,Winter,,,,,,,,,
46,1998,Austria,AUT,3,5,9,17,Winter,,,,,,,,,
46,1998,Republic of Korea,KOR,3,1,2,6,Winter,,,,,,,,,
46,1998,Italy,ITA,2,6,2,10,Winter,,,,,,,,,
46,1998,Finland,FIN,2,4,6,12,Winter,,,,,,,,,
46,1998,Switzerland,SUI,2,2,3,7,Winter,,,,,,,,,
46,1998,France,FRA,2,1,5,8,Winter,,,,,,,,,
46,1998,Czechia,CZE,1,1,1,3,Winter,,,,,,,,,
46,1998,Bulgaria,BUL,1,0,0,1,Winter,BUL,1998.0,442416051.465576,,15031055046.7575,1820.44866449942,,71.0609756097561,8256786.0
46,1998,People's Republic of China,CHN,0,6,2,8,Winter,,,,,,,,,
46,1998,Sweden,SWE,0,2,1,3,Winter,,,,,,,,,
46,1998,Denmark,DEN,0,1,0,1,Winter,DEN,1998.0,13515065977.1369,,176877077513.133,33346.4884298957,,76.1390243902439,5304219.0
46,1998,Ukraine,UKR,0,1,0,1,Winter,,,,,,,,,
46,1998,Belarus,BLR,0,0,2,2,Winter,,,,,,,,,
46,1998,Kazakhstan,KAZ,0,0,2,2,Winter,,,,,,,,,
46,1998,Australia,AUS,0,0,1,1,Winter,,,,,,,,,
46,1998,Belgium,BEL,0,0,1,1,Winter,,,,,,,,,
46,1998,Great Britain,GBR,0,0,1,1,Winter,,,,,,,,,
47,2002,Norway,NOR,13,5,7,25,Winter,,,,,,,,,
47,2002,Germany,GER,12,16,8,36,Winter,GER,2002.0,84351151916.2194,2567.50292969,2102350798305.89,25486.5942008748,,78.2292682926829,82488495.0
47,2002,United States,USA,10,13,11,34,Winter,,,,,,,,,
47,2002,Canada,CAN,7,3,7,17,Winter,,,,,,,,,
47,2002,Russian Federation,RUS,5,4,4,13,Winter,,,,,,,,,
47,2002,France,FRA,4,5,2,11,Winter,,,,,,,,,
47,2002,Italy,ITA,4,4,5,13,Winter,,,,,,,,,
47,2002,Finland,FIN,4,2,1,7,Winter,,,,,,,,,
47,2002,Netherlands,NED,3,5,0,8,Winter,NED,2002.0,19756886934.5896,2545.0,475529972122.746,29446.5330872868,,78.2926829268293,16148929.0
47,2002,Austria,AUT,3,4,10,17,Winter,,,,,,,,,
47,2002,Switzerland,SUI,3,2,6,11,Winter,,,,,,,,,
47,2002,Croatia,CRO,3,1,0,4,Winter,CRO,2002.0,929282589.187521,386.0,26757722428.6781,6219.58164143945,,74.7173170731707,4302174.0
47,2002,People's Republic of China,CHN,2,2,4,8,Winter,,,,,,,,,
47,2002,Republic of Korea,KOR,2,2,0,4,Winter,,,,,,,,,
47,2002,Australia,AUS,2,0,0,2,Winter,,,,,,,,,
47,2002,Czechia,CZE,1,2,0,3,Winter,,,,,,,,,
47,2002,Estonia,EST,1,1,1,3,Winter,,,,,,,,,
47,2002,Great Britain,GBR,1,0,1,2,Winter,,,,,,,,,
47,2002,Sweden,SWE,0,2,5,7,Winter,,,,,,,,,
47,2002,Bulgaria,BUL,0,1,2,3,Winter,BUL,2002.0,534208450.577756,148.0,16403043849.8297,2092.98288625558,,71.8658536585366,7837161.0
47,2002,Japan,JPN,0,1,1,2,Winter,,,,,,,,,
47,2002,Poland,POL,0,1,1,2,Winter,,,,,,,,,
47,2002,Belarus,BLR,0,0,1,1,Winter,,,,,,,,,
47,2002,Slovenia,SLO,0,0,1,1,Winter,SLO,2002.0,1219744753.8266,945.0,23214593516.2095,11639.1297780477,,76.0073170731707,1994530.0
49,2006,Germany,GER,11,12,6,29,Winter,GER,2006.0,125468553610.194,3698.04370117,3046308753670.58,36980.3349948954,,79.1317073170732,82376451.0
49,2006,United States,USA,9,9,7,25,Winter,,,,,,,,,
49,2006,Austria,AUT,9,7,7,23,Winter,,,,,,,,,
49,2006,Russian Federation,RUS,8,6,8,22,Winter,,,,,,,,,
49,2006,Canada,CAN,7,10,7,24,Winter,,,,,,,,,
49,2006,Sweden,SWE,7,2,5,14,Winter,,,,,,,,,
49,2006,Republic of Korea,KOR,6,3,2,11,Winter,,,,,,,,,
49,2006,Switzerland,SUI,5,4,5,14,Winter,,,,,,,,,
49,2006,Italy,ITA,5,0,6,11,Winter,,,,,,,,,
49,2006,France,FRA,3,2,4,9,Winter,,,,,,,,,
49,2006,Netherlands,NED,3,2,4,9,Winter,NED,2006.0,31974339661.4787,4080.0,737593995289.411,45123.5432406426,,79.6975609756098,16346101.0
49,2006,Estonia,EST,3,0,0,3,Winter,,,,,,,,,
49,2006,Norway,NOR,2,8,9,19,Winter,,,,,,,,,
49,2006,People's Republic of China,CHN,2,4,5,11,Winter,,,,,,,,,
49,2006,Czechia,CZE,1,2,1,4,Winter,,,,,,,,,
49,2006,Croatia,CRO,1,2,0,3,Winter,CRO,2006.0,1873581483.15679,816.0,49590197656.5482,11502.753124287,,75.8368292682927,4311159.0
49,2006,Australia,AUS,1,0,1,2,Winter,,,,,,,,,
49,2006,Japan,JPN,1,0,0,1,Winter,,,,,,,,,
49,2006,Finland,FIN,0,6,3,9,Winter,,,,,,,,,
49,2006,Poland,POL,0,1,1,2,Winter,,,,,,,,,
49,2006,Belarus,BLR,0,1,0,1,Winter,,,,,,,,,
49,2006,Bulgaria,BUL,0,1,0,1,Winter,BUL,2006.0,1277445060.41173,294.0,34380536495.6739,4523.1465578805,,72.6121951219512,7601022.0
49,2006,Great Britain,GBR,0,1,0,1,Winter,,,,,,,,,
49,2006,Slovakia,SVK,0,1,0,1,Winter,,,,,,,,,
49,2006,Ukraine,UKR,0,0,2,2,Winter,,,,,,,,,
49,2006,Latvia,LAT,0,0,1,1,Winter,LAT,2006.0,883997986.692818,552.0,20434922247.3037,9211.7374468148,,70.8658536585366,2218357.0
57,2010,Canada,CAN,14,7,5,26,Winter,,,,,,,,,
57,2010,Germany,GER,10,13,7,30,Winter,GER,2010.0,162295973673.6,4611.421875,3468154343000.01,42409.9356994694,0.760740280151367,79.9878048780488,81776930.0
57,2010,United States,USA,9,15,13,37,Winter,,,,,,,,,
57,2010,Norway,NOR,9,8,6,23,Winter,,,,,,,,,
57,2010,Republic of Korea,KOR,6,6,2,14,Winter,,,,,,,,,
57,2010,Switzerland,SUI,6,0,3,9,Winter,,,,,,,,,
57,2010,People's Republic of China,CHN,5,2,4,11,Winter,,,,,,,,,
57,2010,Sweden,SWE,5,2,4,11,Winter,,,,,,,,,
57,2010,Austria,AUT,4,6,6,16,Winter,,,,,,,,,
57,2010,Netherlands,NED,4,1,3,8,Winter,NED,2010.0,40987317417.932,5192.0,852464982433.335,51305.7338533973,0.797099113464355,80.7024390243902,16615394.0
57,2010,Russian Federation,RUS,3,5,7,15,Winter,,,,,,,,,
57,2010,France,FRA,2,3,6,11,Winter,,,,,,,,,
57,2010,Australia,AUS,2,1,0,3,Winter,,,,,,,,,
57,2010,Czechia,CZE,2,0,4,6,Winter,,,,,,,,,
57,2010,Poland,POL,1,3,2,6,Winter,,,,,,,,,
57,2010,Italy,ITA,1,1,3,5,Winter,,,,,,,,,
57,2010,Belarus,BLR,1,1,1,3,Winter,,,,,,,,,
57,2010,Slovakia,SVK,1,1,1,3,Winter,,,,,,,,,
57,2010,Great Britain,GBR,1,0,0,1,Winter,,,,,,,,,
57,2010,Japan,JPN,0,3,2,5,Winter,,,,,,,,,
57,2010,Croatia,CRO,0,2,1,3,Winter,CRO,2010.0,2392275791.32972,1126.0,58981738868.753,13731.2865213989,0.693299353122711,76.4756097560976,4295427.0
57,2010,Slovenia,SLO,0,2,1,3,Winter,SLO,2010.0,2502162568.33267,2017.0,47793117240.9001,23329.8417691156,0.752130031585693,79.4219512195122,2048583.0
57,2010,Latvia,LAT,0,2,0,2,Winter,LAT,2010.0,1054060487.79506,689.0,23468324572.3343,11188.4191700977,0.676458120346069,73.4829268292683,2097555.0
57,2010,Finland,FIN,0,1,4,5,Winter,,,,,,,,,
57,2010,Estonia,EST,0,1,0,1,Winter,,,,,,,,,
57,2010,Kazakhstan,KAZ,0,1,0,1,Winter,,,,,,,,,
58,2014,Norway,NOR,11,6,9,26,Winter,,,,,,,,,
58,2014,Russian Federation,RUS,10,10,9,29,Winter,,,,,,,,,
58,2014,Canada,CAN,10,10,5,25,Winter,,,,,,,,,
58,2014,United States,USA,9,9,10,28,Winter,,,,,,,,,
58,2014,Netherlands,NED,8,7,9,24,Winter,NED,2014.0,42832852657.8448,5602.0,901556501756.467,53457.2234864322,,81.7073170731707,16865008.0
58,2014,Germany,GER,8,6,5,19,Winter,GER,2014.0,177782813657.86,5309.15478516,3965800686309.79,48971.0824722599,,81.090243902439,80982500.0
58,2014,Switzerland,SUI,7,2,2,11,Winter,,,,,,,,,
58,2014,Belarus,BLR,5,0,1,6,Winter,,,,,,,,,
58,2014,Austria,AUT,4,8,5,17,Winter,,,,,,,,,
58,2014,France,FRA,4,4,7,15,Winter,,,,,,,,,
58,2014,Poland,POL,4,1,1,6,Winter,,,,,,,,,
58,2014,People's Republic of China,CHN,3,4,2,9,Winter,,,,,,,,,
58,2014,Republic of Korea,KOR,3,3,2,8,Winter,,,,,,,,,
58,2014,Sweden,SWE,2,7,6,15,Winter,,,,,,,,,
58,2014,Czechia,CZE,2,4,3,9,Winter,,,,,,,,,
58,2014,Slovenia,SLO,2,2,4,8,Winter,SLO,2014.0,2312378706.19284,2062.0,49514466379.6057,24013.0682060959,,81.0780487804878,2061980.0
58,2014,Japan,JPN,1,4,3,8,Winter,,,,,,,,,
58,2014,Finland,FIN,1,3,1,5,Winter,,,,,,,,,
58,2014,Great Britain,GBR,1,1,3,5,Winter,,,,,,,,,
58,2014,Latvia,LAT,1,1,3,5,Winter,LAT,2014.0,1360141892.67723,857.0,30277203767.4058,15185.814581236,,74.1243902439024,1993782.0
58,2014,Ukraine,UKR,1,0,1,2,Winter,,,,,,,,,
58,2014,Slovakia,SVK,1,0,0,1,Winter,,,,,,,,,
58,2014,Italy,ITA,0,2,6,8,Winter,,,,,,,,,
58,2014,Australia,AUS,0,2,1,3,Winter,,,,,,,,,
58,2014,Croatia,CRO,0,1,0,1,Winter,CRO,2014.0,2781627379.06416,909.0,59612144078.4133,14187.9694531493,,77.4780487804878,4201598.0
58,2014,Kazakhstan,KAZ,0,0,1,1,Winter,,,,,,,,,
60,2018,Norway,NOR,14,14,11,39,Winter,,,,,,,,,
60,2018,Germany,GER,14,10,7,31,Winter,GER,2018.0,182896971900.984,5511.21435547,4052008447223.53,48874.8595028454,0.763772785663605,80.8926829268293,82905782.0
60,2018,Canada,CAN,11,8,10,29,Winter,,,,,,,,,
60,2018,United States,USA,9,8,6,23,Winter,,,,,,,,,
60,2018,Netherlands,NED,8,6,6,20,Winter,NED,2018.0,43771287086.8955,5331.0,929733599796.862,53955.0770024266,0.803038597106934,81.8121951219512,17231624.0
60,2018,Sweden,SWE,7,6,1,14,Winter,,,,,,,,,
60,2018,Republic of Korea,KOR,5,8,4,17,Winter,,,,,,,,,
60,2018,Switzerland,SUI,5,6,4,15,Winter,,,,,,,,,
60,2018,France,FRA,5,4,6,15,Winter,,,,,,,,,
60,2018,Austria,AUT,5,3,6,14,Winter,,,,,,,,,
60,2018,Japan,JPN,4,5,4,13,Winter,,,,,,,,,
60,2018,Italy,ITA,3,2,5,10,Winter,,,,,,,,,
60,2018,ROC,ROC,2,6,9,17,Winter,,,,,,,,,
60,2018,Czechia,CZE,2,2,3,7,Winter,,,,,,,,,
60,2018,Belarus,BLR,2,1,0,3,Winter,,,,,,,,,
60,2018,People's Republic of China,CHN,1,6,2,9,Winter,,,,,,,,,
60,2018,Slovakia,SVK,1,2,0,3,Winter,,,,,,,,,
60,2018,Finland,FIN,1,1,4,6,Winter,,,,,,,,,
60,2018,Great Britain,GBR,1,0,4,5,Winter,,,,,,,,,
60,2018,Poland,POL,1,0,1,2,Winter,,,,,,,,,
60,2018,Hungary,HUN,1,0,0,1,Winter,,,,,,,,,
60,2018,Ukraine,UKR,1,0,0,1,Winter,,,,,,,,,
60,2018,Australia,AUS,0,2,1,3,Winter,,,,,,,,,
60,2018,Slovenia,SLO,0,1,1,2,Winter,SLO,2018.0,2451471135.13292,2170.0,53689067639.9176,25888.0481065655,0.7886883020401,81.3780487804878,2073894.0
60,2018,Belgium,BEL,0,1,0,1,Winter,,,,,,,,,
60,2018,New Zealand,NZL,0,0,2,2,Winter,,,,,,,,,
60,2018,Spain,ESP,0,0,2,2,Winter,,,,,,,,,
60,2018,Kazakhstan,KAZ,0,0,1,1,Winter,,,,,,,,,
60,2018,Latvia,LAT,0,0,1,1,Winter,LAT,2018.0,1235090745.025,1101.0,33247935477.3576,17252.1710428626,0.738353431224823,74.7829268292683,1927174.0
60,2018,Liechtenstein,LIE,0,0,1,1,Winter,,,,,,,,,
62,2022,Norway,NOR,16,8,13,37,Winter,,,,,,,,,
62,2022,Germany,GER,12,10,5,27,Winter,GER,2022.0,,6191.03515625,4163596357879.39,49686.1154582583,,80.7056097560976,83797985.0
62,2022,People's Republic of China,CHN,9,4,2,15,Winter,,,,,,,,,
62,2022,United States,USA,8,10,7,25,Winter,,,,,,,,,
62,2022,Sweden,SWE,8,5,5,18,Winter,,,,,,,,,
62,2022,Netherlands,NED,8,5,4,17,Winter,NED,2022.0,,,1046540797548.64,59123.318556487,,81.7146341463415,17700982.0
62,2022,Austria,AUT,7,7,4,18,Winter,,,,,,,,,
62,2022,Switzerland,SUI,7,2,6,15,Winter,,,,,,,,,
62,2022,ROC,ROC,6,12,14,32,Winter,,,,,,,,,
62,2022,France,FRA,5,7,2,14,Winter,,,,,,,,,
62,2022,Canada,CAN,4,8,14,26,Winter,,,,,,,,,
62,2022,Japan,JPN,3,6,9,18,Winter,,,,,,,,,
62,2022,Italy,ITA,2,7,8,17,Winter,,,,,,,,,
62,2022,Republic of Korea,KOR,2,5,2,9,Winter,,,,,,,,,
62,2022,Slovenia,SLO,2,3,2,7,Winter,SLO,2022.0,,2608.0,59927702746.2843,28373.8382265999,,81.2829268292683,2112076.0
62,2022,Finland,FIN,2,2,4,8,Winter,,,,,,,,,
62,2022,New Zealand,NZL,2,1,0,3,Winter,,,,,,,,,
62,2022,Australia,AUS,1,2,1,4,Winter,,,,,,,,,
62,2022,Great Britain,GBR,1,1,0,2,Winter,,,,,,,,,
62,2022,Hungary,HUN,1,0,2,3,Winter,,,,,,,,,
62,2022,Belgium,BEL,1,0,1,2,Winter,,,,,,,,,
62,2022,Czechia,CZE,1,0,1,2,Winter,,,,,,,,,
62,2022,Slovakia,SVK,1,0,1,2,Winter,,,,,,,,,
62,2022,Belarus,BLR,0,2,0,2,Winter,,,,,,,,,
62,2022,Spain,ESP,0,1,0,1,Winter,,,,,,,,,
62,2022,Ukraine,UKR,0,1,0,1,Winter,,,,,,,,,
62,2022,Estonia,EST,0,0,1,1,Winter,,,,,,,,,
62,2022,Latvia,LAT,0,0,1,1,Winter,LAT,2022.0,,,38018905782.397,20229.4613617326,,74.580487804878,1879383.0
62,2022,Poland,POL,0,0,1,1,Winter,,,,,,,,,
48,1956,Sweden,SWE,3,0,0,3,Equestrian,,,,,,,,,
48,1956,Germany,GER,2,3,1,6,Equestrian,,,,,,,,,
48,1956,Great Britain,GBR,1,0,2,3,Equestrian,,,,,,,,,
48,1956,Italy,ITA,0,2,1,3,Equestrian,,,,,,,,,
48,1956,Denmark,DEN,0,1,0,1,Equestrian,,,,,,,,,
48,1956,Canada,CAN,0,0,1,1,Equestrian,,,,,,,,,
48,1956,Switzerland,SUI,0,0,1,1,Equestrian,,,,,,,,,
4,1906,France,FRA,15,9,16,40,Intercalated,,,,,,,,,
4,1906,United States,USA,12,6,6,24,Intercalated,,,,,,,,,
4,1906,Greece,GRE,8,14,13,35,Intercalated,,,,,,,,,
4,1906,Great Britain,GBR,8,11,5,24,Intercalated,,,,,,,,,
4,1906,Italy,ITA,7,6,3,16,Intercalated,,,,,,,,,
4,1906,Germany,GER,4,6,5,15,Intercalated,,,,,,,,,
4,1906,Switzerland,SUI,4,3,1,8,Intercalated,,,,,,,,,
4,1906,Austria,AUT,3,3,3,9,Intercalated,,,,,,,,,
4,1906,Denmark,DEN,3,2,1,6,Intercalated,,,,,,,,,
4,1906,Sweden,SWE,2,5,7,14,Intercalated,,,,,,,,,
4,1906,Hungary,HUN,2,5,3,10,Intercalated,,,,,,,,,
4,1906,Belgium,BEL,2,2,3,7,Intercalated,,,,,,,,,
4,1906,Finland,FIN,2,1,1,4,Intercalated,,,,,,,,,
4,1906,Canada,CAN,1,1,0,2,Intercalated,,,,,,,,,
4,1906,Norway,NOR,1,1,0,2,Intercalated,,,,,,,,,
4,1906,Netherlands,NED,0,1,2,3,Intercalated,,,,,,,,,
4,1906,Australia,AUS,0,0,3,3,Intercalated,,,,,,,,,
4,1906,Bohemia,BOH,0,0,2,2,Intercalated,,,,,,,,,
